-- Generated by Craft v2.6.2789 on Jun 8, 2016, 1:15:08 PM.

--
-- Disable foreign key checks and autocommit.
--

SET FOREIGN_KEY_CHECKS = 0;
SET SQL_MODE = "NO_AUTO_VALUE_ON_ZERO";
SET AUTOCOMMIT = 0;
SET NAMES utf8;


DROP TABLE IF EXISTS `craft_assetfiles`;


--
-- Schema for table `craft_assetfiles`
--
CREATE TABLE `craft_assetfiles` (
  `id` int(11) NOT NULL,
  `sourceId` int(11) DEFAULT NULL,
  `folderId` int(11) NOT NULL,
  `filename` varchar(255) COLLATE utf8_unicode_ci NOT NULL,
  `kind` varchar(50) COLLATE utf8_unicode_ci NOT NULL DEFAULT 'unknown',
  `width` int(11) unsigned DEFAULT NULL,
  `height` int(11) unsigned DEFAULT NULL,
  `size` bigint(20) unsigned DEFAULT NULL,
  `dateModified` datetime DEFAULT NULL,
  `dateCreated` datetime NOT NULL,
  `dateUpdated` datetime NOT NULL,
  `uid` char(36) COLLATE utf8_unicode_ci NOT NULL DEFAULT '0',
  PRIMARY KEY (`id`),
  UNIQUE KEY `craft_assetfiles_filename_folderId_unq_idx` (`filename`,`folderId`),
  KEY `craft_assetfiles_sourceId_fk` (`sourceId`),
  KEY `craft_assetfiles_folderId_fk` (`folderId`)
) ENGINE=InnoDB DEFAULT CHARSET=utf8 COLLATE=utf8_unicode_ci;

--
-- Data for table `craft_assetfiles`
--

INSERT INTO `craft_assetfiles` (`id`, `sourceId`, `folderId`, `filename`, `kind`, `width`, `height`, `size`, `dateModified`, `dateCreated`, `dateUpdated`, `uid`) VALUES
 ('6', '2', '2', 'award1.jpg', 'image', '556', '774', '55460', '2016-06-03 06:18:15', '2016-06-03 06:18:15', '2016-06-03 06:18:15', '4b0b54f1-355b-47f9-b541-10c7f8f8c2f6'),
 ('7', '2', '2', 'award2.jpg', 'image', '516', '774', '53080', '2016-06-03 06:18:16', '2016-06-03 06:18:16', '2016-06-03 06:18:16', '920fa554-7cdf-460e-a682-851a54670ef5'),
 ('8', '2', '2', 'award3.jpg', 'image', '498', '746', '20215', '2016-06-03 06:18:16', '2016-06-03 06:18:16', '2016-06-03 06:18:16', '0a79300c-6fb7-444c-9814-44ee863d046d'),
 ('9', '2', '2', 'uju-ifejika-african-business-woman-of-the-year.jpg', 'image', '406', '406', '10021', '2016-06-03 06:21:14', '2016-06-03 06:21:14', '2016-06-03 06:21:14', 'e424e34e-256b-433a-b78d-7f49f8a13d92'),
 ('10', '2', '2', 'uju-ifejika-african-most-outstanding-business-woman-gold-award-of-excelence.jpg', 'image', '406', '406', '10512', '2016-06-03 06:21:14', '2016-06-03 06:21:14', '2016-06-03 06:21:14', '46fe8913-29bc-4c71-83fd-da357926f6ed'),
 ('11', '2', '2', 'uju-ifejika-african-oil-and-gas-amazon-of-the-year-award-2011.jpg', 'image', '406', '406', '9740', '2016-06-03 06:21:15', '2016-06-03 06:21:15', '2016-06-03 06:21:15', 'fac2ee03-9e65-4456-a4b0-4bcb49c6f2da'),
 ('12', '2', '2', 'uju-ifejika-global-business-ambassador.jpg', 'image', '406', '406', '6273', '2016-06-03 06:21:15', '2016-06-03 06:21:15', '2016-06-03 06:21:15', '269ab969-a931-4824-bd80-cb8c5d5ec89f'),
 ('13', '2', '2', 'uju-ifejika-nigeria-50-50-award.jpg', 'image', '406', '406', '8154', '2016-06-03 06:21:15', '2016-06-03 06:21:15', '2016-06-03 06:21:15', 'c6458506-83d7-408b-8b9f-565b53256884'),
 ('14', '2', '2', 'uju-ifejika-this-day-award.jpg', 'image', '406', '406', '10924', '2016-06-03 06:21:15', '2016-06-03 06:21:16', '2016-06-03 06:21:16', 'b12cfdc9-0444-4b2b-9634-3f3a64bfef10'),
 ('15', '3', '3', 'ahmed-akhter-qazi-main.jpg', 'image', '542', '728', '132341', '2016-06-03 06:25:31', '2016-06-03 06:24:10', '2016-06-03 06:25:37', '20cd4647-3b9c-4c22-8113-a769afdfbf33'),
 ('16', '3', '3', 'ahmed-akhter-qazi.jpg', 'image', '454', '556', '53634', '2016-06-03 06:24:10', '2016-06-03 06:24:10', '2016-06-03 06:24:10', '5bff7856-61ae-4264-bb82-1045bfa400ed'),
 ('17', '3', '3', 'catherine-uju-ifejika-main.jpg', 'image', '542', '728', '108025', '2016-06-03 06:25:31', '2016-06-03 06:24:11', '2016-06-03 06:25:38', '4d1a2560-0caf-4f0c-b06b-3b0c10611079'),
 ('18', '3', '3', 'catherine-uju-ifejika.jpg', 'image', '454', '556', '53573', '2016-06-03 06:24:11', '2016-06-03 06:24:11', '2016-06-03 06:24:11', 'fcf7c8d6-b856-4a21-b497-0b797ec2f4b3'),
 ('19', '3', '3', 'chibuzor-steve-nwaogu.jpg', 'image', '454', '556', '49494', '2016-06-03 06:24:11', '2016-06-03 06:24:11', '2016-06-03 06:24:11', '67a64593-e468-4630-883c-e17d4aede667'),
 ('20', '3', '3', 'julius-e-sea.jpg', 'image', '454', '556', '57634', '2016-06-03 06:24:12', '2016-06-03 06:24:12', '2016-06-03 06:24:12', '19346bcb-82be-41ff-9e56-898d193fbc76'),
 ('21', '3', '3', 'nwafor-chukwuemeka.jpg', 'image', '454', '556', '73407', '2016-06-03 06:24:12', '2016-06-03 06:24:12', '2016-06-03 06:24:12', 'faa41ba0-e763-413b-b411-39597e4a87fd'),
 ('22', '3', '3', 'oluremi-odutola.jpg', 'image', '454', '556', '58049', '2016-06-03 06:24:13', '2016-06-03 06:24:13', '2016-06-03 06:24:13', 'c13d4d50-f9a2-4f07-8966-d832665032fe'),
 ('25', '3', '3', 'chibuzor-steve-nwaogu-main.jpg', 'image', '542', '728', '76463', '2016-06-03 06:25:32', '2016-06-03 06:25:32', '2016-06-03 06:25:32', 'f8ab1a1d-be93-4937-b60b-536f7022a765'),
 ('26', '3', '3', 'julius-e-sea-main.jpg', 'image', '542', '728', '82087', '2016-06-03 06:25:32', '2016-06-03 06:25:32', '2016-06-03 06:25:32', '33770d82-23ba-45a4-821c-8200f1c1e76d'),
 ('27', '3', '3', 'nwafor-chukwuemeka-main.jpg', 'image', '542', '728', '130385', '2016-06-03 06:25:33', '2016-06-03 06:25:33', '2016-06-03 06:25:33', 'f451f09e-bff8-4f89-8a0d-79d6304ce7b6'),
 ('28', '3', '3', 'oluremi-odutola-main.jpg', 'image', '542', '728', '91144', '2016-06-03 06:25:33', '2016-06-03 06:25:33', '2016-06-03 06:25:33', '674c1051-1edb-4aa7-ab36-fbc9663bb332'),
 ('45', '1', '1', 'about-video-placeholder.jpg', 'image', '900', '575', '119031', '2016-06-03 11:09:48', '2016-06-03 11:09:48', '2016-06-03 11:09:48', 'de577676-f8e3-4a5f-ab43-5657a85adb14'),
 ('46', '1', '1', 'uju-ifejika-brittania-u-ceo.jpg', 'image', '558', '510', '86291', '2016-06-03 11:10:38', '2016-06-03 11:10:38', '2016-06-03 11:10:38', '80c9c269-5dc3-48d8-86ac-c5532077c88a'),
 ('47', '1', '1', 'the-group.jpg', 'image', '760', '516', '21310', '2016-06-03 11:16:04', '2016-06-03 11:16:04', '2016-06-03 11:16:04', '609f9429-5543-413e-b5ba-aebe7b926498'),
 ('48', '1', '1', 'brittania-u-vision-and-mission.jpg', 'image', '762', '516', '163395', '2016-06-03 11:16:07', '2016-06-03 11:16:07', '2016-06-03 11:16:07', 'c0f08a42-3126-47dc-9878-587b630213ef'),
 ('49', '1', '1', 'strategy-and-leadership.jpg', 'image', '756', '436', '99130', '2016-06-03 11:18:32', '2016-06-03 11:18:32', '2016-06-03 11:18:32', '04fc1709-3b26-417c-892d-165ac20da29a'),
 ('54', '1', '1', 'brittania-u-what-we-do.jpg', 'image', '760', '516', '21409', '2016-06-03 12:42:57', '2016-06-03 12:42:57', '2016-06-03 12:42:57', '6b70f92a-d818-47a5-8293-9d9dcefe4efe'),
 ('55', '1', '1', 'our-people-and-values-thumb.jpg', 'image', '762', '516', '147531', '2016-06-03 12:43:05', '2016-06-03 12:43:05', '2016-06-03 12:43:05', '3af6984c-eb57-42fc-a15f-795c4b14eeea'),
 ('58', '1', '1', 'brittania-u-what-we-do_160603_124833.jpg', 'image', '760', '516', '50710', '2016-06-03 12:48:33', '2016-06-03 12:48:33', '2016-06-03 12:48:33', '9ba9018a-fa26-49b9-9719-6dce1717da69'),
 ('74', '3', '3', 'brittania-u-small.svg', 'image', '1092', '782', '14861', '2016-06-03 18:28:18', '2016-06-03 18:28:18', '2016-06-03 18:28:18', '6cd6bea5-398f-4574-b65f-6e9a85fdb369'),
 ('76', '3', '3', 'brittania-u-drilling.svg', 'image', '1092', '782', '20925', '2016-06-03 18:39:52', '2016-06-03 18:39:52', '2016-06-03 18:39:52', 'dcd4b763-b2fa-45ff-b0a6-d6e87ead9729'),
 ('78', '3', '3', 'dacl.svg', 'image', '1092', '782', '9784', '2016-06-03 18:45:55', '2016-06-03 18:45:55', '2016-06-03 18:45:55', '96f04ed1-50fb-4c8d-aad6-bce9b75f4eff'),
 ('80', '3', '3', 'nexttee.svg', 'image', '1092', '782', '7303', '2016-06-03 18:46:37', '2016-06-03 18:46:37', '2016-06-03 18:46:37', 'ef2cb15b-7422-462f-9411-70fb9fd41cce');



DROP TABLE IF EXISTS `craft_assetfolders`;


--
-- Schema for table `craft_assetfolders`
--
CREATE TABLE `craft_assetfolders` (
  `id` int(11) NOT NULL AUTO_INCREMENT,
  `parentId` int(11) DEFAULT NULL,
  `sourceId` int(11) DEFAULT NULL,
  `name` varchar(255) COLLATE utf8_unicode_ci NOT NULL,
  `path` varchar(255) COLLATE utf8_unicode_ci DEFAULT NULL,
  `dateCreated` datetime NOT NULL,
  `dateUpdated` datetime NOT NULL,
  `uid` char(36) COLLATE utf8_unicode_ci NOT NULL DEFAULT '0',
  PRIMARY KEY (`id`),
  UNIQUE KEY `craft_assetfolders_name_parentId_sourceId_unq_idx` (`name`,`parentId`,`sourceId`),
  KEY `craft_assetfolders_parentId_fk` (`parentId`),
  KEY `craft_assetfolders_sourceId_fk` (`sourceId`)
) ENGINE=InnoDB AUTO_INCREMENT=4 DEFAULT CHARSET=utf8 COLLATE=utf8_unicode_ci;

--
-- Data for table `craft_assetfolders`
--

INSERT INTO `craft_assetfolders` (`id`, `parentId`, `sourceId`, `name`, `path`, `dateCreated`, `dateUpdated`, `uid`) VALUES
 ('1', NULL, '1', 'Images', '', '2016-06-03 05:01:39', '2016-06-03 05:01:39', '1093eade-7985-4890-a893-9f2308df4818'),
 ('2', NULL, '2', 'Awards', '', '2016-06-03 06:10:50', '2016-06-03 06:10:50', '7e54793c-9565-49cb-b195-7fc67e61eb13'),
 ('3', NULL, '3', 'Board Profile', '', '2016-06-03 06:11:15', '2016-06-03 06:11:15', '47fc6ff5-7c8a-46ac-87cc-fb964713173b');



DROP TABLE IF EXISTS `craft_assetindexdata`;


--
-- Schema for table `craft_assetindexdata`
--
CREATE TABLE `craft_assetindexdata` (
  `id` int(11) NOT NULL AUTO_INCREMENT,
  `sessionId` varchar(36) COLLATE utf8_unicode_ci NOT NULL DEFAULT '',
  `sourceId` int(10) NOT NULL,
  `offset` int(10) NOT NULL,
  `uri` varchar(255) COLLATE utf8_unicode_ci DEFAULT NULL,
  `size` varchar(255) COLLATE utf8_unicode_ci DEFAULT NULL,
  `recordId` int(10) DEFAULT NULL,
  `dateCreated` datetime NOT NULL,
  `dateUpdated` datetime NOT NULL,
  `uid` char(36) COLLATE utf8_unicode_ci NOT NULL DEFAULT '0',
  PRIMARY KEY (`id`),
  UNIQUE KEY `craft_assetindexdata_sessionId_sourceId_offset_unq_idx` (`sessionId`,`sourceId`,`offset`),
  KEY `craft_assetindexdata_sourceId_fk` (`sourceId`)
) ENGINE=InnoDB DEFAULT CHARSET=utf8 COLLATE=utf8_unicode_ci;

DROP TABLE IF EXISTS `craft_assetsources`;


--
-- Schema for table `craft_assetsources`
--
CREATE TABLE `craft_assetsources` (
  `id` int(11) NOT NULL AUTO_INCREMENT,
  `name` varchar(255) COLLATE utf8_unicode_ci NOT NULL,
  `handle` varchar(255) COLLATE utf8_unicode_ci NOT NULL,
  `type` varchar(150) COLLATE utf8_unicode_ci NOT NULL,
  `settings` text COLLATE utf8_unicode_ci,
  `sortOrder` smallint(6) unsigned DEFAULT NULL,
  `fieldLayoutId` int(10) DEFAULT NULL,
  `dateCreated` datetime NOT NULL,
  `dateUpdated` datetime NOT NULL,
  `uid` char(36) COLLATE utf8_unicode_ci NOT NULL DEFAULT '0',
  PRIMARY KEY (`id`),
  UNIQUE KEY `craft_assetsources_name_unq_idx` (`name`),
  UNIQUE KEY `craft_assetsources_handle_unq_idx` (`handle`),
  KEY `craft_assetsources_fieldLayoutId_fk` (`fieldLayoutId`)
) ENGINE=InnoDB AUTO_INCREMENT=4 DEFAULT CHARSET=utf8 COLLATE=utf8_unicode_ci;

--
-- Data for table `craft_assetsources`
--

INSERT INTO `craft_assetsources` (`id`, `name`, `handle`, `type`, `settings`, `sortOrder`, `fieldLayoutId`, `dateCreated`, `dateUpdated`, `uid`) VALUES
 ('1', 'Images', 'images', 'Local', '{\"path\":\"assets\\/images\\/\",\"publicURLs\":\"1\",\"url\":\"\\/assets\\/images\\/\"}', '1', '21', '2016-06-03 05:01:39', '2016-06-03 06:15:06', 'f5555a9a-05f2-48f5-afbc-5c8229cb6f67'),
 ('2', 'Awards', 'awards', 'Local', '{\"path\":\"assets\\/images\\/awards\\/\",\"publicURLs\":\"1\",\"url\":\"\\/assets\\/images\\/awards\\/\"}', '2', '34', '2016-06-03 06:10:50', '2016-06-03 06:56:46', 'd9bf6b8b-0220-4d0d-8f37-11c535725c86'),
 ('3', 'Board Profile', 'boardProfile', 'Local', '{\"path\":\"assets\\/images\\/board\\/\",\"publicURLs\":\"1\",\"url\":\"\\/assets\\/images\\/board\\/\"}', '3', '23', '2016-06-03 06:11:15', '2016-06-03 06:15:19', '5589842a-96bf-4115-84d6-dc3901b45bc4');



DROP TABLE IF EXISTS `craft_assettransformindex`;


--
-- Schema for table `craft_assettransformindex`
--
CREATE TABLE `craft_assettransformindex` (
  `id` int(11) NOT NULL AUTO_INCREMENT,
  `fileId` int(11) NOT NULL,
  `filename` varchar(255) COLLATE utf8_unicode_ci DEFAULT NULL,
  `format` varchar(255) COLLATE utf8_unicode_ci DEFAULT NULL,
  `location` varchar(255) COLLATE utf8_unicode_ci NOT NULL,
  `sourceId` int(11) DEFAULT NULL,
  `fileExists` tinyint(1) DEFAULT NULL,
  `inProgress` tinyint(1) DEFAULT NULL,
  `dateIndexed` datetime DEFAULT NULL,
  `dateCreated` datetime NOT NULL,
  `dateUpdated` datetime NOT NULL,
  `uid` char(36) COLLATE utf8_unicode_ci NOT NULL DEFAULT '0',
  PRIMARY KEY (`id`),
  KEY `craft_assettransformindex_sourceId_fileId_location_idx` (`sourceId`,`fileId`,`location`)
) ENGINE=InnoDB DEFAULT CHARSET=utf8 COLLATE=utf8_unicode_ci;

DROP TABLE IF EXISTS `craft_assettransforms`;


--
-- Schema for table `craft_assettransforms`
--
CREATE TABLE `craft_assettransforms` (
  `id` int(11) NOT NULL AUTO_INCREMENT,
  `name` varchar(255) COLLATE utf8_unicode_ci NOT NULL,
  `handle` varchar(255) COLLATE utf8_unicode_ci NOT NULL,
  `mode` enum('stretch','fit','crop') COLLATE utf8_unicode_ci NOT NULL DEFAULT 'crop',
  `position` enum('top-left','top-center','top-right','center-left','center-center','center-right','bottom-left','bottom-center','bottom-right') COLLATE utf8_unicode_ci NOT NULL DEFAULT 'center-center',
  `height` int(10) DEFAULT NULL,
  `width` int(10) DEFAULT NULL,
  `format` varchar(255) COLLATE utf8_unicode_ci DEFAULT NULL,
  `quality` int(10) DEFAULT NULL,
  `dimensionChangeTime` datetime DEFAULT NULL,
  `dateCreated` datetime NOT NULL,
  `dateUpdated` datetime NOT NULL,
  `uid` char(36) COLLATE utf8_unicode_ci NOT NULL DEFAULT '0',
  PRIMARY KEY (`id`),
  UNIQUE KEY `craft_assettransforms_name_unq_idx` (`name`),
  UNIQUE KEY `craft_assettransforms_handle_unq_idx` (`handle`)
) ENGINE=InnoDB DEFAULT CHARSET=utf8 COLLATE=utf8_unicode_ci;

DROP TABLE IF EXISTS `craft_categories`;


--
-- Schema for table `craft_categories`
--
CREATE TABLE `craft_categories` (
  `id` int(11) NOT NULL,
  `groupId` int(11) NOT NULL,
  `dateCreated` datetime NOT NULL,
  `dateUpdated` datetime NOT NULL,
  `uid` char(36) COLLATE utf8_unicode_ci NOT NULL DEFAULT '0',
  PRIMARY KEY (`id`),
  KEY `craft_categories_groupId_fk` (`groupId`)
) ENGINE=InnoDB DEFAULT CHARSET=utf8 COLLATE=utf8_unicode_ci;

DROP TABLE IF EXISTS `craft_categorygroups`;


--
-- Schema for table `craft_categorygroups`
--
CREATE TABLE `craft_categorygroups` (
  `id` int(11) NOT NULL AUTO_INCREMENT,
  `structureId` int(11) NOT NULL,
  `fieldLayoutId` int(11) DEFAULT NULL,
  `name` varchar(255) COLLATE utf8_unicode_ci NOT NULL,
  `handle` varchar(255) COLLATE utf8_unicode_ci NOT NULL,
  `hasUrls` tinyint(1) unsigned NOT NULL DEFAULT '1',
  `template` varchar(500) COLLATE utf8_unicode_ci DEFAULT NULL,
  `dateCreated` datetime NOT NULL,
  `dateUpdated` datetime NOT NULL,
  `uid` char(36) COLLATE utf8_unicode_ci NOT NULL DEFAULT '0',
  PRIMARY KEY (`id`),
  UNIQUE KEY `craft_categorygroups_name_unq_idx` (`name`),
  UNIQUE KEY `craft_categorygroups_handle_unq_idx` (`handle`),
  KEY `craft_categorygroups_structureId_fk` (`structureId`),
  KEY `craft_categorygroups_fieldLayoutId_fk` (`fieldLayoutId`)
) ENGINE=InnoDB DEFAULT CHARSET=utf8 COLLATE=utf8_unicode_ci;

DROP TABLE IF EXISTS `craft_categorygroups_i18n`;


--
-- Schema for table `craft_categorygroups_i18n`
--
CREATE TABLE `craft_categorygroups_i18n` (
  `id` int(11) NOT NULL AUTO_INCREMENT,
  `groupId` int(11) NOT NULL,
  `locale` char(12) COLLATE utf8_unicode_ci NOT NULL,
  `urlFormat` text COLLATE utf8_unicode_ci,
  `nestedUrlFormat` text COLLATE utf8_unicode_ci,
  `dateCreated` datetime NOT NULL,
  `dateUpdated` datetime NOT NULL,
  `uid` char(36) COLLATE utf8_unicode_ci NOT NULL DEFAULT '0',
  PRIMARY KEY (`id`),
  UNIQUE KEY `craft_categorygroups_i18n_groupId_locale_unq_idx` (`groupId`,`locale`),
  KEY `craft_categorygroups_i18n_locale_fk` (`locale`)
) ENGINE=InnoDB DEFAULT CHARSET=utf8 COLLATE=utf8_unicode_ci;

DROP TABLE IF EXISTS `craft_content`;


--
-- Schema for table `craft_content`
--
CREATE TABLE `craft_content` (
  `id` int(11) NOT NULL AUTO_INCREMENT,
  `elementId` int(11) NOT NULL,
  `locale` char(12) COLLATE utf8_unicode_ci NOT NULL,
  `title` varchar(255) COLLATE utf8_unicode_ci DEFAULT NULL,
  `field_body` text COLLATE utf8_unicode_ci,
  `field_seo` text COLLATE utf8_unicode_ci,
  `field_position` text COLLATE utf8_unicode_ci,
  `field_intro` text COLLATE utf8_unicode_ci,
  `dateCreated` datetime NOT NULL,
  `dateUpdated` datetime NOT NULL,
  `uid` char(36) COLLATE utf8_unicode_ci NOT NULL DEFAULT '0',
  PRIMARY KEY (`id`),
  UNIQUE KEY `craft_content_elementId_locale_unq_idx` (`elementId`,`locale`),
  KEY `craft_content_title_idx` (`title`),
  KEY `craft_content_locale_fk` (`locale`)
) ENGINE=InnoDB AUTO_INCREMENT=75 DEFAULT CHARSET=utf8 COLLATE=utf8_unicode_ci;

--
-- Data for table `craft_content`
--

INSERT INTO `craft_content` (`id`, `elementId`, `locale`, `title`, `field_body`, `field_seo`, `field_position`, `field_intro`, `dateCreated`, `dateUpdated`, `uid`) VALUES
 ('1', '1', 'en_us', NULL, NULL, NULL, NULL, NULL, '2016-06-03 04:51:54', '2016-06-03 04:51:54', 'b81a560b-53bf-448e-b690-6aa062700124'),
 ('2', '2', 'en_us', 'Brittania-U', '<p>It’s true, this site doesn’t have a whole lot of content yet, but don’t worry. Our web developers have just installed the CMS, and they’re setting things up for the content editors this very moment. Soon Craft.dev will be an oasis of fresh perspectives, sharp analyses, and astute opinions that will keep you coming back again and again.</p>', '{\"id\":null,\"enabled\":1,\"archived\":0,\"locale\":\"en_us\",\"localeEnabled\":1,\"slug\":null,\"uri\":null,\"dateCreated\":null,\"dateUpdated\":null,\"root\":null,\"lft\":null,\"rgt\":null,\"level\":null,\"searchScore\":null,\"elementId\":0,\"metaType\":\"template\",\"metaPath\":\"\",\"seoTitle\":\"\",\"seoDescription\":\"\",\"seoKeywords\":\"\",\"twitterCardType\":\"summary\",\"openGraphType\":\"website\",\"robots\":\"\",\"seoImageId\":\"\",\"seoTitleSource\":\"field\",\"seoTitleSourceField\":\"title\",\"seoDescriptionSource\":\"custom\",\"seoDescriptionSourceField\":\"title\",\"seoKeywordsSource\":\"custom\",\"seoKeywordsSourceField\":\"title\",\"seoImageIdSource\":\"custom\",\"seoImageIdSourceField\":\"\",\"seoCommerceVariants\":null,\"__model__\":\"Craft\\\\Seomatic_MetaFieldModel\"}', NULL, NULL, '2016-06-03 04:51:56', '2016-06-03 05:46:58', '2a71bcb2-2704-4d5e-9673-1f466d82ab89'),
 ('3', '3', 'en_us', 'We just installed Craft!', '<p>Craft is the CMS that’s powering Craft.dev. It’s beautiful, powerful, flexible, and easy-to-use, and it’s made by Pixel &amp; Tonic. We can’t wait to dive in and see what it’s capable of!</p><!--pagebreak--><p>This is even more captivating content, which you couldn’t see on the News index page because it was entered after a Page Break, and the News index template only likes to show the content on the first page.</p><p>Craft: a nice alternative to Word, if you’re making a website.</p>', NULL, NULL, NULL, '2016-06-03 04:51:57', '2016-06-03 04:51:57', '82b597bb-9dab-47b0-8ef8-09ceaa80d5cf'),
 ('4', '4', 'en_us', 'SEO Tab', NULL, NULL, NULL, NULL, '2016-06-03 05:04:57', '2016-06-03 05:04:57', 'ddc86e75-498b-4f0c-964c-61a06ba228a6'),
 ('5', '5', 'en_us', 'Catherine Uju Ifejika', NULL, '{\"id\":null,\"enabled\":1,\"archived\":0,\"locale\":\"en_us\",\"localeEnabled\":1,\"slug\":null,\"uri\":null,\"dateCreated\":null,\"dateUpdated\":null,\"root\":null,\"lft\":null,\"rgt\":null,\"level\":null,\"searchScore\":null,\"elementId\":0,\"metaType\":\"template\",\"metaPath\":\"\",\"seoTitle\":\"\",\"seoDescription\":\"Catherine is the Chairman\\/Chief Executive Officer of Brittania-U. She is the first woman to become chair and CEO of an Upstream E&P Company in Nigeria.\",\"seoKeywords\":\"Catherine, Brittania-U, Uju, Ifejika, Upstream, E&P\",\"twitterCardType\":\"summary\",\"openGraphType\":\"website\",\"robots\":\"\",\"seoImageId\":\"\",\"seoTitleSource\":\"field\",\"seoTitleSourceField\":\"title\",\"seoDescriptionSource\":\"custom\",\"seoDescriptionSourceField\":\"title\",\"seoKeywordsSource\":\"custom\",\"seoKeywordsSourceField\":\"title\",\"seoImageIdSource\":\"field\",\"seoImageIdSourceField\":\"mainImage\",\"seoCommerceVariants\":null,\"__model__\":\"Craft\\\\Seomatic_MetaFieldModel\"}', 'Chairman/Chief Executive Officer', NULL, '2016-06-03 06:16:58', '2016-06-03 09:02:29', 'dd0e45a2-6818-4dcc-8195-ad5f0c8099f1'),
 ('6', '6', 'en_us', 'Award1', NULL, NULL, NULL, NULL, '2016-06-03 06:18:15', '2016-06-03 06:18:15', '1213c196-4168-4df3-91cc-b208c9529ab8'),
 ('7', '7', 'en_us', 'Award2', NULL, NULL, NULL, NULL, '2016-06-03 06:18:16', '2016-06-03 06:18:16', '19255e94-877c-4f11-9396-af467c88ca98'),
 ('8', '8', 'en_us', 'Award3', NULL, NULL, NULL, NULL, '2016-06-03 06:18:16', '2016-06-03 06:18:16', 'e1571de0-d4c1-477c-b010-153d85108547'),
 ('9', '9', 'en_us', 'African Business Woman of The Year', '<p>Black Pumps</p>', NULL, NULL, NULL, '2016-06-03 06:21:14', '2016-06-03 06:59:45', 'e6a3b288-930a-49ff-b2a3-d2a4b2c30906'),
 ('10', '10', 'en_us', 'African Most Outstanding BusinessWoman Gold Award of Excellence', '<p>All Industrialists Businessmen Association of Turkey</p>', NULL, NULL, NULL, '2016-06-03 06:21:14', '2016-06-03 06:59:26', '9a2bed35-c23c-4431-ac9a-c2b18bff6868'),
 ('11', '11', 'en_us', 'African Oil & Gas Amazon of The Year Award - 2011', '<p>African Business Leadership Awards</p>', NULL, NULL, NULL, '2016-06-03 06:21:15', '2016-06-03 06:59:11', 'a53f6a99-9d0b-4f9d-8a85-812b477aa6a4'),
 ('12', '12', 'en_us', 'Global Business Ambassador', '<p>Nigeria-USA Chamber of Commerce</p>', NULL, NULL, NULL, '2016-06-03 06:21:15', '2016-06-03 06:58:28', 'c8afc04c-45a9-4944-b20f-4d4625a28993'),
 ('13', '13', 'en_us', 'Nigeria Women 50-50 Awards', '<p>Ministry of Women Affairs</p>', NULL, NULL, NULL, '2016-06-03 06:21:15', '2016-06-03 06:57:45', '5211b2a5-6f4f-4bd9-9ab7-404620417f65'),
 ('14', '14', 'en_us', 'This Day Annual Award/Recognition for \"45 Women of Excellence and Distinction\"', '<p>Wimbiz</p>', NULL, NULL, NULL, '2016-06-03 06:21:16', '2016-06-03 06:58:49', '07b5f6c8-9794-4aaf-a407-949d99888869'),
 ('15', '15', 'en_us', 'Ahmed Akhter Qazi - Chief Financial officer - Brittania-U', NULL, NULL, NULL, NULL, '2016-06-03 06:24:10', '2016-06-03 07:12:03', '8f2f447b-98a1-4b58-87f6-06f6dacce7ca'),
 ('16', '16', 'en_us', 'Ahmed Akhter Qazi', NULL, NULL, NULL, NULL, '2016-06-03 06:24:10', '2016-06-03 06:24:10', 'ddb2193a-d30c-4dfe-b416-c1613742e382'),
 ('17', '17', 'en_us', 'Catherine Uju Ifejika - Chairman/Chief Executive Officer - Brittania-U', NULL, NULL, NULL, NULL, '2016-06-03 06:24:11', '2016-06-03 07:11:41', '3d628f23-1962-4f95-9c20-08be6ddb8e95'),
 ('18', '18', 'en_us', 'Catherine Uju Ifejika', NULL, NULL, NULL, NULL, '2016-06-03 06:24:11', '2016-06-03 06:24:11', '1cf071d2-29ee-44ec-b732-37a84ac6a675'),
 ('19', '19', 'en_us', 'Chibuzor Steve Nwaogu', NULL, NULL, NULL, NULL, '2016-06-03 06:24:11', '2016-06-03 06:24:11', 'bbefe6c3-55ef-42a4-b53d-620570a61876'),
 ('20', '20', 'en_us', 'Julius E Sea', NULL, NULL, NULL, NULL, '2016-06-03 06:24:12', '2016-06-03 06:24:12', '7b08b381-b749-43c5-a5c3-f58cd9f899d2'),
 ('21', '21', 'en_us', 'Nwafor Chukwuemeka', NULL, NULL, NULL, NULL, '2016-06-03 06:24:12', '2016-06-03 06:24:12', '130d45e3-fc12-4d94-8cac-c7eaf089abed'),
 ('22', '22', 'en_us', 'Oluremi Odutola', NULL, NULL, NULL, NULL, '2016-06-03 06:24:13', '2016-06-03 06:24:13', '20f3b9ef-4c56-4154-a01d-44c60be61fca'),
 ('25', '25', 'en_us', 'Chibuzor Steve Nwaogu - Supply Chain Manager, Procurement & Inventory - Brittania-U', NULL, NULL, NULL, NULL, '2016-06-03 06:25:32', '2016-06-03 07:14:54', '551425e0-63ed-4980-83b1-50d49d37bd72'),
 ('26', '26', 'en_us', 'Julius E Sea - Manager, Warri Operations - Brittania-U', NULL, NULL, NULL, NULL, '2016-06-03 06:25:32', '2016-06-03 07:12:41', 'b0e39bae-3c19-4750-9fe0-1e5bdf1400b9'),
 ('27', '27', 'en_us', 'Nwafor Chukwuemeka - Manager, Exploration & Production - Brittania-U', NULL, NULL, NULL, NULL, '2016-06-03 06:25:33', '2016-06-03 07:12:23', 'a0d96701-8e41-49af-aca2-cd27495594a7'),
 ('28', '28', 'en_us', 'Oluremi Odutola - Manager, Compensation & Benefits', NULL, NULL, NULL, NULL, '2016-06-03 06:25:33', '2016-06-03 07:13:35', 'cecd1cf9-9671-4128-a80d-378d3028e3a0'),
 ('29', '31', 'en_us', 'Ahmed Akhter Qazi', NULL, '{\"id\":null,\"enabled\":1,\"archived\":0,\"locale\":\"en_us\",\"localeEnabled\":1,\"slug\":null,\"uri\":null,\"dateCreated\":null,\"dateUpdated\":null,\"root\":null,\"lft\":null,\"rgt\":null,\"level\":null,\"searchScore\":null,\"elementId\":0,\"metaType\":\"template\",\"metaPath\":\"\",\"seoTitle\":\"\",\"seoDescription\":\"Ahmed Akhter Qazi is the Chief Financial Office of Brittania-U\",\"seoKeywords\":\"\",\"twitterCardType\":\"summary\",\"openGraphType\":\"website\",\"robots\":\"\",\"seoImageId\":\"\",\"seoTitleSource\":\"field\",\"seoTitleSourceField\":\"title\",\"seoDescriptionSource\":\"custom\",\"seoDescriptionSourceField\":\"title\",\"seoKeywordsSource\":\"custom\",\"seoKeywordsSourceField\":\"title\",\"seoImageIdSource\":\"field\",\"seoImageIdSourceField\":\"mainImage\",\"seoCommerceVariants\":null,\"__model__\":\"Craft\\\\Seomatic_MetaFieldModel\"}', 'Chief Financial Officer', NULL, '2016-06-03 07:08:56', '2016-06-03 09:02:41', 'd93f3a9c-7546-4393-8f63-fcf587096baa'),
 ('30', '33', 'en_us', 'Nwafor Chukwuemeka Simon', NULL, '{\"id\":null,\"enabled\":1,\"archived\":0,\"locale\":\"en_us\",\"localeEnabled\":1,\"slug\":null,\"uri\":null,\"dateCreated\":null,\"dateUpdated\":null,\"root\":null,\"lft\":null,\"rgt\":null,\"level\":null,\"searchScore\":null,\"elementId\":0,\"metaType\":\"template\",\"metaPath\":\"\",\"seoTitle\":\"\",\"seoDescription\":\"\",\"seoKeywords\":\"\",\"twitterCardType\":\"summary\",\"openGraphType\":\"website\",\"robots\":\"\",\"seoImageId\":\"\",\"seoTitleSource\":\"field\",\"seoTitleSourceField\":\"title\",\"seoDescriptionSource\":\"custom\",\"seoDescriptionSourceField\":\"title\",\"seoKeywordsSource\":\"custom\",\"seoKeywordsSourceField\":\"title\",\"seoImageIdSource\":\"custom\",\"seoImageIdSourceField\":\"thumbnail\",\"seoCommerceVariants\":null,\"__model__\":\"Craft\\\\Seomatic_MetaFieldModel\"}', 'Manager, Exploration & Production', NULL, '2016-06-03 07:10:01', '2016-06-03 09:02:51', '25e08d9e-0700-4f9d-a956-0414233a8158'),
 ('31', '35', 'en_us', 'Julius E. Sea', NULL, '{\"id\":null,\"enabled\":1,\"archived\":0,\"locale\":\"en_us\",\"localeEnabled\":1,\"slug\":null,\"uri\":null,\"dateCreated\":null,\"dateUpdated\":null,\"root\":null,\"lft\":null,\"rgt\":null,\"level\":null,\"searchScore\":null,\"elementId\":0,\"metaType\":\"template\",\"metaPath\":\"\",\"seoTitle\":\"\",\"seoDescription\":\"\",\"seoKeywords\":\"\",\"twitterCardType\":\"summary\",\"openGraphType\":\"website\",\"robots\":\"\",\"seoImageId\":\"\",\"seoTitleSource\":\"field\",\"seoTitleSourceField\":\"title\",\"seoDescriptionSource\":\"custom\",\"seoDescriptionSourceField\":\"title\",\"seoKeywordsSource\":\"custom\",\"seoKeywordsSourceField\":\"title\",\"seoImageIdSource\":\"custom\",\"seoImageIdSourceField\":\"thumbnail\",\"seoCommerceVariants\":null,\"__model__\":\"Craft\\\\Seomatic_MetaFieldModel\"}', 'Manager, Warri operations', NULL, '2016-06-03 07:11:12', '2016-06-03 09:03:01', '34daa50b-5d04-4162-9fd1-4e78cb7435a9'),
 ('32', '37', 'en_us', 'Oluremi Odutola', NULL, '{\"id\":null,\"enabled\":1,\"archived\":0,\"locale\":\"en_us\",\"localeEnabled\":1,\"slug\":null,\"uri\":null,\"dateCreated\":null,\"dateUpdated\":null,\"root\":null,\"lft\":null,\"rgt\":null,\"level\":null,\"searchScore\":null,\"elementId\":0,\"metaType\":\"template\",\"metaPath\":\"\",\"seoTitle\":\"\",\"seoDescription\":\"\",\"seoKeywords\":\"\",\"twitterCardType\":\"summary\",\"openGraphType\":\"website\",\"robots\":\"\",\"seoImageId\":\"\",\"seoTitleSource\":\"field\",\"seoTitleSourceField\":\"title\",\"seoDescriptionSource\":\"custom\",\"seoDescriptionSourceField\":\"title\",\"seoKeywordsSource\":\"custom\",\"seoKeywordsSourceField\":\"title\",\"seoImageIdSource\":\"custom\",\"seoImageIdSourceField\":\"thumbnail\",\"seoCommerceVariants\":null,\"__model__\":\"Craft\\\\Seomatic_MetaFieldModel\"}', 'Manager, Compensation & Benefits', NULL, '2016-06-03 07:13:59', '2016-06-03 09:03:11', '82534b49-868e-4ff2-bfe0-25c449a4612d'),
 ('33', '39', 'en_us', 'Chibuzor Steve Nwaogu', NULL, '{\"id\":null,\"enabled\":1,\"archived\":0,\"locale\":\"en_us\",\"localeEnabled\":1,\"slug\":null,\"uri\":null,\"dateCreated\":null,\"dateUpdated\":null,\"root\":null,\"lft\":null,\"rgt\":null,\"level\":null,\"searchScore\":null,\"elementId\":0,\"metaType\":\"template\",\"metaPath\":\"\",\"seoTitle\":\"\",\"seoDescription\":\"\",\"seoKeywords\":\"\",\"twitterCardType\":\"summary\",\"openGraphType\":\"website\",\"robots\":\"\",\"seoImageId\":\"\",\"seoTitleSource\":\"field\",\"seoTitleSourceField\":\"title\",\"seoDescriptionSource\":\"custom\",\"seoDescriptionSourceField\":\"title\",\"seoKeywordsSource\":\"custom\",\"seoKeywordsSourceField\":\"title\",\"seoImageIdSource\":\"custom\",\"seoImageIdSourceField\":\"thumbnail\",\"seoCommerceVariants\":null,\"__model__\":\"Craft\\\\Seomatic_MetaFieldModel\"}', 'Supply Chain Manager: Procurement & Inventory', NULL, '2016-06-03 07:14:56', '2016-06-03 09:03:23', 'cfa5cbb2-d03c-410e-bc2d-b0bf8f4400ec'),
 ('36', '43', 'en_us', 'Board and Executive Team', '<div class=\"medium-6 column\">\n			 			<p>The Brittania-U board is comprised of industry leaders and key management personnel, well versed in their chosen fields and expertise. Our team is diverse but united by a common goal to build a sustainable company and maintain a strong operational capacity. </p>                  \n			 		</div>\n\n			 		<div class=\"medium-6 column\">\n			 			<p>To accomplish this mission, the executive team sets the company\'s goals, policies and objectives. They provide the framework for governance and steer the company’s business affairs and provide management with guidance in determining the company’s long-term strategy, and assess company prospects, risks, and controls for risk mitigation.</p>\n			 		</div>', '{\"id\":null,\"enabled\":1,\"archived\":0,\"locale\":\"en_us\",\"localeEnabled\":1,\"slug\":null,\"uri\":null,\"dateCreated\":null,\"dateUpdated\":null,\"root\":null,\"lft\":null,\"rgt\":null,\"level\":null,\"searchScore\":null,\"elementId\":0,\"metaType\":\"template\",\"metaPath\":\"\",\"seoTitle\":\"\",\"seoDescription\":\"\",\"seoKeywords\":\"\",\"twitterCardType\":\"summary\",\"openGraphType\":\"website\",\"robots\":\"\",\"seoImageId\":\"\",\"seoTitleSource\":\"field\",\"seoTitleSourceField\":\"title\",\"seoDescriptionSource\":\"custom\",\"seoDescriptionSourceField\":\"title\",\"seoKeywordsSource\":\"custom\",\"seoKeywordsSourceField\":\"title\",\"seoImageIdSource\":\"custom\",\"seoImageIdSourceField\":\"\",\"seoCommerceVariants\":null,\"__model__\":\"Craft\\\\Seomatic_MetaFieldModel\"}', NULL, NULL, '2016-06-03 09:01:59', '2016-06-03 09:04:02', 'c1297ac7-13c5-41cc-9146-9a4790751bad'),
 ('37', '44', 'en_us', 'About Landing', '<div class=\"large-6 column\">\r\n				 			<p>A leader in Nigeria’s petroleum industry, Brittania-U is a major player in the upstream, and downstream segments of the petroleum sector. With a quality portfolio of oil and gas assets in Nigeria, our capabilities extend through upstream (exploration & production and drilling), downstream, trading of oil product, sub-surface engineering and data appraisal for geophysics and petroleum projects.</p>\r\n				 			                    \r\n				 			<p>We have been operating in Nigeria for over 20 years and our portfolio of solutions is well aligned with the country’s infrastructure needs and is contributing to economic development and improved quality of life in Nigeria.</p>\r\n				 		</div>\r\n\r\n<div class=\"large-6 column\">\r\n				 			<p>Through our extensive local operating capabilities, we have partnerships with both indigenous and international oil companies, and we hold interests in licenses for the exploration, development, and production of oil and gas assets located onshore, swamp, and offshore.</p>\r\n\r\n				 			<p>We deliver sustainable value to our stakeholders as we continually grow our reserves by harnessing the optimum potential from our existing range of oil and gas resources, while also acquiring near-term producing assets from international oil companies.</p>\r\n				 		</div>', '{\"id\":null,\"enabled\":1,\"archived\":0,\"locale\":\"en_us\",\"localeEnabled\":1,\"slug\":null,\"uri\":null,\"dateCreated\":null,\"dateUpdated\":null,\"root\":null,\"lft\":null,\"rgt\":null,\"level\":null,\"searchScore\":null,\"elementId\":0,\"metaType\":\"template\",\"metaPath\":\"\",\"seoTitle\":\"\",\"seoDescription\":\"\",\"seoKeywords\":\"\",\"twitterCardType\":\"summary\",\"openGraphType\":\"website\",\"robots\":\"\",\"seoImageId\":\"\",\"seoTitleSource\":\"field\",\"seoTitleSourceField\":\"title\",\"seoDescriptionSource\":\"custom\",\"seoDescriptionSourceField\":\"title\",\"seoKeywordsSource\":\"custom\",\"seoKeywordsSourceField\":\"title\",\"seoImageIdSource\":\"custom\",\"seoImageIdSourceField\":\"introVideoThumbnail\",\"seoCommerceVariants\":null,\"__model__\":\"Craft\\\\Seomatic_MetaFieldModel\"}', NULL, 'Brittania-U is an indigenous integrated company that delivers energy services through exploration & production, subsurface engineering & consultancy.', '2016-06-03 11:06:57', '2016-06-03 13:51:15', 'a5a6dddd-c9a2-40dd-bc24-914b582b2f17'),
 ('38', '45', 'en_us', 'About Video Placeholder', NULL, NULL, NULL, NULL, '2016-06-03 11:09:48', '2016-06-03 11:09:48', 'b2a0e77a-ed13-4f58-a8bf-a4ea27c8190f'),
 ('39', '46', 'en_us', 'Uju Ifejika Brittania U Ceo', NULL, NULL, NULL, NULL, '2016-06-03 11:10:38', '2016-06-03 11:10:38', '6b68ba31-8c8b-4d70-8c51-9c30f3478dda'),
 ('40', '47', 'en_us', 'The Group', NULL, NULL, NULL, NULL, '2016-06-03 11:16:04', '2016-06-03 11:16:04', '57d68262-e6b4-4335-99fd-e85634260646'),
 ('41', '48', 'en_us', 'Brittania U Vision And Mission', NULL, NULL, NULL, NULL, '2016-06-03 11:16:07', '2016-06-03 11:16:07', '8edfba8c-b066-4a9f-9ddd-bc80116b3a7f'),
 ('42', '49', 'en_us', 'Strategy And Leadership', NULL, NULL, NULL, NULL, '2016-06-03 11:18:32', '2016-06-03 11:18:32', 'cad6afae-dc97-42ba-bfd5-317c7ea4a216'),
 ('43', '54', 'en_us', 'Brittania U What We Do', NULL, NULL, NULL, NULL, '2016-06-03 12:42:57', '2016-06-03 12:42:57', '2c8bc950-427a-413b-8858-a79df8af1bc3'),
 ('44', '55', 'en_us', 'Our People And Values', NULL, NULL, NULL, NULL, '2016-06-03 12:43:05', '2016-06-03 12:43:22', '6d05aac7-effa-4144-8149-cf07c238622a'),
 ('45', '58', 'en_us', 'Brittania U What We Do', NULL, NULL, NULL, NULL, '2016-06-03 12:48:33', '2016-06-03 12:48:33', 'f13b67a0-c346-4eb3-9a86-92f8937455ab'),
 ('46', '59', 'en_us', 'Our History', '<div class=\"row m-pad column\">\n			<h2 class=\"medium-12 column c-p text-alt-light mb-0\">Our History</h2>\n			\n			<div class=\"column text-light mb-60\">\n				<h5 class=\"text-light c-g\">Brittania-U started from a humble beginning in Nigeria in 1995, but ever since, we have made giant strides in the energy industry in Africa. Our growth has being meteoric and today those humble beginnings has led to various offshoots in the energy industry.</h5>\n\n				<img src=\"/assets/img/BU-I-(Tanker-Barge).jpg\" alt=\"Brittania-U BU-I Tanker Barge\" class=\"mb-40\" /><p class=\"large-10\">Over the years, we have grown. The company has established affiliate entities that belong to either the hydrocarbon exploitation chain or provide services to the businesses in the hydrocarbon chain. This has made Brittania-U become more integrated and versatile in the oil gas industry and allied services, in that it has presence in the oil and gas chain; from sub-surface engineering (Data Appraisal Nigeria Ltd.) to drilling services (Brittania-U Drilling and Oil Services Ltd), Shipping and downstream trading is carried out by the affiliate company (Nexttee Oil&amp;Gas, Trading company Nigeria Limited). Throughout, we have retained our spirit, grit, innovation, perseverance, and most of all, our fundamental purpose: to be a profitable and fully integrated Nigerian Oil and Gas Company of first choice, in all aspects.</p>\n			</div>\n		</div>\n\n<div class=\"row column m-pad\">\n			<div class=\"medium-12 column\">\n				<div class=\"medium-12 column end mt-20 mb-60 collapse pl-0\">\n					<h4 class=\"c-p mt-20 mb-20\">Key timelines in Brittania-U\'s History</h4>\n\n					<div class=\"large-12 double-column timeline\">\n						<div>\n							<h1>2001</h1>\n\n							<p>Brittania-U submitted a bid for a marginal field award in response to the initiative of the Federal Government to involve indigenous petroleum companies in the upstream sector of the industry.</p>\n						</div>\n\n						<div>\n							<h1>2003</h1>\n\n							<p>After the pre-qualification, presentation of the technical and commercial bids for the Ajapa marginal Field made by the company, it was awarded 100% interest in and the Operatorship of the Ajapa marginal Field in Oil Mining Lease (OML) 90% as per Ministry of Petroleum Resources letter Reference No.PIGMC/1138/V.1/11 – dated  February 26th, 2003.</p>\n						</div>\n\n						<div>\n							<h1>2004</h1>\n\n							<p>Brittania-U entered into a Farm-out agreement (FOA) dated 18th March 2004, with the leaseholders of OML 90 –i.e Nigerian National Petroleum Corporation (NNPC) and Chevron Nigeria Limited (CNL) on the one part as “Farmer” and Brittania-U as the “Farmee” on the other part.</p>\n						</div>\n\n						<div>\n							<h1>2006</h1>\n\n							<p>As part of the requirements for the Marginal Field initiative i.e. encouraging foreign investment in Nigeria through foreign Technical Partnership with successful Nigerian Marginal Field Operators, Brittania-U in February 2006 negotiated and executed a Participating Agreement(PA) with Syntroleum Inc., who at that time was into Gas to liquid (GTL) operation, divested interests all their assets in Nigeria to Equity Energy Resources (EER), the United Kingdom under a joint Venture arrangement with Brittania-U Nigeria Limited.</p>\n						</div>\n\n						<div>\n							<h1>2007</h1>\n\n							<p>The company started full upstream operations. The JV Partners separately sourced funding totalling about US $120 Million to embark on the first phase of the Ajapa marginal field development, comprising two side tracks and one appraisal. BUNL proudly reports that Union Bank Plc. Fully funded her 60% equity contribution (US $70 million) and has become a business partner of first choice to BUNL.</p>\n						</div>\n\n						<div>\n							<h1>2008</h1>\n\n							<p>After technical reviews, planning and programming and obtaining regulatory Approvals, the JV carried out its phase I drilling campaign using the Noble Drilling Inc. rig “Don Walker” farmed-in from a Shell/Nobel Drilling contract. During the campaign which lasted from February to April 2008, which saw the company drilling two sidetracks were executed; one of which was successful and the other drilled off-structure.</p>\n\n							<p>The planned Early Production facility (a Floating Production Storage and Offloading – FPSO), was fabricated/commissioned in Houma, Louisiana, USA in August 2008</p>\n						</div>\n\n						<div>\n							<h1>2009</h1>\n\n							<p>Energy Equity Resources wanted to divest its interest Pan Petroleum also of the United Kingdom, on 1st of July, 2009 concluded the acquisition of EER’s equity interest in the Ajapa Marginal field. The fact that the two companies – Syntroleum and Energy Equity Resources (EER) did nothing to improve the Ajapa asset, Brittania- U refused to ascent to the 3rd assignment. It rather chose to buy back 40% interest to enable it to move the company forward.</p>\n\n							<p>The Floating Production, Storage, and Offloading (FPSO) facility was completed in a record time of 7 ½ months (August – March 16, 2009) when we commissioned the complete FPSO.</p>\n\n							<p>NEXTEE oil and Gas trading Company Nigeria Limited, formed to provide supplies of refined products- Premium Motor Spirit (PMS), Automotive Gas Oil (AGO) to the multinationals and independent Oil and gas companies within Nigeria and the African sub-region, was incorporated on 23rd July 2009</p>\n						</div>\n\n						<div>\n							<h1>2010</h1>\n\n							<p>With the flow line installation and the FPSO fully commissioned with the Department of petroleum Resources (DPR) active involvement with the Well hook-ups; we commenced production on January 20th, 2010 with Six (6) weeks well testing, which was witnessed by Department of Petroleum Resources Officials, at the end of which approvals were given to the company to commence full production.</p>\n						</div>\n\n						<div>\n							<h1>2011</h1>\n\n							<p>Brittania-u Nigeria Limited in November 2011 through a loan of &amp;48million dollars obtain from First Bank Nigeria Plc, bought back its 40% equity it assigned to syntroleum in February of 2006 with the buyback of BUNL 40% interest on the field, Brittania-U now has 100% equity interest in Ajapa Field at OML 90. The operatorship of the field is and has been with Brittania-U Nigeria Limited from the inception of the partnership to date.</p>\n						</div>\n\n						<div>\n							<h1>2012</h1>\n							<p>The company commenced its 2nd drilling campaign which was successful in the sense that the drilling identified two zone F1 which was new and G3, with a total cumulative production discovery of about 120ft oil down</p>\n\n							<p>Brittania-U Drilling and Oil services Company Nig. Ltd was incorporated in June 2012, to provide Rigs and drilling services to the parent company – Brittania-U Nigeria limited, as well as provide Rig-on-hire and bundle services to would-be interested company.</p>\n\n							<p>The company was honored in 2012 with “International Trophy for Quality Award” by Global Trade Leaders Club, Paris.</p>\n						</div>\n\n						<div>\n							<h1>2013</h1>\n							<p>The 2nd drilling campaign was successfully completed on January 29th, 2013.</p>\n\n							<p>The company successfully appraised the mapping as well as identifying the new coordinates for our new successful well just completed in January,2013 in collaboration with Schlumberger group. The new appraisal which the company used for its latest drilling campaign discovered new “zone which was not in the map by Chevron or in DPR’s lods or maps”.</p>\n						</div>\n					</div>\n				</div>\n\n			</div>\n		</div>', '{\"id\":null,\"enabled\":1,\"archived\":0,\"locale\":\"en_us\",\"localeEnabled\":1,\"slug\":null,\"uri\":null,\"dateCreated\":null,\"dateUpdated\":null,\"root\":null,\"lft\":null,\"rgt\":null,\"level\":null,\"searchScore\":null,\"elementId\":0,\"metaType\":\"template\",\"metaPath\":\"\",\"seoTitle\":\"\",\"seoDescription\":\"\",\"seoKeywords\":\"\",\"twitterCardType\":\"summary\",\"openGraphType\":\"website\",\"robots\":\"\",\"seoImageId\":\"\",\"seoTitleSource\":\"field\",\"seoTitleSourceField\":\"title\",\"seoDescriptionSource\":\"custom\",\"seoDescriptionSourceField\":\"title\",\"seoKeywordsSource\":\"custom\",\"seoKeywordsSourceField\":\"title\",\"seoImageIdSource\":\"custom\",\"seoImageIdSourceField\":\"\",\"seoCommerceVariants\":null,\"__model__\":\"Craft\\\\Seomatic_MetaFieldModel\"}', NULL, NULL, '2016-06-03 13:30:48', '2016-06-03 13:34:44', '6e51473f-a09c-45f6-aee4-4352ace6cc4c'),
 ('47', '60', 'en_us', 'What We Do', '\r\n		<div class=\"row m-pad column\">\r\n			<h2 class=\"medium-12 column c-p text-alt-light mb-0\">What We Do</h2>\r\n			\r\n			<div class=\"column text-light mb-60\">\r\n				<h5 class=\"text-light c-g\">Our operations cover the entire chain of the oil and gas industry. What we do involves identifying oil and natural gas deposits and exploration and drilling of those resources. We import and distribute refined petroleum products for some multinationals and local independent product marketing companies; as well as Shipping and Vessel operation services. We are also involved in subsurface engineering for other energy companies, using state-of-the-art data collection and appraisals.</h5>\r\n\r\n				<p class=\"mt-20\"><strong>Our involvement in energy is tied towards these three primary sections:</strong></p>\r\n			</div>\r\n		</div>\r\n\r\n		<div class=\"row m-pad column\">\r\n			<div class=\"medium-4 column mb-40\">\r\n				<a href=\"#exploration-and-production\" title=\"Exploration and Production\" class=\"c-p\"><img src=\"/assets/img/brittania-u-exploration-and-production.jpg\" alt=\"Exploration &amp; Production\" class=\"mb-20\">\r\n				<h5>Exploration &amp; Production</h5></a>\r\n			</div>\r\n\r\n			<div class=\"medium-4 column mb-40\">\r\n				<a href=\"#oil-services\" title=\"Drilling and Oil Services\" class=\"c-p\"><img src=\"/assets/img/brittania-u-drilling.jpg\" alt=\"Drilling &amp; Oil Services\" class=\"mb-20\">\r\n				<h5>Drilling  &amp; Oil Services</h5></a>\r\n			</div>\r\n			<div class=\"medium-4 column mb-40\">\r\n				<a href=\"#geology-and-engineering-consultancy\" title=\"Geology and Engineering Consultancy\" class=\"c-p\"><img src=\"/assets/img/geology-and-engineering-consultancy.jpg\" alt=\"Geology &amp; Engineering Consultancy\" class=\"mb-20\">\r\n				<h5>Geology &amp; Engineering Consultancy</h5></a>\r\n			</div>\r\n		</div>\r\n		<div class=\"row column m-pad\">\r\n			<div class=\"medium-12 column\">\r\n				<div class=\"medium-12 column end mt-40 mb-60 ruled-top collapse pl-0\" id=\"exploration-and-production\">\r\n					<h3 class=\"c-p mt-20 mb-20\">Exploration &amp; Production</h3>\r\n\r\n					<img src=\"/assets/img/oil-platform.jpg\" alt=\"Exploration and Production\" class=\"mb-20\">\r\n\r\n					<div class=\"large-8 double-column\">\r\n						<p>Our Exploration &amp; Production’s segment is responsible for renewing our resource base through access, exploration, and appraisal; and encompasses all the steps involved in finding, producing, processing oil and natural gas. Our teams in this segment continuously strive to renew and develop our portfolio of oil and gas assets in often-complex environments to meet the Nigeria’s growing energy demand.</p>\r\n\r\n						<p>While we conduct activities against a backdrop of growing energy and environmental challenges, we continue to actively manage our portfolio to play to our strengths, divesting non-core assets and finding alternative ways to create long-term value. We combine our substantial knowledge and insight to develop some of the most advanced technology in the country to assist us in finding additional petroleum reserves as well as maximize the recovery of these resources for the benefit of this generation and the generations to come. Technologies such as seismic imaging, enhanced oil recovery, and real-time data support our upstream strategy by helping us gain new access, increase recovery and reserves and improve production efficiency.</p>\r\n\r\n						<p>Our production facility is a 10,000bbls per day with an expansion capacity of up to 20,000bbls per day. A wise stewardship of our petroleum resources is our number one priority. We continually seek new ways to find and produce these resources more efficiently, from improving our understanding of subsurface dynamics to deploying cutting-edge well completions.</p>\r\n					</div>\r\n				</div>\r\n\r\n				<div class=\"medium-12 column end mt-40 mb-60 ruled-top collapse pl-0\" id=\"oil-services\">\r\n					<h3 class=\"c-p mt-20 mb-20\">Drilling &amp; Oil Services</h3>\r\n\r\n					<div class=\"medium-8 column pl-0\">\r\n						<img src=\"/assets/img/drilling-well.jpg\" alt=\"Drilling and Oil Services\" class=\"mb-20\">\r\n					</div>\r\n\r\n					<div class=\"\">\r\n						<p>We engage in oil and gas drilling and completion, well servicing, pressure pumping, wireline, geophysical, civil engineering and transportation. We provide Rig-on-hire-and-bundle services to would-be interested companies.</p>\r\n\r\n						<p>We currently have a 152ft Rig for our drilling program on our current block at Ajapa (OML 90) field as well as offer rig lease/charter services to independent companies on term contract. Our reputation for quality services in a safe working environment exceeds industry standards as our rig and other equipment’s are all state-of-the-art, high-specification drillships, which benefit from a proven design and highly developed construction techniques. Also, our team is performance-oriented, providing technologically advanced equipment, extensive industry experience, a safe operating environment, and quality service to our clients in the worldwide oil and gas industry.</p>\r\n					</div>\r\n\r\n					<div class=\"medium-5 column pl-0\">\r\n						<img src=\"/assets/img/brittania-u-what-we-do.jpg\" alt=\"Drilling and Oil Services\" class=\"mb-20\" id=\"geology-and-engineering-consultancy\">\r\n					</div>\r\n\r\n					<div class=\"medium-7 large-5 column end\">\r\n						<h5>Oil Trading &amp; Marketing</h5>\r\n						<p>Brittania-U is also involved in Oil trading marketing, which includes the sale of crude, refined products and condensates. The products we distribute includes, but not limited Automotive Gas Oil (AGO) and Premium Motor Spirit (PMS).</p>\r\n						<p>Our storage capacity helps us to meet large orders to meet local business and national needs.</p>\r\n					</div>\r\n				</div>\r\n\r\n				<div class=\"medium-12 column end mt-40 mb-60 ruled-top collapse pl-0\">\r\n					<h3 class=\"c-p mt-20 mb-20\">Geology &amp; Engineering Consultancy </h3>\r\n\r\n					<div class=\"medium-10 large-5 pl-0 column end\">\r\n						<h5 class=\"text-light\">Our engineering consultancy segment offer the geological services, expert advice and data appraisal services needed for the burgeoning energy industry.</h5>\r\n\r\n						<p>Our team provides a full range of engineering geologic services from feasibility studies and geologic investigations to professional reviews of projects. We combine the expertise of industry specialists to help organizations make better decisions and reduce risks as we are able to offer a capacity to collect, process, interpret, analyze and manage data, quantify the physical environment and deliver optimized engineering solutions.</p>\r\n\r\n						<p>We are fully automated with all the notable software that ensures a most comprehensive appraisal work from engineering to static modeling through dynamics to complete field appraisal.</p>\r\n					</div>\r\n\r\n					<div class=\"large-6 column pl-0\">\r\n						<img src=\"/assets/img/geology-and-engineering-consultancy-main.jpg\" alt=\"Geology and Engineering Consultancy\" class=\"mb-20\">\r\n					</div>\r\n				</div>\r\n\r\n\r\n			</div>\r\n		</div>', '{\"id\":null,\"enabled\":1,\"archived\":0,\"locale\":\"en_us\",\"localeEnabled\":1,\"slug\":null,\"uri\":null,\"dateCreated\":null,\"dateUpdated\":null,\"root\":null,\"lft\":null,\"rgt\":null,\"level\":null,\"searchScore\":null,\"elementId\":0,\"metaType\":\"template\",\"metaPath\":\"\",\"seoTitle\":\"\",\"seoDescription\":\"\",\"seoKeywords\":\"\",\"twitterCardType\":\"summary\",\"openGraphType\":\"website\",\"robots\":\"\",\"seoImageId\":\"\",\"seoTitleSource\":\"field\",\"seoTitleSourceField\":\"title\",\"seoDescriptionSource\":\"custom\",\"seoDescriptionSourceField\":\"title\",\"seoKeywordsSource\":\"custom\",\"seoKeywordsSourceField\":\"title\",\"seoImageIdSource\":\"custom\",\"seoImageIdSourceField\":\"\",\"seoCommerceVariants\":null,\"__model__\":\"Craft\\\\Seomatic_MetaFieldModel\"}', NULL, NULL, '2016-06-03 13:36:01', '2016-06-03 13:36:52', '4361f8fc-2a6d-433d-9d53-2486987f53ba'),
 ('48', '61', 'en_us', 'Vision and Mission', '\r\n		<div class=\"row column collapse\">\r\n			<div class=\"column image-with-overlay-text\">\r\n				<img src=\"/assets/img/vision-and-mission-large.jpg\" alt=\"Brittania-U\'s Vision and Mission\">\r\n\r\n				<h2 class=\"medium-12 column c-p text-alt-light mb-0 image-with-overlay-text_title\">Vision &amp; Mission</h2>\r\n			</div>\r\n		</div>\r\n		<div class=\"row m-pad column collapse mb-40\">\r\n			<h5 class=\"column text-light mb-40 c-g\">The way we operate and the activities we undertake are expressions of an energetic company, operating in utmost sustainability and delivering great results. These are embedded in our vision and our mission.</h5>\r\n		</div>\r\n\r\n		<div class=\"row m-pad\">\r\n			<div class=\"medium-4 column\">\r\n				<img src=\"/assets/img/vision-and-mission-chart.png\" alt=\"Vision and Mission Start\" class=\"mb-40 small-6 medium-12 large-7 medium-offset-0 large-offset-3 small-offset-3 pl-0\">\r\n			</div>\r\n			<div class=\"medium-8 column m-pad\">\r\n				<h4 class=\"medium-10 large-12 text-alight c-p\">Our vision is to be a profitable and fully integrated Nigerian Oil &amp; Gas Company of first choice, in all aspects.</h4>\r\n\r\n				<div class=\"medium-10 large-12 large-double-column\">\r\n					<p><strong>Our mission is to deliver value in our core business area which covers the entire spectrum of exploration to production, refining, trading, supply &amp; distribution.</strong></p>\r\n\r\n					<p>Our objectives are to contribute to the nation’s value creation for the well-being of the people, better quality of life, quality products, fair price, and job opportunities, while ensuring we operate in a safe and clean environment, with the aim of ensuring maximum return to our shareholders</p>\r\n\r\n					<p>In this age of fluctuating oil prices, we are positioned to adapt to the changing oil market dynamics by responding to local challenges and acting globally while maintaining international standards in our operations.</p>\r\n				</div>\r\n			</div>\r\n		</div>', '{\"id\":null,\"enabled\":1,\"archived\":0,\"locale\":\"en_us\",\"localeEnabled\":1,\"slug\":null,\"uri\":null,\"dateCreated\":null,\"dateUpdated\":null,\"root\":null,\"lft\":null,\"rgt\":null,\"level\":null,\"searchScore\":null,\"elementId\":0,\"metaType\":\"template\",\"metaPath\":\"\",\"seoTitle\":\"\",\"seoDescription\":\"\",\"seoKeywords\":\"\",\"twitterCardType\":\"summary\",\"openGraphType\":\"website\",\"robots\":\"\",\"seoImageId\":\"\",\"seoTitleSource\":\"field\",\"seoTitleSourceField\":\"title\",\"seoDescriptionSource\":\"custom\",\"seoDescriptionSourceField\":\"title\",\"seoKeywordsSource\":\"custom\",\"seoKeywordsSourceField\":\"title\",\"seoImageIdSource\":\"custom\",\"seoImageIdSourceField\":\"\",\"seoCommerceVariants\":null,\"__model__\":\"Craft\\\\Seomatic_MetaFieldModel\"}', NULL, NULL, '2016-06-03 13:38:16', '2016-06-03 13:38:16', 'c2324e47-3fec-4478-af83-b014b3cf6a95'),
 ('49', '62', 'en_us', 'People and Values', '\r\n		<div class=\"row column collapse\">\r\n			<div class=\"column image-with-overlay-text\">\r\n				<img src=\"/assets/img/brittania-u-people-and-values.jpg\" alt=\"Brittania U People and Values\">\r\n\r\n				<h2 class=\"medium-12 column c-p text-alt-light mb-0 image-with-overlay-text_title\">People &amp; Values</h2>\r\n			</div>\r\n		</div>\r\n		<div class=\"row m-pad column collapse mb-40\">\r\n			<h5 class=\"column text-light mb-40 c-g\">Our people are talented in a wide range of disciplines, our values guide us in the work we do every day. Our performance depends on a highly-skilled and motivated people, which is a reflection of our operating society.</h5>\r\n\r\n			<img src=\"/assets/img/brittania-u-staff-and-workers.jpg\" alt=\"Brittania-U People\">\r\n		</div>\r\n\r\n		<div class=\"row m-pad\">\r\n			<div class=\"column mb-40\">\r\n				<h3 class=\"c-p\">Our Values</h3>\r\n\r\n				<h5 class=\"text-light medium-10 large-7 c-g\">At Brittania-U, our five corporate values of Safety, Respect, Integrity, Excellence and Ingenuity express our understanding of what we believe, how we behave and our objectives as an organization. They also guide our business conduct, enable us build healthy, long-term relationships with our stakeholders, and reinforce all of our operations, helping the company maintain our position as one of the most respected companies in the country.</h5>\r\n			</div>\r\n\r\n			<div class=\"row column\">\r\n				<div class=\"medium-10 large-6 column\">\r\n					<h4 class=\"c-p\">Safety</h4>\r\n\r\n					<p>Safety is a core value and an integral part of Brittania-U. We are committed to protecting our workforce by providing a safe working environment for all, with the appropriate safety procedures and policies put in place onsite and within the community. We also place a high priority on the protection of our assets and the environment.</p>\r\n\r\n					<h4 class=\"c-p\">Respect</h4>\r\n					<p>Respect is fundamental to the Brittania culture, we believe that respect begins with compliance with laws and regulations. We hold ourselves to the highest ethical standards and we care about the effects of our decisions have on those around us. We trust, respect and support each other, and we strive to earn the trust of our colleagues and partners. We value the diversity of people.</p>\r\n				</div>\r\n\r\n				<div class=\"medium-10 large-5 column medium-float-left\">\r\n					<img src=\"/assets/img/brittania-u-staff-laughing-and-having-fun.jpg\" alt=\"Brittania-U Staff having fun at work\" class=\"mb-40\">\r\n				</div>\r\n			</div>\r\n\r\n			<div class=\"row column\">\r\n				<div class=\"medium-7 large-6 column\">\r\n					<h4 class=\"c-p\">Excellence</h4>\r\n\r\n					<p>At Brittania, excellence translates into all aspects of our business. We drive excellence by setting challenging goals, rewarding top performance, committing ourselves to developing our people, and fostering teamwork as well as open communication. We follow and uphold the rules and standards we set for our company, and we are passionate about achieving results that exceed expectations – our own and those of others.</p>\r\n\r\n					<h4 class=\"c-p\">Ingenuity</h4>\r\n					<p>We encourage innovation, creativity as well as diversity of thought, and we continually  seek new prospects and out-of-the-ordinary solutions. Responsiveness, Flexibilty, and Novelty are important to us. Our experience, technology, and perseverance enable us to overcome challenges and deliver value.</p>\r\n\r\n					<h4 class=\"c-p\">Integrity</h4>\r\n					<p>The integrity of business at Brittania is one of our precious assets, it is our reputation. We act with openness, fairness, transparency, honesty, reliability, high ethical standards, professionalism, accountability, corporate thinking and ensure alignment to achieve our overall goals as a total rather than a segment. Our employees place authority where responsibility lies, deliver on commitments and seek and provide constructive feedback.</p>\r\n				</div>\r\n\r\n				<div class=\"medium-5 column\">\r\n					<img src=\"/assets/img/brittania-u-people-discussing-strategy.jpg\" alt=\"Brittania-U Staff discussing strategies at work\">\r\n				</div>\r\n			</div>\r\n		</div>', '{\"id\":null,\"enabled\":1,\"archived\":0,\"locale\":\"en_us\",\"localeEnabled\":1,\"slug\":null,\"uri\":null,\"dateCreated\":null,\"dateUpdated\":null,\"root\":null,\"lft\":null,\"rgt\":null,\"level\":null,\"searchScore\":null,\"elementId\":0,\"metaType\":\"template\",\"metaPath\":\"\",\"seoTitle\":\"\",\"seoDescription\":\"\",\"seoKeywords\":\"\",\"twitterCardType\":\"summary\",\"openGraphType\":\"website\",\"robots\":\"\",\"seoImageId\":\"\",\"seoTitleSource\":\"field\",\"seoTitleSourceField\":\"title\",\"seoDescriptionSource\":\"custom\",\"seoDescriptionSourceField\":\"title\",\"seoKeywordsSource\":\"custom\",\"seoKeywordsSourceField\":\"title\",\"seoImageIdSource\":\"custom\",\"seoImageIdSourceField\":\"\",\"seoCommerceVariants\":null,\"__model__\":\"Craft\\\\Seomatic_MetaFieldModel\"}', NULL, NULL, '2016-06-03 13:41:19', '2016-06-03 13:41:19', 'fc3abff5-601f-4e0f-b3ee-f891827ffa9f'),
 ('50', '63', 'en_us', 'Awards and Recognition', '<div class=\"row m-pad column\">\r\n			<h2 class=\"medium-12 column c-p text-alt-light mb-0\">Achievements & Awards</h2>\r\n\r\n			<h5 class=\"column text-light mb-60 c-g\">During our years of operation, we have continued to achieve a number of firsts in petroleum production, while breaking old industry records.</h5>\r\n		</div>\r\n\r\n<div class=\"row m-pad column\">\r\n			<div class=\"small-4 column\">\r\n				<img src=\"/assets/img/awards/award1.jpg\" alt=\"Award1\">\r\n			</div>\r\n			<div class=\"small-4 column\"><img src=\"/assets/img/awards/award2.jpg\" alt=\"Awards2\"></div>\r\n			<div class=\"small-4 column\"><img src=\"/assets/img/awards/award3.jpg\" alt=\"Award3\"></div>\r\n		</div>\r\n\r\n\r\n\r\n<div class=\"medium-12 large-8 column end mt-40\">\r\n			 <div class=\"row m-pad\">\r\n		 		<div class=\"column double-column\">\r\n		 			<h5>Some of the achievements by Brittania-U to date include:</h5>\r\n		 			<ul class=\"chevron\">\r\n		 				<li>We are the first and only indigenous Exploration and Production Company to be headed by a Nigerian woman, as its Executive Chairman/Chief Executive Officer</li>\r\n\r\n		 				<li>We are the first indigenous Oil and Gas Company to become, “The operator”, in a joint venture with a foreign company (i.e. African Energy Equity Resources United Kingdom) in its first year of operation.</li>\r\n\r\n		 				<li>Brittania-U Nigeria Limited is the first indigenous Exploration & Production Company to be funded 100% by a local Bank (Union Bank of Nigeria Plc) and First Bank of Nigeria plc., to the tune of about Fifty Million US Dollars ($120million) for its offshore operation.</li>\r\n\r\n		 				<li>Brittania-U is the first company to drill three wells in three (3) months; build our Floating Production, Storage and Offloading (FPSO) facility in Seven-and-half months; purchase an off-take tanker barge 78,000bbls and a 4,200Hp Tug boat, for our crude deliveries; and produce our first Oil (from drilling to building our production facility and first oil) in 17 months (within two years).</li>\r\n\r\n		 				<li>We are amongst the five(5), our of 24 Marginal Field Operators that emerged from the 2003 bid round that have been able to carry out the minimum activities required by the Regulations.</li>\r\n\r\n		 				<li>Brittania-U Nigeria became the first indigenous Oil & Gas Company to buy out our foreign partners within two years of operation.</li>\r\n\r\n		 				<li>These milestone achievements resulted in the United State Consulate in Nigeria awarding Brittania-U Nigeria Limited and its group, a prestigious award by the United States Commercial Service ... “International Partner” for improving trade relationship between Nigerian and United States due to purchases of equipment and material from the United States within one year which for an indigenous company is unprecedented. This is the first time that a company with two and half years operational history is conferred with the award. The company was also honoured in 2012 with “International Trophy for Quality Award” by Global Grade Leaders Club, Paris</li> \r\n		 			</ul>     \r\n\r\n		 			<p><strong>These we believe, having been achieved by a first-time indigenous operator, is a success story for the Federal Government’s Marginal Field Initiative, as well as the fact that Brittania-U Nigeria Limited is committed to its local content.</strong></p>     \r\n		 		</div>\r\n			</div></div>', '{\"id\":null,\"enabled\":1,\"archived\":0,\"locale\":\"en_us\",\"localeEnabled\":1,\"slug\":null,\"uri\":null,\"dateCreated\":null,\"dateUpdated\":null,\"root\":null,\"lft\":null,\"rgt\":null,\"level\":null,\"searchScore\":null,\"elementId\":0,\"metaType\":\"template\",\"metaPath\":\"\",\"seoTitle\":\"\",\"seoDescription\":\"\",\"seoKeywords\":\"\",\"twitterCardType\":\"summary\",\"openGraphType\":\"website\",\"robots\":\"\",\"seoImageId\":\"\",\"seoTitleSource\":\"field\",\"seoTitleSourceField\":\"title\",\"seoDescriptionSource\":\"custom\",\"seoDescriptionSourceField\":\"title\",\"seoKeywordsSource\":\"custom\",\"seoKeywordsSourceField\":\"title\",\"seoImageIdSource\":\"custom\",\"seoImageIdSourceField\":\"\",\"seoCommerceVariants\":null,\"__model__\":\"Craft\\\\Seomatic_MetaFieldModel\"}', NULL, NULL, '2016-06-03 13:43:44', '2016-06-03 13:47:06', '42ac9bae-1b83-4f0f-9d1e-044501884f11'),
 ('53', '66', 'en_us', 'At A Glance', NULL, NULL, NULL, NULL, '2016-06-03 13:54:21', '2016-06-03 13:57:53', '174f17cf-55b5-4c5a-abfc-3c3a463e9c3e'),
 ('54', '67', 'en_us', 'History of Brittania-U', NULL, NULL, NULL, NULL, '2016-06-03 13:54:54', '2016-06-03 13:54:54', '6db85fb0-a804-4fdd-b763-bca1a520c08e'),
 ('55', '68', 'en_us', 'Vision & Mission', NULL, NULL, NULL, NULL, '2016-06-03 13:55:33', '2016-06-03 14:08:37', 'ba8ff70c-1e44-4a27-adc2-15a9e49e9b0f'),
 ('57', '70', 'en_us', 'Board & Executive Team', NULL, NULL, NULL, NULL, '2016-06-03 13:56:17', '2016-06-03 13:56:17', '24ccf940-9857-4dba-9ffd-2c34dfd0cd82'),
 ('58', '71', 'en_us', 'What We do', NULL, NULL, NULL, NULL, '2016-06-03 13:56:45', '2016-06-03 13:56:45', '6fcf5001-f197-40e8-a5d3-6ae7a1e1e8bf'),
 ('59', '72', 'en_us', 'People & Values', NULL, NULL, NULL, NULL, '2016-06-03 13:57:05', '2016-06-03 13:57:05', '02c0c887-e799-4f69-a265-72f0a3534fbc'),
 ('60', '73', 'en_us', 'Awards & Recognition', NULL, NULL, NULL, NULL, '2016-06-03 13:57:32', '2016-06-03 13:57:32', 'cbbe0256-aa0f-4f9d-a351-35f801187d95'),
 ('61', '74', 'en_us', 'Brittania U Small', NULL, NULL, NULL, NULL, '2016-06-03 18:28:18', '2016-06-03 18:28:18', '988e58ed-3d8c-4aac-aad2-4ffaae83472c'),
 ('62', '75', 'en_us', 'Brittania-U', '<div class=\"row m-pad column\">\r\n			<h2 class=\"medium-12 column c-p text-alt-light mb-0\">Brittania-U</h2>\r\n\r\n				<div class=\"medium-11 large-10 column end\">\r\n					<img src=\"/assets/img/brittania-u-small.svg\" alt=\"Brittnia-U\" class=\"medium-5 large-6 float-right\">\r\n\r\n					<h5 class=\"text-light c-g\">\r\n					Brittania-U is the Group\'s parent company and focal point of all management and oversight operations.</h5>\r\n\r\n					<h4 class=\"c-p mt-40\">Brittania-U Nigeria</h4>\r\n					<p>\r\n						Brittania-U Nigeria oversees the operations of the Group in Nigeria and the Upstream (Exploration & Production) activities of the company.\r\n					</p>\r\n\r\n					<p>\r\n						For a short period of time, Brittania-U Nigeria\'s operations has led to establishment of other subsidiaries and affiliates in the hydrocarbon chain.\r\n					</p>\r\n\r\n					<p>\r\n						Brittania-U Nigeria serves as the headquarters of the Brittania-U Group and operates major assets such as the CNL Ajapa Marginal Field (OML 90) and the Ajapa-1 SDTR2 and Tripod/Wellhead, including the FPSO - Brittania-U I.\r\n					</p>\r\n\r\n					<h4 class=\"c-p mt-40\">Brittania-U Ghana</h4>\r\n\r\n					<p>In furtherance of the Brittania-U Vision, the BUNL Group has started new business development and expansion in Ghana with a view to explore new opportunities and expanding the current downstream operations</p>\r\n\r\n					<h4 class=\"c-p mt-40\">Brittania-U USA LLC</h4>\r\n\r\n					<p>Brittania-U USA Serves as a research and development centre for the Brittania-U Group and administrative hub for all Brittania-U\'s activities outside the shores of Africa.</p>\r\n				</div>\r\n		</div>', '{\"id\":null,\"enabled\":1,\"archived\":0,\"locale\":\"en_us\",\"localeEnabled\":1,\"slug\":null,\"uri\":null,\"dateCreated\":null,\"dateUpdated\":null,\"root\":null,\"lft\":null,\"rgt\":null,\"level\":null,\"searchScore\":null,\"elementId\":0,\"metaType\":\"template\",\"metaPath\":\"\",\"seoTitle\":\"\",\"seoDescription\":\"\",\"seoKeywords\":\"\",\"twitterCardType\":\"summary\",\"openGraphType\":\"website\",\"robots\":\"\",\"seoImageId\":\"\",\"seoTitleSource\":\"field\",\"seoTitleSourceField\":\"title\",\"seoDescriptionSource\":\"custom\",\"seoDescriptionSourceField\":\"title\",\"seoKeywordsSource\":\"custom\",\"seoKeywordsSourceField\":\"title\",\"seoImageIdSource\":\"custom\",\"seoImageIdSourceField\":\"thumbnail\",\"seoCommerceVariants\":null,\"__model__\":\"Craft\\\\Seomatic_MetaFieldModel\"}', NULL, NULL, '2016-06-03 18:28:59', '2016-06-03 19:09:53', 'c80dee88-c779-4e31-8774-bc8ca4acd1d6'),
 ('63', '76', 'en_us', 'Brittania U Drilling', NULL, NULL, NULL, NULL, '2016-06-03 18:39:52', '2016-06-03 18:39:52', 'e645532f-d874-46df-969b-5bb8c6726ceb'),
 ('64', '77', 'en_us', 'Brittania-U Drilling Co. Ltd.', '<div class=\"row m-pad column\">\r\n			<h2 class=\"medium-12 column c-p text-alt-light mb-0\">Brittania-U Drilling Co. Ltd.</h2>\r\n\r\n				<div class=\"medium-11 large-12 column end\">\r\n					<img src=\"/assets/img/brittania-u-drilling.svg\" alt=\"Brittnia-U Drilling\" class=\"medium-5 large-6\">\r\n\r\n					<img src=\"/assets/img/brittania-u-exploration-and-production.jpg\" alt=\"Brittania-U Drilling Operations\" class=\"medium-5 float-right\">\r\n\r\n					<div class=\"row medium-10 mt-60 column end\">\r\n						<h5 class=\"text-light c-g\">\r\n						Brittania-U Drilling and Oil services company Nig. Ltd is a subsidiary of Brittania-U. It provides drilling Rigs and drilling services to the Brittania-U as well as provide Rig-on-hire-and-bundle services to other oil and energy companies.</h5>\r\n\r\n						<h4 class=\"c-p mt-40\">Brittania-U Nigeria</h4>\r\n						\r\n						<p>Brittania-U Drilling & Oil Services Co. Ltd. currently have a 152ft Rig for our drilling program on Brittania-U’s block at Ajapa (OML 90) field as well as offer rig lease/charter services to independent companies on term contract.&nbsp;Our reputation for quality services in a safe working environment exceeds industry standards as our&nbsp;rig and other equipment’s&nbsp;are all state-of-the-art, high-specification drill-ships, which benefit from a proven design and highly developed construction techniques.</p>\r\n\r\n						<p>The Brittania-U Drilling and Oil Services team is performance-oriented, providing technologically advanced equipment, extensive industry experience, a safe operating environment, and quality service to our clients in the worldwide oil and gas industry.</p>\r\n					</div>\r\n				</div>\r\n		</div>', '{\"id\":null,\"enabled\":1,\"archived\":0,\"locale\":\"en_us\",\"localeEnabled\":1,\"slug\":null,\"uri\":null,\"dateCreated\":null,\"dateUpdated\":null,\"root\":null,\"lft\":null,\"rgt\":null,\"level\":null,\"searchScore\":null,\"elementId\":0,\"metaType\":\"template\",\"metaPath\":\"\",\"seoTitle\":\"\",\"seoDescription\":\"\",\"seoKeywords\":\"\",\"twitterCardType\":\"summary\",\"openGraphType\":\"website\",\"robots\":\"\",\"seoImageId\":\"\",\"seoTitleSource\":\"field\",\"seoTitleSourceField\":\"title\",\"seoDescriptionSource\":\"custom\",\"seoDescriptionSourceField\":\"title\",\"seoKeywordsSource\":\"custom\",\"seoKeywordsSourceField\":\"title\",\"seoImageIdSource\":\"custom\",\"seoImageIdSourceField\":\"thumbnail\",\"seoCommerceVariants\":null,\"__model__\":\"Craft\\\\Seomatic_MetaFieldModel\"}', NULL, NULL, '2016-06-03 18:44:14', '2016-06-03 19:09:53', '25917470-42fd-4559-a3a7-22b29540b8b9'),
 ('65', '78', 'en_us', 'Dacl', NULL, NULL, NULL, NULL, '2016-06-03 18:45:55', '2016-06-03 18:45:55', 'b549850f-83aa-43c3-960d-a60dc164b126'),
 ('66', '79', 'en_us', 'Data Appraisal Co. Ltd', '\r\n		<div class=\"row m-pad column\">\r\n			<h2 class=\"medium-12 column c-p text-alt-light mb-0\">Data Appraisal Co. Ltd.</h2>\r\n\r\n				<div class=\"medium-11 large-12 column end\">\r\n					<img src=\"/assets/img/dacl.svg\" alt=\"Data Appraisal Co. Ltd\" class=\"medium-5 large-6\">\r\n\r\n					<img src=\"/assets/img/seismic-data.jpg\" alt=\"Seismic data\" class=\"medium-5 float-right\">\r\n\r\n					<div class=\"row medium-10 mt-60 column end\">\r\n						<h5 class=\"text-light c-g\">\r\n						DACL is an affiliate of Brittania-U Group with focus in subsurface engineering.</h5>\r\n						\r\n						<p>DACL’s operations are fully automated with all the modern facilities and technologies needed for comprehensive oil and energy appraisal – from engineering to static modeling through dynamics to complete field appraisal, DACL was established to provide energy companies, including Brittania-U, technology and knowledge driven subsurface Engineering services.</p>\r\n\r\n						<p>With a team of experienced professionals, DACL enables companies to optimize exploitation of its assets at reduced costs, as well as provide them with the needed team of data analysts, geologists and engineers needed to run successful appraisal programs.</p>\r\n\r\n						<p>Due to the spare capacity and level of experience of Principals, the concept of Data Appraisal Company was able to utilize spare capacity in this area for clients and was able to sustain the high caliber of Nigerian professionals available to achieve Brittania-U growth aspirations. The company successfully appraised the mapping as well as identified the new coordinates for our new successful well completed in 2013 in collaboration with Schlumberger group. The appraisal discovered a new, previously unmapped zone. The team of seasoned geologists and petroleum engineers are poised to provide quality services to clients in and out of Nigeria. The management is exploring partnerships with companies with similar ethical and professional values.</p>\r\n\r\n						<h5 class=\"mt-60\">Scope of services provided by DACL includes:</h5>\r\n\r\n						<p><strong>Geological and Geophysical Studies</strong></p>\r\n						<ul class=\"chevron\">\r\n							<li>Seismic Data Quality Control</li>\r\n							<li>Geophysical &amp; Geological Interpretation</li>\r\n							<li>Integrated G &amp; G Studies</li>\r\n							<li>Static Modeling</li>\r\n							<li>Workstation Services</li>\r\n\r\n						</ul>\r\n\r\n						<p><strong>3D Geological &amp; reservoir Static Modeling</strong></p>\r\n						<ul class=\"chevron\">\r\n							<li>Extensive experience with Petrel</li>\r\n							<li>Integration of Petrophysics, Geological, Geophysics, and Well Engineering data</li>\r\n							<li>Stochastic modeling</li>\r\n\r\n						</ul>\r\n\r\n						<p><strong>Reservoir Engineering</strong></p>\r\n						<ul class=\"chevron\">\r\n							<li>Field Development planning</li>\r\n							<li>Depletion Performance prediction</li>\r\n							<li>Water-flooding</li>\r\n							<li>EOR studies &amp; Miscible flooding</li>\r\n							<li>Material Blance using MBALTM</li>\r\n							<li>3DStatic Modeling: PETRELTM</li>\r\n							<li>Reservoir Simulation usin black oil, composition or thermal in IMEXTM Eclipse TM</li>\r\n						</ul>\r\n						\r\n						<p><strong>Technology and Systems</strong></p>\r\n\r\n						<ul class=\"chevron\">\r\n							<li>Seismic Interpretation Workstations – Open Works</li>\r\n							<li>Petrophysics Workstation – Powerlog &amp; Interactive Petrophysics</li>\r\n							<li>Geological Modeling Worksation – Petrel</li>\r\n							<li>Reservoir Modeling Workstation – Eclipse</li>\r\n							<li>Petroleum Egineering Analysis using : MBAL, PROSPER, WELFLO,FORRGAS, PIE, MONTE CARLO</li>\r\n						</ul>\r\n						\r\n						<p>\r\n							<strong>The DACL sub-surface engineering group is the first of its kind to be owned by indigenous Oil and Gas Company. The company has all the latest software and services that any international company can provide.</strong>\r\n						</p>\r\n\r\n					</div>\r\n				</div>\r\n		</div>', '{\"id\":null,\"enabled\":1,\"archived\":0,\"locale\":\"en_us\",\"localeEnabled\":1,\"slug\":null,\"uri\":null,\"dateCreated\":null,\"dateUpdated\":null,\"root\":null,\"lft\":null,\"rgt\":null,\"level\":null,\"searchScore\":null,\"elementId\":0,\"metaType\":\"template\",\"metaPath\":\"\",\"seoTitle\":\"\",\"seoDescription\":\"\",\"seoKeywords\":\"\",\"twitterCardType\":\"summary\",\"openGraphType\":\"website\",\"robots\":\"\",\"seoImageId\":\"\",\"seoTitleSource\":\"field\",\"seoTitleSourceField\":\"title\",\"seoDescriptionSource\":\"custom\",\"seoDescriptionSourceField\":\"title\",\"seoKeywordsSource\":\"custom\",\"seoKeywordsSourceField\":\"title\",\"seoImageIdSource\":\"custom\",\"seoImageIdSourceField\":\"thumbnail\",\"seoCommerceVariants\":null,\"__model__\":\"Craft\\\\Seomatic_MetaFieldModel\"}', NULL, NULL, '2016-06-03 18:46:13', '2016-06-03 19:09:53', '93edeac7-62b3-4f29-8771-e97f385e15b4'),
 ('67', '80', 'en_us', 'Nexttee', NULL, NULL, NULL, NULL, '2016-06-03 18:46:37', '2016-06-03 18:46:37', '2c003ca9-6925-430c-9a41-6f6e4475ddb8'),
 ('68', '81', 'en_us', 'Nextee Oil and Gas', '\r\n		<div class=\"row m-pad column\">\r\n			<h2 class=\"medium-12 column c-p text-alt-light mb-0\">Nexttee Oil and Gas Co. Ltd.</h2>\r\n\r\n				<div class=\"medium-11 large-12 column end\">\r\n					<img src=\"/assets/img/nexttee.svg\" alt=\"Data Appraisal Co. Ltd\" class=\"medium-5 large-6\">\r\n\r\n					<img src=\"/assets/img/brittania-u-what-we-do.jpg\" alt=\"Oil and Gas Trading\" class=\"medium-5 float-right\">\r\n\r\n					<div class=\"row medium-10 mt-60 column end\">\r\n						<h5 class=\"text-light c-g mb-40\">\r\n						Nexttee Oil and Gas Trading Company is an indigenous integrated company and a key player in our downstream operations, Nexttee Oil &amp; Gas Trading Company Nigeria Limited’s main business is Oil trading marketing which includes the sale of crude, refined products, and condensates. </h5>\r\n						\r\n						<p>In a very short period, the company has established a logistics and offshore support vessels division of our downstream sector. The company was the first indigenous company to bring in all full four (8) cargoes of between 10,000mts, 32-35,000 Metric tonnes of premium motor spirit, within the past two years of our operation.</p>\r\n\r\n						<p>Nexttee Oil &amp; Gas Trading Company Nigeria Limited has demonstrated enough capability to handle bigger projects. We are funded locally for all our trading and vessel charter operations which are Nigerian flagged to the tune of over $200million dollars for both trading and expansion of our vessel fleet. With our partnership with refineries in both United State and Russia, with whom we have signed off-taker agreements to the tune of between 30,000 -200,000bbls per day (between 1 million to Six million barrels) monthly, Nexttee is poised to take our operations to the next level within and outside the African sub-region.</p>\r\n\r\n						<img src=\"/assets/img/nexttee-vessels.jpg\" alt=\"Nexttee Fleet of Vessels\" class=\"mt-20\">\r\n\r\n						<h4 class=\"c-p mt-40\">Fleet Operations</h4>\r\n\r\n						<h5 class=\"text-light\">\r\n							Nextee runs a Fleet service for movement of people, materials and products from shore to offshore locations and the loading of crude to delivery destination. Our current fleet of vessels include:\r\n						</h5>\r\n						<ul class=\"chevron\">\r\n							<li>A Nigerian Flagged - Dynamic Positioning Vessel (DP1)</li>\r\n							<li>MV Northern Princess</li>\r\n							<li>OSV Prince Edward</li>\r\n							<li>OSV Princess Royale</li>\r\n							<li>BU-II</li>\r\n						</ul>\r\n					</div>\r\n				</div>\r\n		</div>', '{\"id\":null,\"enabled\":1,\"archived\":0,\"locale\":\"en_us\",\"localeEnabled\":1,\"slug\":null,\"uri\":null,\"dateCreated\":null,\"dateUpdated\":null,\"root\":null,\"lft\":null,\"rgt\":null,\"level\":null,\"searchScore\":null,\"elementId\":0,\"metaType\":\"template\",\"metaPath\":\"\",\"seoTitle\":\"\",\"seoDescription\":\"\",\"seoKeywords\":\"\",\"twitterCardType\":\"summary\",\"openGraphType\":\"website\",\"robots\":\"\",\"seoImageId\":\"\",\"seoTitleSource\":\"field\",\"seoTitleSourceField\":\"title\",\"seoDescriptionSource\":\"custom\",\"seoDescriptionSourceField\":\"title\",\"seoKeywordsSource\":\"custom\",\"seoKeywordsSourceField\":\"title\",\"seoImageIdSource\":\"custom\",\"seoImageIdSourceField\":\"thumbnail\",\"seoCommerceVariants\":null,\"__model__\":\"Craft\\\\Seomatic_MetaFieldModel\"}', NULL, NULL, '2016-06-03 18:47:29', '2016-06-03 19:09:53', '6f2a1fc4-dfa7-4f81-8166-75ac58d3e05e'),
 ('69', '82', 'en_us', 'The Group', '<h3 class=\"medium-12 mt-40 c-p\">Group Organisation</h3>\r\n\r\n<p class=\"large-8\">\r\n					The group is organized into three interrelated business segments: Upstream, Drilling, Trading & Oil Services, Geology and Engineering Consultancy. These three business segments cover every aspect of the oil and gas industry, from exploration, development, production, refining and petrochemicals to marketing, trading and shipping.\r\n				</p>\r\n\r\n\r\n\r\n<p class=\"medium-8 large-6\"><strong>From the core, Brittania-U has sprung several independent but interrelated companies with concentrations in Sub-Surface Engineering (Data Appraisal Nigeria Ltd), Drilling Services (Brittania-U Drilling & Oil Services Ltd), Shipping and Downstream Trading (Nextee Oil & Gas Trading Company Nigeria Limited).</strong></p>', '{\"id\":null,\"enabled\":1,\"archived\":0,\"locale\":\"en_us\",\"localeEnabled\":1,\"slug\":null,\"uri\":null,\"dateCreated\":null,\"dateUpdated\":null,\"root\":null,\"lft\":null,\"rgt\":null,\"level\":null,\"searchScore\":null,\"elementId\":0,\"metaType\":\"template\",\"metaPath\":\"\",\"seoTitle\":\"\",\"seoDescription\":\"\",\"seoKeywords\":\"\",\"twitterCardType\":\"summary\",\"openGraphType\":\"website\",\"robots\":\"\",\"seoImageId\":\"\",\"seoTitleSource\":\"field\",\"seoTitleSourceField\":\"title\",\"seoDescriptionSource\":\"custom\",\"seoDescriptionSourceField\":\"title\",\"seoKeywordsSource\":\"custom\",\"seoKeywordsSourceField\":\"title\",\"seoImageIdSource\":\"custom\",\"seoImageIdSourceField\":\"\",\"seoCommerceVariants\":null,\"__model__\":\"Craft\\\\Seomatic_MetaFieldModel\"}', NULL, 'The Group operates an integrated business model, with operation across the oil and gas value chain, from Exploration to Consultancy.', '2016-06-03 18:52:21', '2016-06-03 19:17:27', '2bba25e1-cdfa-4b41-8d5d-385f546d8aea'),
 ('70', '83', 'en_us', 'Group Overview', NULL, NULL, NULL, NULL, '2016-06-03 19:12:12', '2016-06-03 19:12:22', '27c5fe12-115e-4deb-8327-6b58215d0bdb'),
 ('71', '84', 'en_us', 'Brittania-U', NULL, NULL, NULL, NULL, '2016-06-03 19:12:41', '2016-06-03 19:12:41', 'b8b7067b-12f7-45fd-be7f-a91f840f6de1'),
 ('72', '85', 'en_us', 'Brittania-U Drilling', NULL, NULL, NULL, NULL, '2016-06-03 19:13:07', '2016-06-03 19:13:07', '2800400c-1e33-44ae-909e-87900b55d05e'),
 ('73', '86', 'en_us', 'DACL', NULL, NULL, NULL, NULL, '2016-06-03 19:13:25', '2016-06-03 19:13:25', 'df1f6f56-5ae3-45bc-8078-d769ddf64d7a'),
 ('74', '87', 'en_us', 'Nextee Oil & Gas Trading ', NULL, NULL, NULL, NULL, '2016-06-03 19:13:49', '2016-06-03 19:13:49', '0c4e9e16-4d13-4d9d-8284-64eb9d104bd6');



DROP TABLE IF EXISTS `craft_deprecationerrors`;


--
-- Schema for table `craft_deprecationerrors`
--
CREATE TABLE `craft_deprecationerrors` (
  `id` int(11) NOT NULL AUTO_INCREMENT,
  `key` varchar(255) COLLATE utf8_unicode_ci NOT NULL,
  `fingerprint` varchar(255) COLLATE utf8_unicode_ci NOT NULL,
  `lastOccurrence` datetime NOT NULL,
  `file` varchar(255) COLLATE utf8_unicode_ci NOT NULL,
  `line` smallint(6) unsigned NOT NULL,
  `class` varchar(255) COLLATE utf8_unicode_ci DEFAULT NULL,
  `method` varchar(255) COLLATE utf8_unicode_ci DEFAULT NULL,
  `template` varchar(255) COLLATE utf8_unicode_ci DEFAULT NULL,
  `templateLine` smallint(6) unsigned DEFAULT NULL,
  `message` varchar(255) COLLATE utf8_unicode_ci DEFAULT NULL,
  `traces` text COLLATE utf8_unicode_ci,
  `dateCreated` datetime NOT NULL,
  `dateUpdated` datetime NOT NULL,
  `uid` char(36) COLLATE utf8_unicode_ci NOT NULL DEFAULT '0',
  PRIMARY KEY (`id`),
  UNIQUE KEY `craft_deprecationerrors_key_fingerprint_unq_idx` (`key`,`fingerprint`)
) ENGINE=InnoDB DEFAULT CHARSET=utf8 COLLATE=utf8_unicode_ci;

DROP TABLE IF EXISTS `craft_elementindexsettings`;


--
-- Schema for table `craft_elementindexsettings`
--
CREATE TABLE `craft_elementindexsettings` (
  `id` int(11) NOT NULL AUTO_INCREMENT,
  `type` varchar(150) COLLATE utf8_unicode_ci NOT NULL,
  `settings` text COLLATE utf8_unicode_ci,
  `dateCreated` datetime NOT NULL,
  `dateUpdated` datetime NOT NULL,
  `uid` char(36) COLLATE utf8_unicode_ci NOT NULL DEFAULT '0',
  PRIMARY KEY (`id`),
  UNIQUE KEY `craft_elementindexsettings_type_unq_idx` (`type`)
) ENGINE=InnoDB AUTO_INCREMENT=4 DEFAULT CHARSET=utf8 COLLATE=utf8_unicode_ci;

--
-- Data for table `craft_elementindexsettings`
--

INSERT INTO `craft_elementindexsettings` (`id`, `type`, `settings`, `dateCreated`, `dateUpdated`, `uid`) VALUES
 ('1', 'Entry', '{\"sources\":{\"section:3\":{\"tableAttributes\":{\"1\":\"postDate\",\"2\":\"expiryDate\",\"3\":\"author\",\"4\":\"link\",\"5\":\"field:12\"}}}}', '2016-06-03 09:06:00', '2016-06-03 09:06:23', '6eddd3ee-f576-4ff8-b7c9-7157211b6670');



DROP TABLE IF EXISTS `craft_elements`;


--
-- Schema for table `craft_elements`
--
CREATE TABLE `craft_elements` (
  `id` int(11) NOT NULL AUTO_INCREMENT,
  `type` varchar(150) COLLATE utf8_unicode_ci NOT NULL,
  `enabled` tinyint(1) unsigned NOT NULL DEFAULT '1',
  `archived` tinyint(1) unsigned NOT NULL DEFAULT '0',
  `dateCreated` datetime NOT NULL,
  `dateUpdated` datetime NOT NULL,
  `uid` char(36) COLLATE utf8_unicode_ci NOT NULL DEFAULT '0',
  PRIMARY KEY (`id`),
  KEY `craft_elements_type_idx` (`type`),
  KEY `craft_elements_enabled_idx` (`enabled`),
  KEY `craft_elements_archived_dateCreated_idx` (`archived`,`dateCreated`)
) ENGINE=InnoDB AUTO_INCREMENT=88 DEFAULT CHARSET=utf8 COLLATE=utf8_unicode_ci;

--
-- Data for table `craft_elements`
--

INSERT INTO `craft_elements` (`id`, `type`, `enabled`, `archived`, `dateCreated`, `dateUpdated`, `uid`) VALUES
 ('1', 'User', '1', '0', '2016-06-03 04:51:54', '2016-06-03 04:51:54', '9513e20b-d35c-496b-bb78-e5e9ef5490ec'),
 ('2', 'Entry', '1', '0', '2016-06-03 04:51:56', '2016-06-03 05:46:58', '4a6df61f-c750-47c2-aa21-c67b6034e62b'),
 ('3', 'Entry', '1', '0', '2016-06-03 04:51:57', '2016-06-03 04:51:57', '225f67fa-30ce-42f9-9397-ef8d85e2e958'),
 ('4', 'Seomatic_Meta', '1', '0', '2016-06-03 05:04:57', '2016-06-03 05:04:57', '701be5c2-3bda-4a45-abb1-51be45db6cfd'),
 ('5', 'Entry', '1', '0', '2016-06-03 06:16:58', '2016-06-03 09:02:29', '14708bcd-13e0-4428-b2bf-c5c1d1a1042a'),
 ('6', 'Asset', '1', '0', '2016-06-03 06:18:15', '2016-06-03 06:18:15', '40da3254-7c5e-4cd9-a11a-e2cccdb19a05'),
 ('7', 'Asset', '1', '0', '2016-06-03 06:18:16', '2016-06-03 06:18:16', 'a57f12ca-c706-4112-b9dd-678146b6a17b'),
 ('8', 'Asset', '1', '0', '2016-06-03 06:18:16', '2016-06-03 06:18:16', '503bfaa4-d287-4aab-ba4e-fb0e9ad1243c'),
 ('9', 'Asset', '1', '0', '2016-06-03 06:21:14', '2016-06-03 06:59:45', 'ce77f543-921a-4abf-8db6-26c5710afa15'),
 ('10', 'Asset', '1', '0', '2016-06-03 06:21:14', '2016-06-03 06:59:26', '605b3d6a-186e-4f9a-ae74-27a840e2dbe9'),
 ('11', 'Asset', '1', '0', '2016-06-03 06:21:15', '2016-06-03 06:59:11', '994c5476-b366-4e01-9076-c4e5c9ff08d2'),
 ('12', 'Asset', '1', '0', '2016-06-03 06:21:15', '2016-06-03 06:58:28', '55c38300-d358-4309-8ed4-8c3bb76912eb'),
 ('13', 'Asset', '1', '0', '2016-06-03 06:21:15', '2016-06-03 06:57:45', '00ee254b-8f5a-4113-8169-660972bf708b'),
 ('14', 'Asset', '1', '0', '2016-06-03 06:21:16', '2016-06-03 06:58:49', '14a6e1af-c097-467c-b8f5-ea0b1b61b6fc'),
 ('15', 'Asset', '1', '0', '2016-06-03 06:24:10', '2016-06-03 07:12:03', 'a4ec5cd6-cf2f-4e16-9009-057268b51325'),
 ('16', 'Asset', '1', '0', '2016-06-03 06:24:10', '2016-06-03 06:24:10', '11139ef5-1cbd-420a-a1c4-f9de2d76d008'),
 ('17', 'Asset', '1', '0', '2016-06-03 06:24:11', '2016-06-03 07:11:41', '5efe0d0b-24f4-4084-a598-c70d9817322f'),
 ('18', 'Asset', '1', '0', '2016-06-03 06:24:11', '2016-06-03 06:24:11', 'e0de9ac6-2f1a-4eb5-9f59-6f406eb7a593'),
 ('19', 'Asset', '1', '0', '2016-06-03 06:24:11', '2016-06-03 06:24:11', '8982ab38-f5e0-4e69-8661-2dcb7f604576'),
 ('20', 'Asset', '1', '0', '2016-06-03 06:24:12', '2016-06-03 06:24:12', 'b78c0324-784e-4c97-9825-73279bb3a997'),
 ('21', 'Asset', '1', '0', '2016-06-03 06:24:12', '2016-06-03 06:24:12', 'cbcac3e3-0dbb-48d7-b6b9-2167f862d00f'),
 ('22', 'Asset', '1', '0', '2016-06-03 06:24:13', '2016-06-03 06:24:13', 'a61ff827-3d67-405b-bb40-40e5027b5a9b'),
 ('25', 'Asset', '1', '0', '2016-06-03 06:25:32', '2016-06-03 07:14:54', '0e5c8a62-5059-4040-9d68-68f3514d145b'),
 ('26', 'Asset', '1', '0', '2016-06-03 06:25:32', '2016-06-03 07:12:41', 'efaa5efb-2300-4dec-92b0-12c777fd8019'),
 ('27', 'Asset', '1', '0', '2016-06-03 06:25:33', '2016-06-03 07:12:23', 'a2c97b06-1f17-4dcb-85ee-24a7724cbc9c'),
 ('28', 'Asset', '1', '0', '2016-06-03 06:25:33', '2016-06-03 07:13:35', '23b8d99d-48f2-4780-8c64-f079e4df5e88'),
 ('29', 'MatrixBlock', '1', '0', '2016-06-03 06:31:29', '2016-06-03 09:02:29', '0ee53608-3c10-4b98-b23e-f1160dff1e3a'),
 ('30', 'MatrixBlock', '1', '0', '2016-06-03 06:48:21', '2016-06-03 09:02:29', '5dea78ad-e35b-4029-aab4-ed1d4794dfb1'),
 ('31', 'Entry', '1', '0', '2016-06-03 07:08:56', '2016-06-03 09:02:41', '99d5d006-dff0-486f-8581-460342dc037a'),
 ('32', 'MatrixBlock', '1', '0', '2016-06-03 07:08:56', '2016-06-03 09:02:41', '7090e943-d163-4a37-913b-cc09420f9753'),
 ('33', 'Entry', '1', '0', '2016-06-03 07:10:01', '2016-06-03 09:02:51', 'f8e7a482-9a94-4349-8c45-ce2df73507ec'),
 ('34', 'MatrixBlock', '1', '0', '2016-06-03 07:10:01', '2016-06-03 09:02:51', 'a71a2907-db61-49bc-9e58-7a79b34022fb'),
 ('35', 'Entry', '1', '0', '2016-06-03 07:11:12', '2016-06-03 09:03:01', 'fa439391-7337-4270-8583-b076e07cdf6b'),
 ('36', 'MatrixBlock', '1', '0', '2016-06-03 07:11:12', '2016-06-03 09:03:01', '87d7ac02-c7b8-4bee-9bce-9baea88ed8e3'),
 ('37', 'Entry', '1', '0', '2016-06-03 07:13:59', '2016-06-03 09:03:11', '1f25fa07-480e-45a0-ab68-db1e80c7c78f'),
 ('38', 'MatrixBlock', '1', '0', '2016-06-03 07:13:59', '2016-06-03 09:03:11', '365e0edf-8ada-491b-9aac-581eb4fcd104'),
 ('39', 'Entry', '1', '0', '2016-06-03 07:14:56', '2016-06-03 09:03:23', '27098023-1815-42da-94a5-7a546736cab2'),
 ('40', 'MatrixBlock', '1', '0', '2016-06-03 07:15:33', '2016-06-03 09:03:23', '20227337-8cb9-4c2c-a304-b54d7397b2b8'),
 ('43', 'Entry', '1', '0', '2016-06-03 09:01:59', '2016-06-03 09:04:02', '0af12474-2d56-43d2-af33-ab85e0b4515a'),
 ('44', 'Entry', '1', '0', '2016-06-03 11:06:57', '2016-06-03 13:51:15', '0daa8a5d-4566-448d-9587-47ef66abccac'),
 ('45', 'Asset', '1', '0', '2016-06-03 11:09:48', '2016-06-03 11:09:48', 'cb8345b2-b92c-42e8-a7e1-732afecfa477'),
 ('46', 'Asset', '1', '0', '2016-06-03 11:10:38', '2016-06-03 11:10:38', '0552ed57-8c6e-49a6-8cbb-c3bbecad7625'),
 ('47', 'Asset', '1', '0', '2016-06-03 11:16:04', '2016-06-03 11:16:04', '4d94bb3a-225a-4c15-8d5c-cfda8f37227a'),
 ('48', 'Asset', '1', '0', '2016-06-03 11:16:07', '2016-06-03 11:16:07', '03c7cbc2-963e-4ca9-bc9d-2e44a7841bd3'),
 ('49', 'Asset', '1', '0', '2016-06-03 11:18:32', '2016-06-03 11:18:32', 'e2ac3936-f205-4f6a-a782-631b956bff3b'),
 ('50', 'MatrixBlock', '1', '0', '2016-06-03 11:19:09', '2016-06-03 13:51:15', '92d321f3-1963-4a53-8761-acdb9ad05c09'),
 ('51', 'MatrixBlock', '1', '0', '2016-06-03 11:19:09', '2016-06-03 13:51:15', 'b45e3c37-0a28-4c62-bda1-0fd1905548a0'),
 ('52', 'MatrixBlock', '1', '0', '2016-06-03 11:19:09', '2016-06-03 13:51:15', 'c552f32f-37e5-4721-9db7-3bc0a3d31c0a'),
 ('53', 'MatrixBlock', '1', '0', '2016-06-03 11:19:09', '2016-06-03 13:51:15', '41748eb8-6b8e-4ccf-b545-abaf0709c0e8'),
 ('54', 'Asset', '1', '0', '2016-06-03 12:42:57', '2016-06-03 12:42:57', '5f2b511f-b5b0-4da9-9d3e-ee1c2aa1ba4a'),
 ('55', 'Asset', '1', '0', '2016-06-03 12:43:05', '2016-06-03 12:43:22', '88e02ea8-e0f0-487d-9b72-f0cd2aa515b1'),
 ('56', 'MatrixBlock', '1', '0', '2016-06-03 12:43:41', '2016-06-03 13:51:15', '4cb23f2f-d9e5-416c-84eb-62e89a8b6185'),
 ('57', 'MatrixBlock', '1', '0', '2016-06-03 12:43:41', '2016-06-03 13:51:15', 'fbed0749-da61-4a3e-a305-67e47f7dffba'),
 ('58', 'Asset', '1', '0', '2016-06-03 12:48:33', '2016-06-03 12:48:33', '2bfc1702-fb04-495d-bac1-092dd9b17fbd'),
 ('59', 'Entry', '1', '0', '2016-06-03 13:30:48', '2016-06-03 13:34:44', 'afd92eaa-aec0-4bfc-9834-17246f93d8f6'),
 ('60', 'Entry', '1', '0', '2016-06-03 13:36:01', '2016-06-03 13:36:52', '01307b39-bfbe-4ff2-9af3-d9ddb6b837d3'),
 ('61', 'Entry', '1', '0', '2016-06-03 13:38:16', '2016-06-03 13:38:16', '78bd5e5d-ae6c-4b49-b391-db7ffcba13ce'),
 ('62', 'Entry', '1', '0', '2016-06-03 13:41:19', '2016-06-03 13:41:19', '3ec24712-23d5-4c20-a257-bd329d7247e3'),
 ('63', 'Entry', '1', '0', '2016-06-03 13:43:44', '2016-06-03 13:47:06', '9de40b95-a068-4762-802b-1efd9dcc9aeb'),
 ('66', 'Navee_Node', '1', '0', '2016-06-03 13:54:21', '2016-06-03 13:57:53', '4280f9ff-e060-4137-bc4a-bfb32a1b5011'),
 ('67', 'Navee_Node', '1', '0', '2016-06-03 13:54:54', '2016-06-03 13:54:54', '71adeb6e-3ffb-4e7e-8081-e5bb7ad46db6'),
 ('68', 'Navee_Node', '1', '0', '2016-06-03 13:55:33', '2016-06-03 14:08:37', '17164f27-3e6e-4403-b266-2ea8129042e4'),
 ('70', 'Navee_Node', '1', '0', '2016-06-03 13:56:17', '2016-06-03 13:56:17', '111fb3a4-616b-47bf-a91b-1e52b2f65da1'),
 ('71', 'Navee_Node', '1', '0', '2016-06-03 13:56:45', '2016-06-03 13:56:45', '76d2a7dc-1d63-44e5-97ec-8c2e052db67f'),
 ('72', 'Navee_Node', '1', '0', '2016-06-03 13:57:05', '2016-06-03 13:57:05', 'ba62daaf-51ec-4a03-86c1-81171e38c241'),
 ('73', 'Navee_Node', '1', '0', '2016-06-03 13:57:32', '2016-06-03 13:57:32', '3be1c950-9dc1-47b7-9ea3-325855c7a5d6'),
 ('74', 'Asset', '1', '0', '2016-06-03 18:28:18', '2016-06-03 18:28:18', '040d0f22-1dce-4770-9747-b0417fba8348'),
 ('75', 'Entry', '1', '0', '2016-06-03 18:28:59', '2016-06-03 19:09:53', '98a655db-bc39-44ff-8626-8309c657cfd7'),
 ('76', 'Asset', '1', '0', '2016-06-03 18:39:52', '2016-06-03 18:39:52', '24b7917f-61cf-4ab2-b7b8-a632af0538c4'),
 ('77', 'Entry', '1', '0', '2016-06-03 18:44:14', '2016-06-03 19:09:53', '0421c0be-8115-4154-8c8e-823e0ec53e09'),
 ('78', 'Asset', '1', '0', '2016-06-03 18:45:55', '2016-06-03 18:45:55', '3921fa7d-eaff-4fce-b450-cad91720be4d'),
 ('79', 'Entry', '1', '0', '2016-06-03 18:46:13', '2016-06-03 19:09:53', 'c30a84a4-9b08-4d10-80ba-f3f450eaacc5'),
 ('80', 'Asset', '1', '0', '2016-06-03 18:46:37', '2016-06-03 18:46:37', '1e6ca73d-4abf-4a30-9a50-6fdfb9fa697e'),
 ('81', 'Entry', '1', '0', '2016-06-03 18:47:29', '2016-06-03 19:09:53', '08b78356-f327-49e7-a716-f5ebdefe0168'),
 ('82', 'Entry', '1', '0', '2016-06-03 18:52:21', '2016-06-03 19:17:27', 'f955ce58-605d-4c5e-af5e-df9ffb5484c1'),
 ('83', 'Navee_Node', '1', '0', '2016-06-03 19:12:12', '2016-06-03 19:12:22', '6bdb5288-3578-40e4-a7c1-aabfad552f53'),
 ('84', 'Navee_Node', '1', '0', '2016-06-03 19:12:41', '2016-06-03 19:12:41', '397eb9a6-2677-4e2c-9aa6-2d0ccd367229'),
 ('85', 'Navee_Node', '1', '0', '2016-06-03 19:13:07', '2016-06-03 19:13:07', '43b41bf6-8ea1-4df3-9f58-7de0cbbdd276'),
 ('86', 'Navee_Node', '1', '0', '2016-06-03 19:13:25', '2016-06-03 19:13:25', '0a3d0d58-2a3d-4d0a-a8b1-6a3176743051'),
 ('87', 'Navee_Node', '1', '0', '2016-06-03 19:13:49', '2016-06-03 19:13:49', '6dae8b04-fddb-44da-83f3-e06755112635');



DROP TABLE IF EXISTS `craft_elements_i18n`;


--
-- Schema for table `craft_elements_i18n`
--
CREATE TABLE `craft_elements_i18n` (
  `id` int(11) NOT NULL AUTO_INCREMENT,
  `elementId` int(11) NOT NULL,
  `locale` char(12) COLLATE utf8_unicode_ci NOT NULL,
  `slug` varchar(255) COLLATE utf8_unicode_ci DEFAULT NULL,
  `uri` varchar(255) COLLATE utf8_unicode_ci DEFAULT NULL,
  `enabled` tinyint(1) unsigned NOT NULL DEFAULT '1',
  `dateCreated` datetime NOT NULL,
  `dateUpdated` datetime NOT NULL,
  `uid` char(36) COLLATE utf8_unicode_ci NOT NULL DEFAULT '0',
  PRIMARY KEY (`id`),
  UNIQUE KEY `craft_elements_i18n_elementId_locale_unq_idx` (`elementId`,`locale`),
  UNIQUE KEY `craft_elements_i18n_uri_locale_unq_idx` (`uri`,`locale`),
  KEY `craft_elements_i18n_slug_locale_idx` (`slug`,`locale`),
  KEY `craft_elements_i18n_enabled_idx` (`enabled`),
  KEY `craft_elements_i18n_locale_fk` (`locale`)
) ENGINE=InnoDB AUTO_INCREMENT=88 DEFAULT CHARSET=utf8 COLLATE=utf8_unicode_ci;

--
-- Data for table `craft_elements_i18n`
--

INSERT INTO `craft_elements_i18n` (`id`, `elementId`, `locale`, `slug`, `uri`, `enabled`, `dateCreated`, `dateUpdated`, `uid`) VALUES
 ('1', '1', 'en_us', '', NULL, '1', '2016-06-03 04:51:54', '2016-06-03 04:51:54', '4aa86769-21a4-4c56-ad7f-e1e398d91482'),
 ('2', '2', 'en_us', 'homepage', '__home__', '1', '2016-06-03 04:51:56', '2016-06-03 05:46:58', 'dd05bb98-c894-4a16-8207-1e863ca78309'),
 ('3', '3', 'en_us', 'we-just-installed-craft', 'news/2016/we-just-installed-craft', '1', '2016-06-03 04:51:57', '2016-06-03 04:51:57', '7e142bfa-6f3d-4060-ac31-eaca003a24ac'),
 ('4', '4', 'en_us', 'seo-tab', NULL, '1', '2016-06-03 05:04:57', '2016-06-03 05:04:57', 'ced71a21-4f32-4fec-9183-4eaa4a420103'),
 ('5', '5', 'en_us', 'catherine-uju-ifejika', 'about/board-and-executive-team/catherine-uju-ifejika', '1', '2016-06-03 06:16:58', '2016-06-03 09:04:02', 'a7ec9887-ffd0-4312-ad9f-2dc97617c78b'),
 ('6', '6', 'en_us', 'award1', NULL, '1', '2016-06-03 06:18:15', '2016-06-03 06:18:15', '54149974-b213-4247-b5ec-8f8f4dbed7c8'),
 ('7', '7', 'en_us', 'award2', NULL, '1', '2016-06-03 06:18:16', '2016-06-03 06:18:16', '15e846b0-51e5-49e0-9923-ca944438afb8'),
 ('8', '8', 'en_us', 'award3', NULL, '1', '2016-06-03 06:18:16', '2016-06-03 06:18:16', 'b3e54c36-e5eb-4896-a641-58ddb1db7088'),
 ('9', '9', 'en_us', 'uju-ifejika-african-business-woman-of-the-year', NULL, '1', '2016-06-03 06:21:14', '2016-06-03 06:59:45', 'fd88fbaa-5104-44e7-951a-6dd14df8e933'),
 ('10', '10', 'en_us', 'uju-ifejika-african-most-outstanding-business-woman-gold-award-of-excelence', NULL, '1', '2016-06-03 06:21:14', '2016-06-03 06:59:26', 'fefbfa1e-9bc4-4723-b5eb-5137ecd2b978'),
 ('11', '11', 'en_us', 'uju-ifejika-african-oil-and-gas-amazon-of-the-year-award-2011', NULL, '1', '2016-06-03 06:21:15', '2016-06-03 06:59:11', '94333258-795c-4238-b047-68690ba61db3'),
 ('12', '12', 'en_us', 'uju-ifejika-global-business-ambassador', NULL, '1', '2016-06-03 06:21:15', '2016-06-03 06:58:29', 'b63ef23a-7308-47be-a416-f1cecd412f67'),
 ('13', '13', 'en_us', 'uju-ifejika-nigeria-50-50-award', NULL, '1', '2016-06-03 06:21:15', '2016-06-03 06:57:45', '5050c874-238f-4818-904d-4670911ac308'),
 ('14', '14', 'en_us', 'uju-ifejika-this-day-award', NULL, '1', '2016-06-03 06:21:16', '2016-06-03 06:58:49', '3cd4eb51-45c5-491a-aea1-7724d2e6c563'),
 ('15', '15', 'en_us', 'ahmed-akhter-qazi-main', NULL, '1', '2016-06-03 06:24:10', '2016-06-03 07:12:03', '9026b32f-c0f5-4ebd-974e-b684d368489c'),
 ('16', '16', 'en_us', 'ahmed-akhter-qazi', NULL, '1', '2016-06-03 06:24:10', '2016-06-03 06:24:10', '3f7e7035-df12-4038-acf9-3ff0fc7c20c3'),
 ('17', '17', 'en_us', 'catherine-uju-ifejika-main', NULL, '1', '2016-06-03 06:24:11', '2016-06-03 07:11:41', '0d579509-09f8-4452-b714-fb4a866659a8'),
 ('18', '18', 'en_us', 'catherine-uju-ifejika', NULL, '1', '2016-06-03 06:24:11', '2016-06-03 06:24:11', '91b299b0-8aea-4547-8713-7252ec143837'),
 ('19', '19', 'en_us', 'chibuzor-steve-nwaogu', NULL, '1', '2016-06-03 06:24:11', '2016-06-03 06:24:11', 'cd5cb292-9ba7-4586-9a3a-0f128ca4efc6'),
 ('20', '20', 'en_us', 'julius-e-sea', NULL, '1', '2016-06-03 06:24:12', '2016-06-03 06:24:12', '5fc757c7-ceb0-4ee6-ae98-157ac5aa2230'),
 ('21', '21', 'en_us', 'nwafor-chukwuemeka', NULL, '1', '2016-06-03 06:24:12', '2016-06-03 06:24:12', '1e5d5c0f-4df0-450f-ab70-3283b96a84b9'),
 ('22', '22', 'en_us', 'oluremi-odutola', NULL, '1', '2016-06-03 06:24:13', '2016-06-03 06:24:13', '6228ef7f-1085-49e1-ad23-f0f208a34809'),
 ('25', '25', 'en_us', 'chibuzor-steve-nwaogu-main', NULL, '1', '2016-06-03 06:25:32', '2016-06-03 07:14:54', 'aac4f3cc-10a3-4393-8cbc-28a7f24491ea'),
 ('26', '26', 'en_us', 'julius-e-sea-main', NULL, '1', '2016-06-03 06:25:32', '2016-06-03 07:12:41', '08edbcf9-fd61-410c-b225-84f8ff4f7c9c'),
 ('27', '27', 'en_us', 'nwafor-chukwuemeka-main', NULL, '1', '2016-06-03 06:25:33', '2016-06-03 07:12:23', 'a2fb07f0-d601-492e-895d-595c5365935c'),
 ('28', '28', 'en_us', 'oluremi-odutola-main', NULL, '1', '2016-06-03 06:25:33', '2016-06-03 07:13:35', '9f16c703-c7c3-47e3-88cf-82711d579ed8'),
 ('29', '29', 'en_us', '', NULL, '1', '2016-06-03 06:31:29', '2016-06-03 09:02:29', '06b285be-ec48-4acd-b6ef-78dfa6f58095'),
 ('30', '30', 'en_us', '', NULL, '1', '2016-06-03 06:48:21', '2016-06-03 09:02:29', '12d7abfb-e7dc-4a74-8675-ee77dc3028f2'),
 ('31', '31', 'en_us', 'ahmed-akhter-qazi', 'about/board-and-executive-team/ahmed-akhter-qazi', '1', '2016-06-03 07:08:56', '2016-06-03 09:02:41', 'e564cdcb-b6d4-4511-a1fc-18fe77ffe745'),
 ('32', '32', 'en_us', '', NULL, '1', '2016-06-03 07:08:56', '2016-06-03 09:02:41', 'd331ecbf-670e-4d99-9254-3a30651e1af1'),
 ('33', '33', 'en_us', 'nwafor-chukwuemeka-simon', 'about/board-and-executive-team/nwafor-chukwuemeka-simon', '1', '2016-06-03 07:10:01', '2016-06-03 09:02:51', '3b8e7b30-373c-4cb1-ae58-ecbd53d0d012'),
 ('34', '34', 'en_us', '', NULL, '1', '2016-06-03 07:10:01', '2016-06-03 09:02:51', '0e83380f-a889-49c1-ac1e-9aa33d9a7518'),
 ('35', '35', 'en_us', 'julius-e-sea', 'about/board-and-executive-team/julius-e-sea', '1', '2016-06-03 07:11:12', '2016-06-03 09:03:01', 'f15b4d56-e765-4fdf-b915-76dad68d000a'),
 ('36', '36', 'en_us', '', NULL, '1', '2016-06-03 07:11:12', '2016-06-03 09:03:01', '6d6a92d7-8e42-4a79-ac3c-0f5fb61e8679'),
 ('37', '37', 'en_us', 'oluremi-odutola', 'about/board-and-executive-team/oluremi-odutola', '1', '2016-06-03 07:13:59', '2016-06-03 09:03:11', '0a9b8b5d-6a67-49d9-ae17-0a70835fdf11'),
 ('38', '38', 'en_us', '', NULL, '1', '2016-06-03 07:13:59', '2016-06-03 09:03:11', 'fb75d079-5f44-4dc3-b85b-195986af24b6'),
 ('39', '39', 'en_us', 'chibuzor-steve-nwaogu', 'about/board-and-executive-team/chibuzor-steve-nwaogu', '1', '2016-06-03 07:14:56', '2016-06-03 09:03:23', 'e38b5a5e-a473-4851-bca6-c55a898b0407'),
 ('40', '40', 'en_us', '', NULL, '1', '2016-06-03 07:15:33', '2016-06-03 09:03:23', '04cb2c67-dff7-41e2-b300-42c3238158a4'),
 ('43', '43', 'en_us', 'board-and-executive-team', 'about/board-and-executive-team', '1', '2016-06-03 09:01:59', '2016-06-03 13:47:50', 'e85cafba-d2c5-4a43-948c-a39120c573ec'),
 ('44', '44', 'en_us', 'about-landing', 'about', '1', '2016-06-03 11:06:57', '2016-06-03 13:51:15', '7d64dacc-ba9d-42ef-93b5-d084f02d59e1'),
 ('45', '45', 'en_us', 'about-video-placeholder', NULL, '1', '2016-06-03 11:09:48', '2016-06-03 11:09:48', '781e6164-830a-45a7-a308-cda81d3acb61'),
 ('46', '46', 'en_us', 'uju-ifejika-brittania-u-ceo', NULL, '1', '2016-06-03 11:10:38', '2016-06-03 11:10:38', '95910610-2a98-4e95-b7be-3a2adcd24897'),
 ('47', '47', 'en_us', 'the-group', NULL, '1', '2016-06-03 11:16:04', '2016-06-03 11:16:04', '947e0cca-8a12-49ba-9449-eb3ca546e12d'),
 ('48', '48', 'en_us', 'brittania-u-vision-and-mission', NULL, '1', '2016-06-03 11:16:07', '2016-06-03 11:16:07', 'fcf9a700-5d95-4732-812c-08675a2b0bf3'),
 ('49', '49', 'en_us', 'strategy-and-leadership', NULL, '1', '2016-06-03 11:18:32', '2016-06-03 11:18:32', 'b8525896-8667-4c8b-80a4-398d1355487b'),
 ('50', '50', 'en_us', '', NULL, '1', '2016-06-03 11:19:09', '2016-06-03 13:51:15', '5b9f0b5d-50ca-4934-8b16-1295f775cb69'),
 ('51', '51', 'en_us', '', NULL, '1', '2016-06-03 11:19:09', '2016-06-03 13:51:15', '1bade0f5-9cf2-4b8e-b1c7-fbe54b22c4c5'),
 ('52', '52', 'en_us', '', NULL, '1', '2016-06-03 11:19:09', '2016-06-03 13:51:15', '8cc9ee0e-611c-47e9-8e10-9c0da03b5e04'),
 ('53', '53', 'en_us', '', NULL, '1', '2016-06-03 11:19:09', '2016-06-03 13:51:15', 'fe67c85e-2b75-45ea-adbe-e343042f486f'),
 ('54', '54', 'en_us', 'brittania-u-what-we-do', NULL, '1', '2016-06-03 12:42:57', '2016-06-03 12:42:57', 'c138af7a-430b-4d6f-8a93-954b9065ff55'),
 ('55', '55', 'en_us', 'our-people-and-values-thumb', NULL, '1', '2016-06-03 12:43:05', '2016-06-03 12:43:22', '7974dd95-291b-48e8-8b0e-8f736f955579'),
 ('56', '56', 'en_us', '', NULL, '1', '2016-06-03 12:43:41', '2016-06-03 13:51:15', 'b6c01928-0a69-42d9-b6bb-4aa0598ead20'),
 ('57', '57', 'en_us', '', NULL, '1', '2016-06-03 12:43:41', '2016-06-03 13:51:15', '6a389dbb-00c8-499b-bfe6-60cb53336b3f'),
 ('58', '58', 'en_us', 'brittania-u-what-we-do', NULL, '1', '2016-06-03 12:48:33', '2016-06-03 12:48:33', '816711ef-98f3-4ea6-8380-0aab42efbad6'),
 ('59', '59', 'en_us', 'our-history', 'about/our-history', '1', '2016-06-03 13:30:48', '2016-06-03 13:34:44', 'b97f67b1-c219-47a1-ab3f-801ffb32ed7e'),
 ('60', '60', 'en_us', 'what-we-do', 'about/what-we-do', '1', '2016-06-03 13:36:01', '2016-06-03 13:36:52', 'a706104b-d1c7-486b-aef6-2591a6559696'),
 ('61', '61', 'en_us', 'vision-and-mission', 'about/vision-and-mission', '1', '2016-06-03 13:38:16', '2016-06-03 13:47:43', '7c40d449-a428-4523-ae04-b2cd73cd64d7'),
 ('62', '62', 'en_us', 'people-and-values', 'about/people-and-values', '1', '2016-06-03 13:41:19', '2016-06-03 13:41:19', '40825c57-abe8-4f80-9d22-5245bea9eca1'),
 ('63', '63', 'en_us', 'awards-and-recognition', 'about/awards-and-recognition', '1', '2016-06-03 13:43:44', '2016-06-03 13:47:06', '9611d169-72f4-40d5-9d77-165684142e3f'),
 ('66', '66', 'en_us', 'overview', NULL, '1', '2016-06-03 13:54:21', '2016-06-03 13:57:53', '15ef7a79-c36c-4c3e-98bc-9e2a4c14dfeb'),
 ('67', '67', 'en_us', 'history-of-brittania-u', NULL, '1', '2016-06-03 13:54:54', '2016-06-03 13:54:54', '9ab44b0a-34b2-41e7-9b18-da251f8861b1'),
 ('68', '68', 'en_us', 'vision-mission', NULL, '1', '2016-06-03 13:55:33', '2016-06-03 14:08:37', '3fc11974-3e24-4cc7-ae13-cc295fee75cf'),
 ('70', '70', 'en_us', 'board-executive-team', NULL, '1', '2016-06-03 13:56:17', '2016-06-03 13:56:17', 'dfb9c608-3b53-4526-bb4e-5544c6bf2c05'),
 ('71', '71', 'en_us', 'what-we-do', NULL, '1', '2016-06-03 13:56:45', '2016-06-03 13:56:45', '7ff1e5b1-c739-433b-a50e-291e87e34f3e'),
 ('72', '72', 'en_us', 'people-values', NULL, '1', '2016-06-03 13:57:05', '2016-06-03 13:57:05', 'f62c2b5b-1137-4de9-b7df-1fbcde9024b3'),
 ('73', '73', 'en_us', 'awards-recognition', NULL, '1', '2016-06-03 13:57:32', '2016-06-03 13:57:32', '83a08dcd-9a82-49ee-b5e0-796fb9f23abe'),
 ('74', '74', 'en_us', 'brittania-u-small', NULL, '1', '2016-06-03 18:28:18', '2016-06-03 18:28:18', '883bec5a-fa43-4819-b612-9d3ea9dc2963'),
 ('75', '75', 'en_us', 'brittania-u', 'the-group/brittania-u', '1', '2016-06-03 18:29:00', '2016-06-03 19:09:53', '344fb659-3670-4c12-b57e-c97dfc73431d'),
 ('76', '76', 'en_us', 'brittania-u-drilling', NULL, '1', '2016-06-03 18:39:52', '2016-06-03 18:39:52', '7165696d-5a32-4065-a742-e594c5ba9366'),
 ('77', '77', 'en_us', 'brittania-u-drilling-co-ltd', 'the-group/brittania-u-drilling-co-ltd', '1', '2016-06-03 18:44:14', '2016-06-03 19:09:53', 'd322bd65-aea2-4db8-b2ad-4a1a02093286'),
 ('78', '78', 'en_us', 'dacl', NULL, '1', '2016-06-03 18:45:55', '2016-06-03 18:45:55', 'bb6f89b4-1bd5-4277-ae4c-605d4ef3a0be'),
 ('79', '79', 'en_us', 'data-appraisal-co-ltd', 'the-group/data-appraisal-co-ltd', '1', '2016-06-03 18:46:13', '2016-06-03 19:09:53', '52110e44-49b5-4d6d-bc0e-aaf183a56b5d'),
 ('80', '80', 'en_us', 'nexttee', NULL, '1', '2016-06-03 18:46:37', '2016-06-03 18:46:37', '5a62f8ad-5704-4be6-ae82-157ac9acf010'),
 ('81', '81', 'en_us', 'nextee-oil-and-gas', 'the-group/nextee-oil-and-gas', '1', '2016-06-03 18:47:29', '2016-06-03 19:09:53', 'd14ff3f6-7442-4d6b-b653-e3298b1ba7fe'),
 ('82', '82', 'en_us', 'the-group-landing', 'the-group', '1', '2016-06-03 18:52:21', '2016-06-03 19:17:27', 'fd805ac0-fca7-49fe-862b-5e3f6a4472ae'),
 ('83', '83', 'en_us', 'group-overview', NULL, '1', '2016-06-03 19:12:12', '2016-06-03 19:12:22', '2eada028-61a6-4a1d-a96e-e987ae8561d7'),
 ('84', '84', 'en_us', 'brittania-u', NULL, '1', '2016-06-03 19:12:41', '2016-06-03 19:12:41', 'b05bdeda-2506-4841-b7b6-c300106e8da4'),
 ('85', '85', 'en_us', 'brittania-u-drilling', NULL, '1', '2016-06-03 19:13:07', '2016-06-03 19:13:07', 'c0ec88d4-3242-49be-824c-60a71b1c8ebb'),
 ('86', '86', 'en_us', 'dacl', NULL, '1', '2016-06-03 19:13:25', '2016-06-03 19:13:25', 'fbd23222-91d4-4178-95d7-625a0d6db5c8'),
 ('87', '87', 'en_us', 'nextee-oil-gas-trading', NULL, '1', '2016-06-03 19:13:49', '2016-06-03 19:13:49', 'd020146e-e49d-49ef-997f-250ecd9ff073');



DROP TABLE IF EXISTS `craft_emailmessages`;


--
-- Schema for table `craft_emailmessages`
--
CREATE TABLE `craft_emailmessages` (
  `id` int(11) NOT NULL AUTO_INCREMENT,
  `key` char(150) COLLATE utf8_unicode_ci NOT NULL,
  `locale` char(12) COLLATE utf8_unicode_ci NOT NULL,
  `subject` varchar(1000) COLLATE utf8_unicode_ci NOT NULL,
  `body` text COLLATE utf8_unicode_ci NOT NULL,
  `dateCreated` datetime NOT NULL,
  `dateUpdated` datetime NOT NULL,
  `uid` char(36) COLLATE utf8_unicode_ci NOT NULL DEFAULT '0',
  PRIMARY KEY (`id`),
  UNIQUE KEY `craft_emailmessages_key_locale_unq_idx` (`key`,`locale`),
  KEY `craft_emailmessages_locale_fk` (`locale`)
) ENGINE=InnoDB DEFAULT CHARSET=utf8 COLLATE=utf8_unicode_ci;

DROP TABLE IF EXISTS `craft_entries`;


--
-- Schema for table `craft_entries`
--
CREATE TABLE `craft_entries` (
  `id` int(11) NOT NULL,
  `sectionId` int(11) NOT NULL,
  `typeId` int(11) DEFAULT NULL,
  `authorId` int(11) DEFAULT NULL,
  `postDate` datetime DEFAULT NULL,
  `expiryDate` datetime DEFAULT NULL,
  `dateCreated` datetime NOT NULL,
  `dateUpdated` datetime NOT NULL,
  `uid` char(36) COLLATE utf8_unicode_ci NOT NULL DEFAULT '0',
  PRIMARY KEY (`id`),
  KEY `craft_entries_sectionId_idx` (`sectionId`),
  KEY `craft_entries_typeId_idx` (`typeId`),
  KEY `craft_entries_postDate_idx` (`postDate`),
  KEY `craft_entries_expiryDate_idx` (`expiryDate`),
  KEY `craft_entries_authorId_fk` (`authorId`)
) ENGINE=InnoDB DEFAULT CHARSET=utf8 COLLATE=utf8_unicode_ci;

--
-- Data for table `craft_entries`
--

INSERT INTO `craft_entries` (`id`, `sectionId`, `typeId`, `authorId`, `postDate`, `expiryDate`, `dateCreated`, `dateUpdated`, `uid`) VALUES
 ('2', '1', NULL, NULL, '2016-06-03 04:51:56', NULL, '2016-06-03 04:51:57', '2016-06-03 05:46:58', 'c800d81c-d126-4709-bfee-d5e011480dd3'),
 ('3', '2', '2', '1', '2016-06-03 04:51:57', NULL, '2016-06-03 04:51:57', '2016-06-03 04:51:57', '3e121585-b867-47bf-a7a4-d0ca853b24c2'),
 ('5', '3', '4', '1', '2016-06-03 06:16:00', NULL, '2016-06-03 06:16:58', '2016-06-03 09:02:29', '3b604451-4c9c-41cb-8bd1-c496e78cf546'),
 ('31', '3', '4', '1', '2016-06-03 07:08:00', NULL, '2016-06-03 07:08:56', '2016-06-03 09:02:41', 'f433472f-68cb-4b0b-b965-a9dccffc2654'),
 ('33', '3', '4', '1', '2016-06-03 07:10:00', NULL, '2016-06-03 07:10:01', '2016-06-03 09:02:51', '59c49856-9245-4afa-9228-d6b825970db3'),
 ('35', '3', '4', '1', '2016-06-03 07:11:00', NULL, '2016-06-03 07:11:12', '2016-06-03 09:03:01', '8ba3b783-8702-4511-9109-b11055a63b00'),
 ('37', '3', '4', '1', '2016-06-03 07:13:00', NULL, '2016-06-03 07:13:59', '2016-06-03 09:03:11', 'a85937ed-2096-4978-997a-c5b6cfb3c50a'),
 ('39', '3', '4', '1', '2016-06-03 07:14:00', NULL, '2016-06-03 07:14:56', '2016-06-03 09:03:23', '6aabe993-c0f9-4baa-9383-ea97088b074d'),
 ('43', '3', '7', '1', '2016-06-03 09:01:00', NULL, '2016-06-03 09:01:59', '2016-06-03 09:04:02', 'ed0ebf3a-07f7-445b-acbb-ed70ad5dc83c'),
 ('44', '6', NULL, NULL, '2016-06-03 11:06:57', NULL, '2016-06-03 11:06:57', '2016-06-03 13:51:15', '604013dd-e7fd-41a7-beda-2cf6e3915ac4'),
 ('59', '3', '10', '1', '2016-06-03 13:30:00', NULL, '2016-06-03 13:30:48', '2016-06-03 13:34:44', 'c5e4b040-33b1-4ad4-ba4a-93bcb83ce399'),
 ('60', '3', '10', '1', '2016-06-03 13:36:00', NULL, '2016-06-03 13:36:01', '2016-06-03 13:36:52', '07d8c047-0844-45fa-9ff6-0449b3e9fe10'),
 ('61', '3', '10', '1', '2016-06-03 13:38:16', NULL, '2016-06-03 13:38:16', '2016-06-03 13:38:16', '8f98ffb4-489a-4ace-a43c-abc474fcd087'),
 ('62', '3', '10', '1', '2016-06-03 13:41:19', NULL, '2016-06-03 13:41:19', '2016-06-03 13:41:19', '754d3bab-b02e-44e2-a4d3-f0087366f5ac'),
 ('63', '3', '10', '1', '2016-06-03 13:43:00', NULL, '2016-06-03 13:43:44', '2016-06-03 13:47:06', 'd6c79377-d577-48b0-994b-8926dd0fa5d5'),
 ('75', '5', '8', '1', '2016-06-03 18:28:00', NULL, '2016-06-03 18:29:00', '2016-06-03 18:38:47', '9d2faba0-d034-4067-b303-3c298d7fe8dd'),
 ('77', '5', '8', '1', '2016-06-03 18:44:14', NULL, '2016-06-03 18:44:14', '2016-06-03 18:44:14', '82d04ede-0fc7-421a-9a5b-67e5fd52a3fe'),
 ('79', '5', '8', '1', '2016-06-03 18:46:13', NULL, '2016-06-03 18:46:13', '2016-06-03 18:46:13', 'f368e2f0-0ba5-4904-8c32-e3509c62cc6e'),
 ('81', '5', '8', '1', '2016-06-03 18:47:29', NULL, '2016-06-03 18:47:29', '2016-06-03 18:47:29', '2d9192a3-1091-4639-99fb-de7d54ec5f9e'),
 ('82', '7', '11', NULL, '2016-06-03 18:59:58', NULL, '2016-06-03 18:52:21', '2016-06-03 19:17:27', 'cb7d6463-e819-4476-b039-fb25a74c7f3d');



DROP TABLE IF EXISTS `craft_entrydrafts`;


--
-- Schema for table `craft_entrydrafts`
--
CREATE TABLE `craft_entrydrafts` (
  `id` int(11) NOT NULL AUTO_INCREMENT,
  `entryId` int(11) NOT NULL,
  `sectionId` int(11) NOT NULL,
  `creatorId` int(11) NOT NULL,
  `locale` char(12) COLLATE utf8_unicode_ci NOT NULL,
  `name` varchar(255) COLLATE utf8_unicode_ci NOT NULL,
  `notes` tinytext COLLATE utf8_unicode_ci,
  `data` mediumtext COLLATE utf8_unicode_ci NOT NULL,
  `dateCreated` datetime NOT NULL,
  `dateUpdated` datetime NOT NULL,
  `uid` char(36) COLLATE utf8_unicode_ci NOT NULL DEFAULT '0',
  PRIMARY KEY (`id`),
  KEY `craft_entrydrafts_entryId_locale_idx` (`entryId`,`locale`),
  KEY `craft_entrydrafts_sectionId_fk` (`sectionId`),
  KEY `craft_entrydrafts_creatorId_fk` (`creatorId`),
  KEY `craft_entrydrafts_locale_fk` (`locale`)
) ENGINE=InnoDB DEFAULT CHARSET=utf8 COLLATE=utf8_unicode_ci;

DROP TABLE IF EXISTS `craft_entrytypes`;


--
-- Schema for table `craft_entrytypes`
--
CREATE TABLE `craft_entrytypes` (
  `id` int(11) NOT NULL AUTO_INCREMENT,
  `sectionId` int(11) NOT NULL,
  `fieldLayoutId` int(11) DEFAULT NULL,
  `name` varchar(255) COLLATE utf8_unicode_ci NOT NULL,
  `handle` varchar(255) COLLATE utf8_unicode_ci NOT NULL,
  `hasTitleField` tinyint(1) unsigned NOT NULL DEFAULT '1',
  `titleLabel` varchar(255) COLLATE utf8_unicode_ci DEFAULT 'Title',
  `titleFormat` varchar(255) COLLATE utf8_unicode_ci DEFAULT NULL,
  `sortOrder` smallint(6) unsigned DEFAULT NULL,
  `dateCreated` datetime NOT NULL,
  `dateUpdated` datetime NOT NULL,
  `uid` char(36) COLLATE utf8_unicode_ci NOT NULL DEFAULT '0',
  PRIMARY KEY (`id`),
  UNIQUE KEY `craft_entrytypes_name_sectionId_unq_idx` (`name`,`sectionId`),
  UNIQUE KEY `craft_entrytypes_handle_sectionId_unq_idx` (`handle`,`sectionId`),
  KEY `craft_entrytypes_sectionId_fk` (`sectionId`),
  KEY `craft_entrytypes_fieldLayoutId_fk` (`fieldLayoutId`)
) ENGINE=InnoDB AUTO_INCREMENT=13 DEFAULT CHARSET=utf8 COLLATE=utf8_unicode_ci;

--
-- Data for table `craft_entrytypes`
--

INSERT INTO `craft_entrytypes` (`id`, `sectionId`, `fieldLayoutId`, `name`, `handle`, `hasTitleField`, `titleLabel`, `titleFormat`, `sortOrder`, `dateCreated`, `dateUpdated`, `uid`) VALUES
 ('1', '1', '7', 'Homepage', 'homepage', '1', 'Title', NULL, NULL, '2016-06-03 04:51:56', '2016-06-03 05:45:53', 'fcef36d1-cccf-4adc-beb5-b7adda728fde'),
 ('2', '2', '8', 'News', 'news', '1', 'Title', NULL, NULL, '2016-06-03 04:51:57', '2016-06-03 05:46:09', '9efacd3f-ce0d-405b-be17-fa8be67b15c3'),
 ('4', '3', '39', 'Board Member', 'boardMember', '1', 'Name', NULL, '2', '2016-06-03 05:58:57', '2016-06-03 13:41:36', '10888995-1b61-417d-8d92-3e0c3e6efe21'),
 ('7', '3', '40', 'Board and Executive Team', 'boardAndExecutiveTeam', '1', 'Title', NULL, '3', '2016-06-03 09:01:36', '2016-06-03 13:41:36', '0e5b4b6b-6d1a-4609-9236-585ea2eda103'),
 ('8', '5', '42', 'The Group', 'theGroup', '1', 'Title', NULL, NULL, '2016-06-03 09:48:02', '2016-06-03 09:48:36', '6b1e1c9f-2611-4d8f-875d-386807731127'),
 ('9', '6', '50', 'About Landing', 'aboutLanding', '1', 'Title', NULL, NULL, '2016-06-03 11:06:38', '2016-06-03 11:43:16', '515405a9-26b4-409a-90c1-eaa4b87248e8'),
 ('10', '3', '53', 'Generic', 'generic', '1', 'Title', NULL, '1', '2016-06-03 13:27:35', '2016-06-03 13:41:36', '8ccc32f4-e1b4-46c0-8416-32fe594304d8'),
 ('11', '7', '58', 'The Group Landing', 'theGroupLanding', '1', 'Title', NULL, NULL, '2016-06-03 18:52:21', '2016-06-03 19:17:17', 'a850f0fc-6608-490a-8f6d-991859e7ff04'),
 ('12', '8', '59', 'Community Relations', 'communityRelations', '1', 'Title', NULL, NULL, '2016-06-08 13:12:47', '2016-06-08 13:12:47', 'e1ffd137-6f60-4e8b-ae7f-f980c040fde2');



DROP TABLE IF EXISTS `craft_entryversions`;


--
-- Schema for table `craft_entryversions`
--
CREATE TABLE `craft_entryversions` (
  `id` int(11) NOT NULL AUTO_INCREMENT,
  `entryId` int(11) NOT NULL,
  `sectionId` int(11) NOT NULL,
  `creatorId` int(11) DEFAULT NULL,
  `locale` char(12) COLLATE utf8_unicode_ci NOT NULL,
  `num` smallint(6) unsigned NOT NULL,
  `notes` tinytext COLLATE utf8_unicode_ci,
  `data` mediumtext COLLATE utf8_unicode_ci NOT NULL,
  `dateCreated` datetime NOT NULL,
  `dateUpdated` datetime NOT NULL,
  `uid` char(36) COLLATE utf8_unicode_ci NOT NULL DEFAULT '0',
  PRIMARY KEY (`id`),
  KEY `craft_entryversions_entryId_locale_idx` (`entryId`,`locale`),
  KEY `craft_entryversions_sectionId_fk` (`sectionId`),
  KEY `craft_entryversions_creatorId_fk` (`creatorId`),
  KEY `craft_entryversions_locale_fk` (`locale`)
) ENGINE=InnoDB AUTO_INCREMENT=72 DEFAULT CHARSET=utf8 COLLATE=utf8_unicode_ci;

--
-- Data for table `craft_entryversions`
--

INSERT INTO `craft_entryversions` (`id`, `entryId`, `sectionId`, `creatorId`, `locale`, `num`, `notes`, `data`, `dateCreated`, `dateUpdated`, `uid`) VALUES
 ('1', '2', '1', '1', 'en_us', '1', NULL, '{\"typeId\":\"1\",\"authorId\":null,\"title\":\"Homepage\",\"slug\":\"homepage\",\"postDate\":1464929516,\"expiryDate\":null,\"enabled\":1,\"parentId\":null,\"fields\":[]}', '2016-06-03 04:51:57', '2016-06-03 04:51:57', '89562a6a-424a-4e67-9b64-6d80006ecba4'),
 ('2', '2', '1', '1', 'en_us', '2', NULL, '{\"typeId\":null,\"authorId\":null,\"title\":\"Welcome to Craft.dev!\",\"slug\":\"homepage\",\"postDate\":1464929516,\"expiryDate\":null,\"enabled\":\"1\",\"parentId\":null,\"fields\":{\"1\":\"<p>It\\u2019s true, this site doesn\\u2019t have a whole lot of content yet, but don\\u2019t worry. Our web developers have just installed the CMS, and they\\u2019re setting things up for the content editors this very moment. Soon Craft.dev will be an oasis of fresh perspectives, sharp analyses, and astute opinions that will keep you coming back again and again.<\\/p>\"}}', '2016-06-03 04:51:57', '2016-06-03 04:51:57', '48809540-f110-4f8a-ada6-7350890a6a35'),
 ('3', '3', '2', '1', 'en_us', '1', NULL, '{\"typeId\":\"2\",\"authorId\":\"1\",\"title\":\"We just installed Craft!\",\"slug\":\"we-just-installed-craft\",\"postDate\":1464929517,\"expiryDate\":null,\"enabled\":1,\"parentId\":null,\"fields\":[]}', '2016-06-03 04:51:57', '2016-06-03 04:51:57', 'b69c3678-02b1-474d-a60f-4d763d31d05b'),
 ('4', '2', '1', '1', 'en_us', '3', '', '{\"typeId\":null,\"authorId\":null,\"title\":\"Brittania-U\",\"slug\":\"homepage\",\"postDate\":1464929516,\"expiryDate\":null,\"enabled\":1,\"parentId\":null,\"fields\":{\"1\":\"<p>It\\u2019s true, this site doesn\\u2019t have a whole lot of content yet, but don\\u2019t worry. Our web developers have just installed the CMS, and they\\u2019re setting things up for the content editors this very moment. Soon Craft.dev will be an oasis of fresh perspectives, sharp analyses, and astute opinions that will keep you coming back again and again.<\\/p>\",\"3\":{\"seoTitleSource\":\"field\",\"seoTitleSourceField\":\"title\",\"seoTitle\":\"\",\"seoDescriptionSource\":\"custom\",\"seoDescriptionSourceField\":\"title\",\"seoDescription\":\"\",\"seoKeywordsSource\":\"custom\",\"seoKeywordsSourceField\":\"title\",\"seoKeywords\":\"\",\"seoImageIdSource\":\"custom\",\"seoImageId\":\"\",\"twitterCardType\":\"summary\",\"openGraphType\":\"website\",\"robots\":\"\"}}}', '2016-06-03 05:46:58', '2016-06-03 05:46:58', '6ff35729-5e05-443a-b705-e49029ec8642'),
 ('5', '5', '3', '1', 'en_us', '1', '', '{\"typeId\":\"4\",\"authorId\":\"1\",\"title\":\"Catherine Uju Ifejika\",\"slug\":\"catherine-uju-ifejika\",\"postDate\":1464934618,\"expiryDate\":null,\"enabled\":1,\"parentId\":\"\",\"fields\":{\"8\":\"\",\"12\":\"\",\"4\":\"\",\"5\":\"\",\"3\":{\"seoTitleSource\":\"field\",\"seoTitleSourceField\":\"title\",\"seoTitle\":\"\",\"seoDescriptionSource\":\"custom\",\"seoDescriptionSourceField\":\"title\",\"seoDescription\":\"\",\"seoKeywordsSource\":\"custom\",\"seoKeywordsSourceField\":\"title\",\"seoKeywords\":\"\",\"seoImageIdSource\":\"custom\",\"seoImageIdSourceField\":\"image\",\"seoImageId\":\"\",\"twitterCardType\":\"summary\",\"openGraphType\":\"website\",\"robots\":\"\"}}}', '2016-06-03 06:16:58', '2016-06-03 06:16:58', '4cd6a48a-ef36-4544-a833-6dd81bd6f314'),
 ('6', '5', '3', '1', 'en_us', '2', '', '{\"typeId\":\"4\",\"authorId\":\"1\",\"title\":\"Catherine Uju Ifejika\",\"slug\":\"catherine-uju-ifejika\",\"postDate\":1464934560,\"expiryDate\":null,\"enabled\":1,\"parentId\":\"\",\"fields\":{\"8\":\"\",\"13\":[\"17\"],\"4\":\"Chairman\\/Chief Executive Officer\",\"5\":{\"new1\":{\"type\":\"columns\",\"enabled\":\"1\",\"fields\":{\"column1\":\"<p>Catherine is the first and so far, the only woman to become chair and CEO of an Upstream E&amp;P Company in Nigeria. A graduate of &nbsp;Ahmadu Bello University, Zaria, Catherine obtained a Diploma in Law and an LLB (Hons.) in 1985 and promptly called to the Nigerian Bar in 1986. She is a member of the Nigerian Bar Association, a fellow of the Institute of Arbitration and Conciliation, as well as a member of the Institute of Chartered Secretaries and Administrators.<br><\\/p>\\r\\n\\r\\n<p>Her career in the petroleum industry started when she joined Texaco\\u2019s Legal Department as Junior Counsel in 1987 and rose swiftly to become Company Secretary in 1997. In 2003, her Government and Public Affairs responsibilities were extended to Cameroon, Togo, Benin, Cote D\\u2019Ivoire, and the Democratic Republic of Congo. She joined Brittania-U Nigeria Limited in 2007 as Chair\\/CEO and has since steered the indigenous company to its current market leading position.<\\/p>\",\"column2\":\"<p>Formerly on the Board of Directors of the Federal Ministry of Arts and Culture (2001-2002), Catherine\\u2019s leadership of Brittania-U has brought a number significant \\u2018firsts\\u2019. The Ajapa Floating Production Storage Unit, 100% owned and operated by the company, produced its first oil from drilling in 17 months; a feat yet to be equaled by any other company of its kind in Nigeria. She has set up six subsidiary companies in seven years, receiving numerous awards for good governance and management in Nigeria, the US, China, and Europe.<\\/p>\"}}},\"3\":{\"seoTitleSource\":\"field\",\"seoTitleSourceField\":\"title\",\"seoTitle\":\"\",\"seoDescriptionSource\":\"custom\",\"seoDescriptionSourceField\":\"title\",\"seoDescription\":\"Catherine is the Chairman\\/Chief Executive Officer of Brittania-U. She is the first woman to become chair and CEO of an Upstream E&P Company in Nigeria.\",\"seoKeywordsSource\":\"custom\",\"seoKeywordsSourceField\":\"title\",\"seoKeywords\":\"Catherine, Brittania-U, Uju, Ifejika, Upstream, E&P\",\"seoImageIdSource\":\"field\",\"seoImageIdSourceField\":\"mainImage\",\"seoImageId\":\"\",\"twitterCardType\":\"summary\",\"openGraphType\":\"website\",\"robots\":\"\"},\"12\":[\"18\"]}}', '2016-06-03 06:31:29', '2016-06-03 06:31:29', '4b75f277-fce5-4a6e-aed6-39ff545e0672'),
 ('7', '5', '3', '1', 'en_us', '3', '', '{\"typeId\":\"4\",\"authorId\":\"1\",\"title\":\"Catherine Uju Ifejika\",\"slug\":\"catherine-uju-ifejika\",\"postDate\":1464934560,\"expiryDate\":null,\"enabled\":1,\"parentId\":\"\",\"fields\":{\"8\":\"\",\"13\":[\"17\"],\"4\":\"Chairman\\/Chief Executive Officer\",\"5\":{\"29\":{\"type\":\"columns\",\"enabled\":\"1\",\"fields\":{\"column1\":\"<p>Catherine is the first and so far, the only woman to become chair and CEO of an Upstream E&P Company in Nigeria. A graduate of &nbsp;Ahmadu Bello University, Zaria, Catherine obtained a Diploma in Law and an LLB (Hons.) in 1985 and promptly called to the Nigerian Bar in 1986. She is a member of the Nigerian Bar Association, a fellow of the Institute of Arbitration and Conciliation, as well as a member of the Institute of Chartered Secretaries and Administrators.<br><\\/p>\\r\\n\\r\\n<p>Her career in the petroleum industry started when she joined Texaco\\u2019s Legal Department as Junior Counsel in 1987 and rose swiftly to become Company Secretary in 1997. In 2003, her Government and Public Affairs responsibilities were extended to Cameroon, Togo, Benin, Cote D\\u2019Ivoire, and the Democratic Republic of Congo. She joined Brittania-U Nigeria Limited in 2007 as Chair\\/CEO and has since steered the indigenous company to its current market leading position.<\\/p>\",\"column2\":\"<p>Formerly on the Board of Directors of the Federal Ministry of Arts and Culture (2001-2002), Catherine\\u2019s leadership of Brittania-U has brought a number significant \\u2018firsts\\u2019. The Ajapa Floating Production Storage Unit, 100% owned and operated by the company, produced its first oil from drilling in 17 months; a feat yet to be equaled by any other company of its kind in Nigeria. She has set up six subsidiary companies in seven years, receiving numerous awards for good governance and management in Nigeria, the US, China, and Europe.<\\/p>\"}}},\"3\":{\"seoTitleSource\":\"field\",\"seoTitleSourceField\":\"title\",\"seoTitle\":\"\",\"seoDescriptionSource\":\"custom\",\"seoDescriptionSourceField\":\"title\",\"seoDescription\":\"Catherine is the Chairman\\/Chief Executive Officer of Brittania-U. She is the first woman to become chair and CEO of an Upstream E&P Company in Nigeria.\",\"seoKeywordsSource\":\"custom\",\"seoKeywordsSourceField\":\"title\",\"seoKeywords\":\"Catherine, Brittania-U, Uju, Ifejika, Upstream, E&P\",\"seoImageIdSource\":\"field\",\"seoImageIdSourceField\":\"mainImage\",\"seoImageId\":\"\",\"twitterCardType\":\"summary\",\"openGraphType\":\"website\",\"robots\":\"\"},\"12\":[\"18\"]}}', '2016-06-03 06:32:34', '2016-06-03 06:32:34', 'cbd75c3c-ec81-467c-bd19-ee28b69557f9'),
 ('8', '5', '3', '1', 'en_us', '4', '', '{\"typeId\":\"4\",\"authorId\":\"1\",\"title\":\"Catherine Uju Ifejika\",\"slug\":\"catherine-uju-ifejika\",\"postDate\":1464934560,\"expiryDate\":null,\"enabled\":1,\"parentId\":\"\",\"fields\":{\"8\":\"\",\"13\":[\"17\"],\"4\":\"Chairman\\/Chief Executive Officer\",\"5\":{\"29\":{\"type\":\"columns\",\"enabled\":\"1\",\"fields\":{\"column1\":\"<p>Catherine is the first and so far, the only woman to become chair and CEO of an Upstream E&P Company in Nigeria. A graduate of &nbsp;Ahmadu Bello University, Zaria, Catherine obtained a Diploma in Law and an LLB (Hons.) in 1985 and promptly called to the Nigerian Bar in 1986. She is a member of the Nigerian Bar Association, a fellow of the Institute of Arbitration and Conciliation, as well as a member of the Institute of Chartered Secretaries and Administrators.<br><\\/p>\\r\\n\\r\\n<p>Her career in the petroleum industry started when she joined Texaco\\u2019s Legal Department as Junior Counsel in 1987 and rose swiftly to become Company Secretary in 1997. In 2003, her Government and Public Affairs responsibilities were extended to Cameroon, Togo, Benin, Cote D\\u2019Ivoire, and the Democratic Republic of Congo. She joined Brittania-U Nigeria Limited in 2007 as Chair\\/CEO and has since steered the indigenous company to its current market leading position.<\\/p>\",\"column2\":\"<p>Formerly on the Board of Directors of the Federal Ministry of Arts and Culture (2001-2002), Catherine\\u2019s leadership of Brittania-U has brought a number significant \\u2018firsts\\u2019. The Ajapa Floating Production Storage Unit, 100% owned and operated by the company, produced its first oil from drilling in 17 months; a feat yet to be equaled by any other company of its kind in Nigeria. She has set up six subsidiary companies in seven years, receiving numerous awards for good governance and management in Nigeria, the US, China, and Europe.<\\/p>\"}}},\"3\":{\"seoTitleSource\":\"field\",\"seoTitleSourceField\":\"title\",\"seoTitle\":\"\",\"seoDescriptionSource\":\"custom\",\"seoDescriptionSourceField\":\"title\",\"seoDescription\":\"Catherine is the Chairman\\/Chief Executive Officer of Brittania-U. She is the first woman to become chair and CEO of an Upstream E&P Company in Nigeria.\",\"seoKeywordsSource\":\"custom\",\"seoKeywordsSourceField\":\"title\",\"seoKeywords\":\"Catherine, Brittania-U, Uju, Ifejika, Upstream, E&P\",\"seoImageIdSource\":\"field\",\"seoImageIdSourceField\":\"mainImage\",\"seoImageId\":\"\",\"twitterCardType\":\"summary\",\"openGraphType\":\"website\",\"robots\":\"\"},\"12\":[\"18\"]}}', '2016-06-03 06:35:22', '2016-06-03 06:35:22', 'd8c57ee9-64df-4a88-a8a3-804081097957'),
 ('9', '5', '3', '1', 'en_us', '5', '', '{\"typeId\":\"4\",\"authorId\":\"1\",\"title\":\"Catherine Uju Ifejika\",\"slug\":\"catherine-uju-ifejika\",\"postDate\":1464934560,\"expiryDate\":null,\"enabled\":1,\"parentId\":\"\",\"fields\":{\"8\":{\"new1\":{\"type\":\"awardSummary\",\"enabled\":\"1\",\"fields\":{\"awardSummary\":\"<h5 class=\\\"text-light c-g\\\">Mrs. Ifejika has been recognised for her various achievements in the energy sector and in different organisations.<\\/h5>\\r\\n<p>In recognition of her sterling leadership\\/managerial achievements, she has been recognised and won many accolades, some of which are:<\\/p>\"}}},\"13\":[\"17\"],\"4\":\"Chairman\\/Chief Executive Officer\",\"5\":{\"29\":{\"type\":\"columns\",\"enabled\":\"1\",\"fields\":{\"column1\":\"<p>Catherine is the first and so far, the only woman to become chair and CEO of an Upstream E&P Company in Nigeria. A graduate of &nbsp;Ahmadu Bello University, Zaria, Catherine obtained a Diploma in Law and an LLB (Hons.) in 1985 and promptly called to the Nigerian Bar in 1986. She is a member of the Nigerian Bar Association, a fellow of the Institute of Arbitration and Conciliation, as well as a member of the Institute of Chartered Secretaries and Administrators.<br><\\/p>\\r\\n\\r\\n<p>Her career in the petroleum industry started when she joined Texaco\\u2019s Legal Department as Junior Counsel in 1987 and rose swiftly to become Company Secretary in 1997. In 2003, her Government and Public Affairs responsibilities were extended to Cameroon, Togo, Benin, Cote D\\u2019Ivoire, and the Democratic Republic of Congo. She joined Brittania-U Nigeria Limited in 2007 as Chair\\/CEO and has since steered the indigenous company to its current market leading position.<\\/p>\",\"column2\":\"<p>Formerly on the Board of Directors of the Federal Ministry of Arts and Culture (2001-2002), Catherine\\u2019s leadership of Brittania-U has brought a number significant \\u2018firsts\\u2019. The Ajapa Floating Production Storage Unit, 100% owned and operated by the company, produced its first oil from drilling in 17 months; a feat yet to be equaled by any other company of its kind in Nigeria. She has set up six subsidiary companies in seven years, receiving numerous awards for good governance and management in Nigeria, the US, China, and Europe.<\\/p>\"}}},\"3\":{\"seoTitleSource\":\"field\",\"seoTitleSourceField\":\"title\",\"seoTitle\":\"\",\"seoDescriptionSource\":\"custom\",\"seoDescriptionSourceField\":\"title\",\"seoDescription\":\"Catherine is the Chairman\\/Chief Executive Officer of Brittania-U. She is the first woman to become chair and CEO of an Upstream E&P Company in Nigeria.\",\"seoKeywordsSource\":\"custom\",\"seoKeywordsSourceField\":\"title\",\"seoKeywords\":\"Catherine, Brittania-U, Uju, Ifejika, Upstream, E&P\",\"seoImageIdSource\":\"field\",\"seoImageIdSourceField\":\"mainImage\",\"seoImageId\":\"\",\"twitterCardType\":\"summary\",\"openGraphType\":\"website\",\"robots\":\"\"},\"12\":[\"18\"]}}', '2016-06-03 06:48:21', '2016-06-03 06:48:21', '91a7b7de-6b94-4560-960a-24d831b54488'),
 ('10', '5', '3', '1', 'en_us', '6', '', '{\"typeId\":\"4\",\"authorId\":\"1\",\"title\":\"Catherine Uju Ifejika\",\"slug\":\"catherine-uju-ifejika\",\"postDate\":1464934560,\"expiryDate\":null,\"enabled\":1,\"parentId\":\"\",\"fields\":{\"8\":{\"30\":{\"type\":\"awardSummary\",\"enabled\":\"1\",\"fields\":{\"awardSummary\":\"<h5 class=\\\"text-light c-g\\\">Mrs. Ifejika has been recognised for her various achievements in the energy sector and in different organisations.<\\/h5>\\r\\n\\r\\n<p>In recognition of her sterling leadership\\/managerial achievements, she has been recognised and won many accolades, some of which are:<\\/p>\",\"otherAwards\":[{\"col1\":\"2012 African Female Energy Leaders of the Year Award in the United - Kingdom by the Center for Economic & Leadership Development\"},{\"col1\":\"The Nigerian Trailblazers Award\"},{\"col1\":\"Montage African Woman of Excellence Award - 2013\"}],\"award\":[\"9\",\"10\",\"11\",\"12\",\"13\",\"14\"]}}},\"13\":[\"17\"],\"4\":\"Chairman\\/Chief Executive Officer\",\"5\":{\"29\":{\"type\":\"columns\",\"enabled\":\"1\",\"fields\":{\"column1\":\"<p>Catherine is the first and so far, the only woman to become chair and CEO of an Upstream E&P Company in Nigeria. A graduate of &nbsp;Ahmadu Bello University, Zaria, Catherine obtained a Diploma in Law and an LLB (Hons.) in 1985 and promptly called to the Nigerian Bar in 1986. She is a member of the Nigerian Bar Association, a fellow of the Institute of Arbitration and Conciliation, as well as a member of the Institute of Chartered Secretaries and Administrators.<br><\\/p>\\r\\n\\r\\n<p>Her career in the petroleum industry started when she joined Texaco\\u2019s Legal Department as Junior Counsel in 1987 and rose swiftly to become Company Secretary in 1997. In 2003, her Government and Public Affairs responsibilities were extended to Cameroon, Togo, Benin, Cote D\\u2019Ivoire, and the Democratic Republic of Congo. She joined Brittania-U Nigeria Limited in 2007 as Chair\\/CEO and has since steered the indigenous company to its current market leading position.<\\/p>\",\"column2\":\"<p>Formerly on the Board of Directors of the Federal Ministry of Arts and Culture (2001-2002), Catherine\\u2019s leadership of Brittania-U has brought a number significant \\u2018firsts\\u2019. The Ajapa Floating Production Storage Unit, 100% owned and operated by the company, produced its first oil from drilling in 17 months; a feat yet to be equaled by any other company of its kind in Nigeria. She has set up six subsidiary companies in seven years, receiving numerous awards for good governance and management in Nigeria, the US, China, and Europe.<\\/p>\"}}},\"3\":{\"seoTitleSource\":\"field\",\"seoTitleSourceField\":\"title\",\"seoTitle\":\"\",\"seoDescriptionSource\":\"custom\",\"seoDescriptionSourceField\":\"title\",\"seoDescription\":\"Catherine is the Chairman\\/Chief Executive Officer of Brittania-U. She is the first woman to become chair and CEO of an Upstream E&P Company in Nigeria.\",\"seoKeywordsSource\":\"custom\",\"seoKeywordsSourceField\":\"title\",\"seoKeywords\":\"Catherine, Brittania-U, Uju, Ifejika, Upstream, E&P\",\"seoImageIdSource\":\"field\",\"seoImageIdSourceField\":\"mainImage\",\"seoImageId\":\"\",\"twitterCardType\":\"summary\",\"openGraphType\":\"website\",\"robots\":\"\"},\"12\":[\"18\"]}}', '2016-06-03 06:54:53', '2016-06-03 06:54:53', '846db7b9-ad46-4890-b996-d8ed5652af24'),
 ('11', '5', '3', '1', 'en_us', '7', '', '{\"typeId\":\"4\",\"authorId\":\"1\",\"title\":\"Catherine Uju Ifejika\",\"slug\":\"catherine-uju-ifejika\",\"postDate\":1464934560,\"expiryDate\":null,\"enabled\":1,\"parentId\":\"\",\"fields\":{\"8\":{\"30\":{\"type\":\"awards\",\"enabled\":\"1\",\"fields\":{\"awardSummary\":\"<h5 class=\\\"text-light c-g\\\">Mrs. Ifejika has been recognised for her various achievements in the energy sector and in different organisations.<\\/h5>\\r\\n\\r\\n<p>In recognition of her sterling leadership\\/managerial achievements, she has been recognised and won many accolades, some of which are:<\\/p>\",\"otherAwards\":[{\"col1\":\"2012 African Female Energy Leaders of the Year Award in the United - Kingdom by the Center for Economic & Leadership Development\"},{\"col1\":\"The Nigerian Trailblazers Award\"},{\"col1\":\"Montage African Woman of Excellence Award - 2013\"}],\"awards\":[\"13\",\"12\",\"14\",\"11\",\"10\",\"9\"]}}},\"13\":[\"17\"],\"4\":\"Chairman\\/Chief Executive Officer\",\"5\":{\"29\":{\"type\":\"columns\",\"enabled\":\"1\",\"fields\":{\"column1\":\"<p>Catherine is the first and so far, the only woman to become chair and CEO of an Upstream E&P Company in Nigeria. A graduate of &nbsp;Ahmadu Bello University, Zaria, Catherine obtained a Diploma in Law and an LLB (Hons.) in 1985 and promptly called to the Nigerian Bar in 1986. She is a member of the Nigerian Bar Association, a fellow of the Institute of Arbitration and Conciliation, as well as a member of the Institute of Chartered Secretaries and Administrators.<br><\\/p>\\r\\n\\r\\n<p>Her career in the petroleum industry started when she joined Texaco\\u2019s Legal Department as Junior Counsel in 1987 and rose swiftly to become Company Secretary in 1997. In 2003, her Government and Public Affairs responsibilities were extended to Cameroon, Togo, Benin, Cote D\\u2019Ivoire, and the Democratic Republic of Congo. She joined Brittania-U Nigeria Limited in 2007 as Chair\\/CEO and has since steered the indigenous company to its current market leading position.<\\/p>\",\"column2\":\"<p>Formerly on the Board of Directors of the Federal Ministry of Arts and Culture (2001-2002), Catherine\\u2019s leadership of Brittania-U has brought a number significant \\u2018firsts\\u2019. The Ajapa Floating Production Storage Unit, 100% owned and operated by the company, produced its first oil from drilling in 17 months; a feat yet to be equaled by any other company of its kind in Nigeria. She has set up six subsidiary companies in seven years, receiving numerous awards for good governance and management in Nigeria, the US, China, and Europe.<\\/p>\"}}},\"3\":{\"seoTitleSource\":\"field\",\"seoTitleSourceField\":\"title\",\"seoTitle\":\"\",\"seoDescriptionSource\":\"custom\",\"seoDescriptionSourceField\":\"title\",\"seoDescription\":\"Catherine is the Chairman\\/Chief Executive Officer of Brittania-U. She is the first woman to become chair and CEO of an Upstream E&P Company in Nigeria.\",\"seoKeywordsSource\":\"custom\",\"seoKeywordsSourceField\":\"title\",\"seoKeywords\":\"Catherine, Brittania-U, Uju, Ifejika, Upstream, E&P\",\"seoImageIdSource\":\"field\",\"seoImageIdSourceField\":\"mainImage\",\"seoImageId\":\"\",\"twitterCardType\":\"summary\",\"openGraphType\":\"website\",\"robots\":\"\"},\"12\":[\"18\"]}}', '2016-06-03 07:00:00', '2016-06-03 07:00:00', '7427534b-3485-4f49-b489-fa72886a3078'),
 ('12', '31', '3', '1', 'en_us', '1', '', '{\"typeId\":\"4\",\"authorId\":\"1\",\"title\":\"Ahmed Akhter Qazi\",\"slug\":\"ahmed-akhter-qazi\",\"postDate\":1464937736,\"expiryDate\":null,\"enabled\":1,\"parentId\":\"\",\"fields\":{\"8\":\"\",\"13\":[\"15\"],\"4\":\"Chief Financial Officer\",\"5\":{\"new1\":{\"type\":\"columns\",\"enabled\":\"1\",\"fields\":{\"column1\":\"<p>Currently the Chief Financial Officer at Brittania-U, Ahmed\\u2019s career found root at Schlumberger in Sedco Forex (A Schlumberger Drilling Company) in Oman as Manager Finance & Administration from 1993 \\u2013 1996, after which he proceeded to Indonesia as the Division Controller from 1996 to 1998. He then went on to hold several positions as Controller and Finance Manager for Schlumberger Aberdeen (UK), Libya, Algeria, Saudi Arabia and Pakistan before moving to Iran in 2005. Prior to joining Schlumberger, Qazi had spent eight years in A. F. Ferguson amp;Co Chartered Accountants (PricewaterhouseCoopers- Pakistan) from 1979 to 1986 and then joined Shell Pakistan Limited (formerly Pakistan Burma Shell) as Assistant Chief Accountant from 1986 to 1993.<\\/p>\\r\\n\\r\\n<p>He became the Group Finance Director of Nigeria & Gulf of Guinea countries for Schlumberger in June 2011, after spending six years in Iran & Kazakhstan as the Group Finance Controller, also serving as&nbsp;Financial Controller with Fortune 500 and high-tech companies.<\\/p>\",\"column2\":\"<p>&nbsp;Ahmed holds a Bachelor\\u2019s degree in Commerce from the University of Karachi. He is also a Fellow of the Institute of Chartered Accountants of Pakistan (ICAP) and a Fellow Member of the Institute of Taxation Management of Pakistan. He has also undertaken business administration courses from Institute of Business Administration, Karachi and an advanced financial program from the Wharton School of Business, Pennsylvania. In addition, he was an active member of various social clubs at College level and was an active member of PEG( Pakistan Executive Group-Saudi Arabia).<\\/p>\"}}},\"3\":{\"seoTitleSource\":\"field\",\"seoTitleSourceField\":\"title\",\"seoTitle\":\"\",\"seoDescriptionSource\":\"custom\",\"seoDescriptionSourceField\":\"title\",\"seoDescription\":\"Ahmed Akhter Qazi is the Chief Financial Office of Brittania-U\",\"seoKeywordsSource\":\"custom\",\"seoKeywordsSourceField\":\"title\",\"seoKeywords\":\"\",\"seoImageIdSource\":\"field\",\"seoImageIdSourceField\":\"mainImage\",\"seoImageId\":\"\",\"twitterCardType\":\"summary\",\"openGraphType\":\"website\",\"robots\":\"\"},\"12\":[\"16\"]}}', '2016-06-03 07:08:56', '2016-06-03 07:08:56', 'ec3ea195-91cb-4b86-9766-ae03bc885b74'),
 ('13', '33', '3', '1', 'en_us', '1', '', '{\"typeId\":\"4\",\"authorId\":\"1\",\"title\":\"Nwafor Chukwuemeka Simon\",\"slug\":\"nwafor-chukwuemeka-simon\",\"postDate\":1464937801,\"expiryDate\":null,\"enabled\":1,\"parentId\":\"\",\"fields\":{\"8\":\"\",\"13\":[\"27\"],\"4\":\"Manager, Exploration & Production\",\"5\":{\"new1\":{\"type\":\"columns\",\"enabled\":\"1\",\"fields\":{\"column1\":\"<p>Nwafor is the Manager, Exploration and Production. With over 16 years\\u2019 experience garnered from the Oil & Gas industry in Nigeria and across the globe, Simon is an expert in managing risk complex projects (Hydrocarbon Assets), projects relating to reservoir studies, drilling, on site application supports which includes Seismic interpretation and Reservoir modeling, Coordination of geology & Geophysics seismic interpretation unit, training of the new interpreters, report writing and presentations, Setting up of workstations unit and decision making relating to well proposal, drilling and completions.<\\/p>\",\"column2\":\"<p>He started his career with a two-year stint at Nigeria Agip oil Company as a&nbsp; geologist , after which he spent three years with Dege Conek Nigeria Limited (Oil & Gas Service Provider) as a Senior Geologist and six years at AnKorPoinTe Integrated Limited, Subsidiary of HBT Consulting, Houston Texas(Oil & Gas Services Provider) as&nbsp; Manager Geology & Geophysicist before joining Brittania-U as&nbsp;Manager,&nbsp;Exploration & Production.<\\/p>\"}}},\"3\":{\"seoTitleSource\":\"field\",\"seoTitleSourceField\":\"title\",\"seoTitle\":\"\",\"seoDescriptionSource\":\"custom\",\"seoDescriptionSourceField\":\"title\",\"seoDescription\":\"\",\"seoKeywordsSource\":\"custom\",\"seoKeywordsSourceField\":\"title\",\"seoKeywords\":\"\",\"seoImageIdSource\":\"custom\",\"seoImageIdSourceField\":\"thumbnail\",\"seoImageId\":\"\",\"twitterCardType\":\"summary\",\"openGraphType\":\"website\",\"robots\":\"\"},\"12\":[\"21\"]}}', '2016-06-03 07:10:01', '2016-06-03 07:10:01', '5fb5ba36-1127-48db-98ef-3f477f5c86f2'),
 ('14', '35', '3', '1', 'en_us', '1', '', '{\"typeId\":\"4\",\"authorId\":\"1\",\"title\":\"Julius E. Sea\",\"slug\":\"julius-e-sea\",\"postDate\":1464937872,\"expiryDate\":null,\"enabled\":1,\"parentId\":\"\",\"fields\":{\"8\":\"\",\"13\":[\"26\"],\"4\":\"Manager, Warri operations\",\"5\":{\"new1\":{\"type\":\"columns\",\"enabled\":\"1\",\"fields\":{\"column1\":\"<p>Julius is the manager of Brittania-U\\u2019s Warri Operations. A certified Public Accountant and a certified Information Systems Auditor, He graduated from New Jersey Institute of Technology with a BSc in Management Studies. He further took an MSc. in Accounting from Kean University, New Jersey, after being hired out of college by insurer State Farm as a Senior Insurance Auditor.<\\/p>\",\"column2\":\"<p>He has worked in the United States for some of the biggest firms in banking, accounting, and insurance \\u2013 State Farm, KPMG, Deloitte, and UBS. He has also provided advisory services to multi-national corporations, including SAS 70, Sarbanes-Oxley, and Integrated Audit covering IT General & Application Controls for clients within the Financial Services & Entertainment Industries.<\\/p>\"}}},\"3\":{\"seoTitleSource\":\"field\",\"seoTitleSourceField\":\"title\",\"seoTitle\":\"\",\"seoDescriptionSource\":\"custom\",\"seoDescriptionSourceField\":\"title\",\"seoDescription\":\"\",\"seoKeywordsSource\":\"custom\",\"seoKeywordsSourceField\":\"title\",\"seoKeywords\":\"\",\"seoImageIdSource\":\"custom\",\"seoImageIdSourceField\":\"thumbnail\",\"seoImageId\":\"\",\"twitterCardType\":\"summary\",\"openGraphType\":\"website\",\"robots\":\"\"},\"12\":[\"20\"]}}', '2016-06-03 07:11:12', '2016-06-03 07:11:12', '4841408b-132e-4f9e-920f-7ca482bbf7da'),
 ('15', '5', '3', '1', 'en_us', '8', '', '{\"typeId\":\"4\",\"authorId\":\"1\",\"title\":\"Catherine Uju Ifejika\",\"slug\":\"catherine-uju-ifejika\",\"postDate\":1464934560,\"expiryDate\":null,\"enabled\":1,\"parentId\":\"\",\"fields\":{\"8\":{\"30\":{\"type\":\"awards\",\"enabled\":\"1\",\"fields\":{\"awardSummary\":\"<h5 class=\\\"text-light c-g\\\">Mrs. Ifejika has been recognised for her various achievements in the energy sector and in different organisations.<\\/h5>\\r\\n\\r\\n<p>In recognition of her sterling leadership\\/managerial achievements, she has been recognised and won many accolades, some of which are:<\\/p>\",\"otherAwards\":[{\"col1\":\"2012 African Female Energy Leaders of the Year Award in the United - Kingdom by the Center for Economic & Leadership Development\"},{\"col1\":\"The Nigerian Trailblazers Award\"},{\"col1\":\"Montage African Woman of Excellence Award - 2013\"}],\"awards\":[\"13\",\"12\",\"14\",\"11\",\"10\",\"9\"]}}},\"13\":[\"17\"],\"4\":\"Chairman\\/Chief Executive Officer\",\"5\":{\"29\":{\"type\":\"columns\",\"enabled\":\"1\",\"fields\":{\"column1\":\"<p>Catherine is the first and so far, the only woman to become chair and CEO of an Upstream E&P Company in Nigeria. A graduate of &nbsp;Ahmadu Bello University, Zaria, Catherine obtained a Diploma in Law and an LLB (Hons.) in 1985 and promptly called to the Nigerian Bar in 1986. She is a member of the Nigerian Bar Association, a fellow of the Institute of Arbitration and Conciliation, as well as a member of the Institute of Chartered Secretaries and Administrators.<br><\\/p>\\r\\n\\r\\n<p>Her career in the petroleum industry started when she joined Texaco\\u2019s Legal Department as Junior Counsel in 1987 and rose swiftly to become Company Secretary in 1997. In 2003, her Government and Public Affairs responsibilities were extended to Cameroon, Togo, Benin, Cote D\\u2019Ivoire, and the Democratic Republic of Congo. She joined Brittania-U Nigeria Limited in 2007 as Chair\\/CEO and has since steered the indigenous company to its current market leading position.<\\/p>\",\"column2\":\"<p>Formerly on the Board of Directors of the Federal Ministry of Arts and Culture (2001-2002), Catherine\\u2019s leadership of Brittania-U has brought a number significant \\u2018firsts\\u2019. The Ajapa Floating Production Storage Unit, 100% owned and operated by the company, produced its first oil from drilling in 17 months; a feat yet to be equaled by any other company of its kind in Nigeria. She has set up six subsidiary companies in seven years, receiving numerous awards for good governance and management in Nigeria, the US, China, and Europe.<\\/p>\"}}},\"3\":{\"seoTitleSource\":\"field\",\"seoTitleSourceField\":\"title\",\"seoTitle\":\"\",\"seoDescriptionSource\":\"custom\",\"seoDescriptionSourceField\":\"title\",\"seoDescription\":\"Catherine is the Chairman\\/Chief Executive Officer of Brittania-U. She is the first woman to become chair and CEO of an Upstream E&P Company in Nigeria.\",\"seoKeywordsSource\":\"custom\",\"seoKeywordsSourceField\":\"title\",\"seoKeywords\":\"Catherine, Brittania-U, Uju, Ifejika, Upstream, E&P\",\"seoImageIdSource\":\"field\",\"seoImageIdSourceField\":\"mainImage\",\"seoImageId\":\"\",\"twitterCardType\":\"summary\",\"openGraphType\":\"website\",\"robots\":\"\"},\"12\":[\"18\"]}}', '2016-06-03 07:11:43', '2016-06-03 07:11:43', 'baa4f763-69b0-4ba8-a1af-49e85013a618'),
 ('16', '31', '3', '1', 'en_us', '2', '', '{\"typeId\":\"4\",\"authorId\":\"1\",\"title\":\"Ahmed Akhter Qazi\",\"slug\":\"ahmed-akhter-qazi\",\"postDate\":1464937680,\"expiryDate\":null,\"enabled\":1,\"parentId\":\"\",\"fields\":{\"8\":\"\",\"13\":[\"15\"],\"4\":\"Chief Financial Officer\",\"5\":{\"32\":{\"type\":\"columns\",\"enabled\":\"1\",\"fields\":{\"column1\":\"<p>Currently the Chief Financial Officer at Brittania-U, Ahmed\\u2019s career found root at Schlumberger in Sedco Forex (A Schlumberger Drilling Company) in Oman as Manager Finance & Administration from 1993 \\u2013 1996, after which he proceeded to Indonesia as the Division Controller from 1996 to 1998. He then went on to hold several positions as Controller and Finance Manager for Schlumberger Aberdeen (UK), Libya, Algeria, Saudi Arabia and Pakistan before moving to Iran in 2005. Prior to joining Schlumberger, Qazi had spent eight years in A. F. Ferguson amp;Co Chartered Accountants (PricewaterhouseCoopers- Pakistan) from 1979 to 1986 and then joined Shell Pakistan Limited (formerly Pakistan Burma Shell) as Assistant Chief Accountant from 1986 to 1993.<\\/p>\\r\\n\\r\\n<p>He became the Group Finance Director of Nigeria & Gulf of Guinea countries for Schlumberger in June 2011, after spending six years in Iran & Kazakhstan as the Group Finance Controller, also serving as&nbsp;Financial Controller with Fortune 500 and high-tech companies.<\\/p>\",\"column2\":\"<p>&nbsp;Ahmed holds a Bachelor\\u2019s degree in Commerce from the University of Karachi. He is also a Fellow of the Institute of Chartered Accountants of Pakistan (ICAP) and a Fellow Member of the Institute of Taxation Management of Pakistan. He has also undertaken business administration courses from Institute of Business Administration, Karachi and an advanced financial program from the Wharton School of Business, Pennsylvania. In addition, he was an active member of various social clubs at College level and was an active member of PEG( Pakistan Executive Group-Saudi Arabia).<\\/p>\"}}},\"3\":{\"seoTitleSource\":\"field\",\"seoTitleSourceField\":\"title\",\"seoTitle\":\"\",\"seoDescriptionSource\":\"custom\",\"seoDescriptionSourceField\":\"title\",\"seoDescription\":\"Ahmed Akhter Qazi is the Chief Financial Office of Brittania-U\",\"seoKeywordsSource\":\"custom\",\"seoKeywordsSourceField\":\"title\",\"seoKeywords\":\"\",\"seoImageIdSource\":\"field\",\"seoImageIdSourceField\":\"mainImage\",\"seoImageId\":\"\",\"twitterCardType\":\"summary\",\"openGraphType\":\"website\",\"robots\":\"\"},\"12\":[\"16\"]}}', '2016-06-03 07:12:05', '2016-06-03 07:12:05', '9d37c5c4-53bc-4b7a-848a-b1423bd271b9'),
 ('17', '33', '3', '1', 'en_us', '2', '', '{\"typeId\":\"4\",\"authorId\":\"1\",\"title\":\"Nwafor Chukwuemeka Simon\",\"slug\":\"nwafor-chukwuemeka-simon\",\"postDate\":1464937800,\"expiryDate\":null,\"enabled\":1,\"parentId\":\"\",\"fields\":{\"8\":\"\",\"13\":[\"27\"],\"4\":\"Manager, Exploration & Production\",\"5\":{\"34\":{\"type\":\"columns\",\"enabled\":\"1\",\"fields\":{\"column1\":\"<p>Nwafor is the Manager, Exploration and Production. With over 16 years\\u2019 experience garnered from the Oil & Gas industry in Nigeria and across the globe, Simon is an expert in managing risk complex projects (Hydrocarbon Assets), projects relating to reservoir studies, drilling, on site application supports which includes Seismic interpretation and Reservoir modeling, Coordination of geology & Geophysics seismic interpretation unit, training of the new interpreters, report writing and presentations, Setting up of workstations unit and decision making relating to well proposal, drilling and completions.<\\/p>\",\"column2\":\"<p>He started his career with a two-year stint at Nigeria Agip oil Company as a&nbsp; geologist , after which he spent three years with Dege Conek Nigeria Limited (Oil & Gas Service Provider) as a Senior Geologist and six years at AnKorPoinTe Integrated Limited, Subsidiary of HBT Consulting, Houston Texas(Oil & Gas Services Provider) as&nbsp; Manager Geology & Geophysicist before joining Brittania-U as&nbsp;Manager,&nbsp;Exploration & Production.<\\/p>\"}}},\"3\":{\"seoTitleSource\":\"field\",\"seoTitleSourceField\":\"title\",\"seoTitle\":\"\",\"seoDescriptionSource\":\"custom\",\"seoDescriptionSourceField\":\"title\",\"seoDescription\":\"\",\"seoKeywordsSource\":\"custom\",\"seoKeywordsSourceField\":\"title\",\"seoKeywords\":\"\",\"seoImageIdSource\":\"custom\",\"seoImageIdSourceField\":\"thumbnail\",\"seoImageId\":\"\",\"twitterCardType\":\"summary\",\"openGraphType\":\"website\",\"robots\":\"\"},\"12\":[\"21\"]}}', '2016-06-03 07:12:25', '2016-06-03 07:12:25', 'b8ac6d31-6674-43a7-b396-62bd9ecc1e9f'),
 ('18', '35', '3', '1', 'en_us', '2', '', '{\"typeId\":\"4\",\"authorId\":\"1\",\"title\":\"Julius E. Sea\",\"slug\":\"julius-e-sea\",\"postDate\":1464937860,\"expiryDate\":null,\"enabled\":1,\"parentId\":\"\",\"fields\":{\"8\":\"\",\"13\":[\"26\"],\"4\":\"Manager, Warri operations\",\"5\":{\"36\":{\"type\":\"columns\",\"enabled\":\"1\",\"fields\":{\"column1\":\"<p>Julius is the manager of Brittania-U\\u2019s Warri Operations. A certified Public Accountant and a certified Information Systems Auditor, He graduated from New Jersey Institute of Technology with a BSc in Management Studies. He further took an MSc. in Accounting from Kean University, New Jersey, after being hired out of college by insurer State Farm as a Senior Insurance Auditor.<\\/p>\",\"column2\":\"<p>He has worked in the United States for some of the biggest firms in banking, accounting, and insurance \\u2013 State Farm, KPMG, Deloitte, and UBS. He has also provided advisory services to multi-national corporations, including SAS 70, Sarbanes-Oxley, and Integrated Audit covering IT General & Application Controls for clients within the Financial Services & Entertainment Industries.<\\/p>\"}}},\"3\":{\"seoTitleSource\":\"field\",\"seoTitleSourceField\":\"title\",\"seoTitle\":\"\",\"seoDescriptionSource\":\"custom\",\"seoDescriptionSourceField\":\"title\",\"seoDescription\":\"\",\"seoKeywordsSource\":\"custom\",\"seoKeywordsSourceField\":\"title\",\"seoKeywords\":\"\",\"seoImageIdSource\":\"custom\",\"seoImageIdSourceField\":\"thumbnail\",\"seoImageId\":\"\",\"twitterCardType\":\"summary\",\"openGraphType\":\"website\",\"robots\":\"\"},\"12\":[\"20\"]}}', '2016-06-03 07:12:43', '2016-06-03 07:12:43', '5f4dcc09-162d-4a25-ad18-0c2ed0aed12d'),
 ('19', '37', '3', '1', 'en_us', '1', '', '{\"typeId\":\"4\",\"authorId\":\"1\",\"title\":\"Oluremi Odutola\",\"slug\":\"oluremi-odutola\",\"postDate\":1464938039,\"expiryDate\":null,\"enabled\":1,\"parentId\":\"\",\"fields\":{\"8\":\"\",\"13\":[\"28\"],\"4\":\"Manager, Compensation & Benefits\",\"5\":{\"new1\":{\"type\":\"columns\",\"enabled\":\"1\",\"fields\":{\"column1\":\"<p>Oluremi is the Manager for Compensation and benefits. A graduate of Ladoke Akintola University of Technology, Oyo&nbsp;State, with&nbsp;a&nbsp;Master of Business Administration (MBA) degree in Human Resources Management, Oluremi started her human resources management career with the defunct Midas Bank plc. in 2001. She later joined Network News 24 (NN24), before joining Brittania-U as compensation and benefits manager and later reassigned as Human Resources Manager.<\\/p>\",\"column2\":\"<p>In addition to professional experience, she is a member of various local and international human resources bodies.<\\/p>\"}}},\"3\":{\"seoTitleSource\":\"field\",\"seoTitleSourceField\":\"title\",\"seoTitle\":\"\",\"seoDescriptionSource\":\"custom\",\"seoDescriptionSourceField\":\"title\",\"seoDescription\":\"\",\"seoKeywordsSource\":\"custom\",\"seoKeywordsSourceField\":\"title\",\"seoKeywords\":\"\",\"seoImageIdSource\":\"custom\",\"seoImageIdSourceField\":\"thumbnail\",\"seoImageId\":\"\",\"twitterCardType\":\"summary\",\"openGraphType\":\"website\",\"robots\":\"\"},\"12\":[\"22\"]}}', '2016-06-03 07:13:59', '2016-06-03 07:13:59', '70d12a0f-b357-40c1-bb14-8e2be020b8d1'),
 ('20', '39', '3', '1', 'en_us', '1', '', '{\"typeId\":\"4\",\"authorId\":\"1\",\"title\":\"Chibuzor Steve Nwaogu\",\"slug\":\"chibuzor-steve-nwaogu\",\"postDate\":1464938096,\"expiryDate\":null,\"enabled\":1,\"parentId\":\"\",\"fields\":{\"8\":\"\",\"13\":[\"25\"],\"4\":\"Supply Chain Manager: Procurement & Inventory\",\"5\":\"\",\"3\":{\"seoTitleSource\":\"field\",\"seoTitleSourceField\":\"title\",\"seoTitle\":\"\",\"seoDescriptionSource\":\"custom\",\"seoDescriptionSourceField\":\"title\",\"seoDescription\":\"\",\"seoKeywordsSource\":\"custom\",\"seoKeywordsSourceField\":\"title\",\"seoKeywords\":\"\",\"seoImageIdSource\":\"custom\",\"seoImageIdSourceField\":\"thumbnail\",\"seoImageId\":\"\",\"twitterCardType\":\"summary\",\"openGraphType\":\"website\",\"robots\":\"\"},\"12\":[\"19\"]}}', '2016-06-03 07:14:56', '2016-06-03 07:14:56', 'efc42508-e956-4f5f-ad2f-8cd8dde7fd22'),
 ('21', '39', '3', '1', 'en_us', '2', '', '{\"typeId\":\"4\",\"authorId\":\"1\",\"title\":\"Chibuzor Steve Nwaogu\",\"slug\":\"chibuzor-steve-nwaogu\",\"postDate\":1464938040,\"expiryDate\":null,\"enabled\":1,\"parentId\":\"\",\"fields\":{\"8\":\"\",\"13\":[\"25\"],\"4\":\"Supply Chain Manager: Procurement & Inventory\",\"5\":{\"new1\":{\"type\":\"columns\",\"enabled\":\"1\",\"fields\":{\"column1\":\"<p>Chibuzo is Supply Chain Manager for Procurement and Inventory, and he currently heads the Supply Chain & Procurement unit at BUNL.<br><\\/p>\\r\\n\\r\\n<p>He started his career in 1998 as Procurement Officer with Eastern Bulkcem Company Ltd Port Harcourt. He then worked in 2 world class Projects in the Oil and Gas industry: Chevron Nigeria Agbami FPSO Project and Chevron Nigeria Escravos Gas to Liquid Project (EGTL). He joined Chevron Nigeria Agbami FPSO Project in 2007 and later was drafted into the SCM group of Chevron EGTL Project first as a Logistics Specialist and later as Materials De-Inventory coordinator until June 2014. He spent the last 9 years with Chevron Deep Water Agbami FPSO Project and Chevron Escravos Gas to Liquid Project (EGTL).<\\/p>\\r\\n\\r\\n<p>With about 18 years in Procurement and Logistics Management, he joined the BUNL team as Supply Chain Coordinator: Procurement & Inventory in January 2015.<\\/p>\",\"column2\":\"<p>He started consulting for Brittania-U on Supply chain management from October 2014 where he built an efficient workflow process to coordinate and manage Procurement; tracking materials movement \\/ usage and maintaining adequate inventory management and control across locations. Very passionate about meeting and exceeding expectations, his dedication and very extensive knowledge of the industry has resulted in the improved performance of BUNL supply chain, creating net value, building a very competitive infrastructure and measuring performance globally.<\\/p>\\r\\n\\r\\n<p>A member of American Production and Inventory Control Society \\u2013 APICS, Chartered Institute of Purchasing and Supply \\u2013 CIPS and Associate Member, Nigeria Institute of Management, he wields extensive experience in Supply Chain Management, Procurement, Logistics solutions, Inventory management and Operations.<\\/p>\"}}},\"3\":{\"seoTitleSource\":\"field\",\"seoTitleSourceField\":\"title\",\"seoTitle\":\"\",\"seoDescriptionSource\":\"custom\",\"seoDescriptionSourceField\":\"title\",\"seoDescription\":\"\",\"seoKeywordsSource\":\"custom\",\"seoKeywordsSourceField\":\"title\",\"seoKeywords\":\"\",\"seoImageIdSource\":\"custom\",\"seoImageIdSourceField\":\"thumbnail\",\"seoImageId\":\"\",\"twitterCardType\":\"summary\",\"openGraphType\":\"website\",\"robots\":\"\"},\"12\":[\"19\"]}}', '2016-06-03 07:15:33', '2016-06-03 07:15:33', '6eb4b053-0354-415e-ab2d-fdc1fcd3dfd2'),
 ('22', '5', '3', '1', 'en_us', '9', '', '{\"typeId\":\"4\",\"authorId\":\"1\",\"title\":\"Catherine Uju Ifejika\",\"slug\":\"catherine-uju-ifejika\",\"postDate\":1464934560,\"expiryDate\":null,\"enabled\":1,\"parentId\":\"\",\"fields\":{\"8\":{\"30\":{\"type\":\"awards\",\"enabled\":\"1\",\"fields\":{\"awardSummary\":\"<h5 class=\\\"text-light c-g\\\">Mrs. Ifejika has been recognised for her various achievements in the energy sector and in different organisations.<\\/h5>\\r\\n\\r\\n<p>In recognition of her sterling leadership\\/managerial achievements, she has been recognised and won many accolades, some of which are:<\\/p>\",\"otherAwards\":[{\"col1\":\"2012 African Female Energy Leaders of the Year Award in the United - Kingdom by the Center for Economic & Leadership Development\"},{\"col1\":\"The Nigerian Trailblazers Award\"},{\"col1\":\"Montage African Woman of Excellence Award - 2013\"}],\"awards\":[\"13\",\"12\",\"14\",\"11\",\"10\",\"9\"]}}},\"13\":[\"17\"],\"4\":\"Chairman\\/Chief Executive Officer\",\"5\":{\"29\":{\"type\":\"columns\",\"enabled\":\"1\",\"fields\":{\"column1\":\"<p>Catherine is the first and so far, the only woman to become chair and CEO of an Upstream E&P Company in Nigeria. A graduate of &nbsp;Ahmadu Bello University, Zaria, Catherine obtained a Diploma in Law and an LLB (Hons.) in 1985 and promptly called to the Nigerian Bar in 1986. She is a member of the Nigerian Bar Association, a fellow of the Institute of Arbitration and Conciliation, as well as a member of the Institute of Chartered Secretaries and Administrators.<br><\\/p>\\r\\n\\r\\n<p>Her career in the petroleum industry started when she joined Texaco\\u2019s Legal Department as Junior Counsel in 1987 and rose swiftly to become Company Secretary in 1997. In 2003, her Government and Public Affairs responsibilities were extended to Cameroon, Togo, Benin, Cote D\\u2019Ivoire, and the Democratic Republic of Congo. She joined Brittania-U Nigeria Limited in 2007 as Chair\\/CEO and has since steered the indigenous company to its current market leading position.<\\/p>\",\"column2\":\"<p>Formerly on the Board of Directors of the Federal Ministry of Arts and Culture (2001-2002), Catherine\\u2019s leadership of Brittania-U has brought a number significant \\u2018firsts\\u2019. The Ajapa Floating Production Storage Unit, 100% owned and operated by the company, produced its first oil from drilling in 17 months; a feat yet to be equaled by any other company of its kind in Nigeria. She has set up six subsidiary companies in seven years, receiving numerous awards for good governance and management in Nigeria, the US, China, and Europe.<\\/p>\"}}},\"3\":{\"seoTitleSource\":\"field\",\"seoTitleSourceField\":\"title\",\"seoTitle\":\"\",\"seoDescriptionSource\":\"custom\",\"seoDescriptionSourceField\":\"title\",\"seoDescription\":\"Catherine is the Chairman\\/Chief Executive Officer of Brittania-U. She is the first woman to become chair and CEO of an Upstream E&P Company in Nigeria.\",\"seoKeywordsSource\":\"custom\",\"seoKeywordsSourceField\":\"title\",\"seoKeywords\":\"Catherine, Brittania-U, Uju, Ifejika, Upstream, E&P\",\"seoImageIdSource\":\"field\",\"seoImageIdSourceField\":\"mainImage\",\"seoImageId\":\"\",\"twitterCardType\":\"summary\",\"openGraphType\":\"website\",\"robots\":\"\"},\"12\":[\"18\"]}}', '2016-06-03 07:24:12', '2016-06-03 07:24:12', 'd5e2e00f-ccdc-4820-a277-34aa12c9639e'),
 ('23', '5', '3', '1', 'en_us', '10', '', '{\"typeId\":\"4\",\"authorId\":\"1\",\"title\":\"Catherine Uju Ifejika\",\"slug\":\"catherine-uju-ifejika\",\"postDate\":1464934560,\"expiryDate\":null,\"enabled\":1,\"parentId\":\"\",\"fields\":{\"8\":{\"30\":{\"type\":\"awards\",\"enabled\":\"1\",\"fields\":{\"awardSummary\":\"<h5 class=\\\"text-light c-g\\\">Mrs. Ifejika has been recognised for her various achievements in the energy sector and in different organisations.<\\/h5>\\r\\n\\r\\n<p>In recognition of her sterling leadership\\/managerial achievements, she has been recognised and won many accolades, some of which are:<\\/p>\",\"otherAwards\":[{\"col1\":\"2012 African Female Energy Leaders of the Year Award in the United - Kingdom by the Center for Economic & Leadership Development\"},{\"col1\":\"The Nigerian Trailblazers Award\"},{\"col1\":\"Montage African Woman of Excellence Award - 2013\"}],\"awards\":[\"13\",\"12\",\"14\",\"11\",\"10\",\"9\"]}}},\"13\":[\"17\"],\"4\":\"Chairman\\/Chief Executive Officer\",\"5\":{\"29\":{\"type\":\"columns\",\"enabled\":\"1\",\"fields\":{\"column1\":\"<p>Catherine is the first and so far, the only woman to become chair and CEO of an Upstream E&P Company in Nigeria. A graduate of &nbsp;Ahmadu Bello University, Zaria, Catherine obtained a Diploma in Law and an LLB (Hons.) in 1985 and promptly called to the Nigerian Bar in 1986. She is a member of the Nigerian Bar Association, a fellow of the Institute of Arbitration and Conciliation, as well as a member of the Institute of Chartered Secretaries and Administrators.<br><\\/p>\\r\\n\\r\\n<p>Her career in the petroleum industry started when she joined Texaco\\u2019s Legal Department as Junior Counsel in 1987 and rose swiftly to become Company Secretary in 1997. In 2003, her Government and Public Affairs responsibilities were extended to Cameroon, Togo, Benin, Cote D\\u2019Ivoire, and the Democratic Republic of Congo. She joined Brittania-U Nigeria Limited in 2007 as Chair\\/CEO and has since steered the indigenous company to its current market leading position.<\\/p>\",\"column2\":\"<p>Formerly on the Board of Directors of the Federal Ministry of Arts and Culture (2001-2002), Catherine\\u2019s leadership of Brittania-U has brought a number significant \\u2018firsts\\u2019. The Ajapa Floating Production Storage Unit, 100% owned and operated by the company, produced its first oil from drilling in 17 months; a feat yet to be equaled by any other company of its kind in Nigeria. She has set up six subsidiary companies in seven years, receiving numerous awards for good governance and management in Nigeria, the US, China, and Europe.<\\/p>\"}}},\"3\":{\"seoTitleSource\":\"field\",\"seoTitleSourceField\":\"title\",\"seoTitle\":\"\",\"seoDescriptionSource\":\"custom\",\"seoDescriptionSourceField\":\"title\",\"seoDescription\":\"Catherine is the Chairman\\/Chief Executive Officer of Brittania-U. She is the first woman to become chair and CEO of an Upstream E&P Company in Nigeria.\",\"seoKeywordsSource\":\"custom\",\"seoKeywordsSourceField\":\"title\",\"seoKeywords\":\"Catherine, Brittania-U, Uju, Ifejika, Upstream, E&P\",\"seoImageIdSource\":\"field\",\"seoImageIdSourceField\":\"mainImage\",\"seoImageId\":\"\",\"twitterCardType\":\"summary\",\"openGraphType\":\"website\",\"robots\":\"\"},\"12\":[\"18\"]}}', '2016-06-03 07:25:49', '2016-06-03 07:25:49', 'f00d321a-d7b5-42ac-91f9-8d0ea8463ce7'),
 ('24', '5', '3', '1', 'en_us', '11', '', '{\"typeId\":\"4\",\"authorId\":\"1\",\"title\":\"Catherine Uju Ifejika\",\"slug\":\"catherine-uju-ifejika\",\"postDate\":1464934560,\"expiryDate\":null,\"enabled\":1,\"parentId\":\"\",\"fields\":{\"8\":{\"30\":{\"type\":\"awards\",\"enabled\":\"1\",\"fields\":{\"awardSummary\":\"<h5 class=\\\"text-light c-g\\\">Mrs. Ifejika has been recognised for her various achievements in the energy sector and in different organisations.<\\/h5>\\r\\n\\r\\n<p>In recognition of her sterling leadership\\/managerial achievements, she has been recognised and won many accolades, some of which are:<\\/p>\",\"otherAwards\":[{\"col1\":\"2012 African Female Energy Leaders of the Year Award in the United - Kingdom by the Center for Economic & Leadership Development\"},{\"col1\":\"The Nigerian Trailblazers Award\"},{\"col1\":\"Montage African Woman of Excellence Award - 2013\"}],\"awards\":[\"13\",\"12\",\"14\",\"11\",\"10\",\"9\"]}}},\"13\":[\"17\"],\"4\":\"Chairman\\/Chief Executive Officer\",\"5\":{\"29\":{\"type\":\"columns\",\"enabled\":\"1\",\"fields\":{\"column1\":\"<p>Catherine is the first and so far, the only woman to become chair and CEO of an Upstream E&P Company in Nigeria. A graduate of &nbsp;Ahmadu Bello University, Zaria, Catherine obtained a Diploma in Law and an LLB (Hons.) in 1985 and promptly called to the Nigerian Bar in 1986. She is a member of the Nigerian Bar Association, a fellow of the Institute of Arbitration and Conciliation, as well as a member of the Institute of Chartered Secretaries and Administrators.<br><\\/p>\\r\\n\\r\\n<p>Her career in the petroleum industry started when she joined Texaco\\u2019s Legal Department as Junior Counsel in 1987 and rose swiftly to become Company Secretary in 1997. In 2003, her Government and Public Affairs responsibilities were extended to Cameroon, Togo, Benin, Cote D\\u2019Ivoire, and the Democratic Republic of Congo. She joined Brittania-U Nigeria Limited in 2007 as Chair\\/CEO and has since steered the indigenous company to its current market leading position.<\\/p>\",\"column2\":\"<p>Formerly on the Board of Directors of the Federal Ministry of Arts and Culture (2001-2002), Catherine\\u2019s leadership of Brittania-U has brought a number significant \\u2018firsts\\u2019. The Ajapa Floating Production Storage Unit, 100% owned and operated by the company, produced its first oil from drilling in 17 months; a feat yet to be equaled by any other company of its kind in Nigeria. She has set up six subsidiary companies in seven years, receiving numerous awards for good governance and management in Nigeria, the US, China, and Europe.<\\/p>\"}}},\"3\":{\"seoTitleSource\":\"field\",\"seoTitleSourceField\":\"title\",\"seoTitle\":\"\",\"seoDescriptionSource\":\"custom\",\"seoDescriptionSourceField\":\"title\",\"seoDescription\":\"Catherine is the Chairman\\/Chief Executive Officer of Brittania-U. She is the first woman to become chair and CEO of an Upstream E&P Company in Nigeria.\",\"seoKeywordsSource\":\"custom\",\"seoKeywordsSourceField\":\"title\",\"seoKeywords\":\"Catherine, Brittania-U, Uju, Ifejika, Upstream, E&P\",\"seoImageIdSource\":\"field\",\"seoImageIdSourceField\":\"mainImage\",\"seoImageId\":\"\",\"twitterCardType\":\"summary\",\"openGraphType\":\"website\",\"robots\":\"\"},\"12\":[\"18\"]}}', '2016-06-03 07:25:50', '2016-06-03 07:25:50', 'dc4bc7a1-2977-42a1-8ed1-76f85ca87686'),
 ('25', '5', '3', '1', 'en_us', '12', '', '{\"typeId\":\"4\",\"authorId\":\"1\",\"title\":\"Catherine Uju Ifejika\",\"slug\":\"catherine-uju-ifejika\",\"postDate\":1464934560,\"expiryDate\":null,\"enabled\":1,\"parentId\":\"\",\"fields\":{\"8\":{\"30\":{\"type\":\"awards\",\"enabled\":\"1\",\"fields\":{\"awardSummary\":\"<h5 class=\\\"text-light c-g\\\">Mrs. Ifejika has been recognised for her various achievements in the energy sector and in different organisations.<\\/h5>\\r\\n\\r\\n<p>In recognition of her sterling leadership\\/managerial achievements, she has been recognised and won many accolades, some of which are:<\\/p>\",\"otherAwards\":[{\"col1\":\"2012 African Female Energy Leaders of the Year Award in the United - Kingdom by the Center for Economic & Leadership Development\"},{\"col1\":\"The Nigerian Trailblazers Award\"},{\"col1\":\"Montage African Woman of Excellence Award - 2013\"}],\"awards\":[\"13\",\"12\",\"14\",\"11\",\"10\",\"9\"]}}},\"13\":[\"17\"],\"4\":\"Chairman\\/Chief Executive Officer\",\"5\":{\"29\":{\"type\":\"columns\",\"enabled\":\"1\",\"fields\":{\"column1\":\"<p>Catherine is the first and so far, the only woman to become chair and CEO of an Upstream E&P Company in Nigeria. A graduate of &nbsp;Ahmadu Bello University, Zaria, Catherine obtained a Diploma in Law and an LLB (Hons.) in 1985 and promptly called to the Nigerian Bar in 1986. She is a member of the Nigerian Bar Association, a fellow of the Institute of Arbitration and Conciliation, as well as a member of the Institute of Chartered Secretaries and Administrators.<br><\\/p>\\r\\n\\r\\n<p>Her career in the petroleum industry started when she joined Texaco\\u2019s Legal Department as Junior Counsel in 1987 and rose swiftly to become Company Secretary in 1997. In 2003, her Government and Public Affairs responsibilities were extended to Cameroon, Togo, Benin, Cote D\\u2019Ivoire, and the Democratic Republic of Congo. She joined Brittania-U Nigeria Limited in 2007 as Chair\\/CEO and has since steered the indigenous company to its current market leading position.<\\/p>\",\"column2\":\"<p>Formerly on the Board of Directors of the Federal Ministry of Arts and Culture (2001-2002), Catherine\\u2019s leadership of Brittania-U has brought a number significant \\u2018firsts\\u2019. The Ajapa Floating Production Storage Unit, 100% owned and operated by the company, produced its first oil from drilling in 17 months; a feat yet to be equaled by any other company of its kind in Nigeria. She has set up six subsidiary companies in seven years, receiving numerous awards for good governance and management in Nigeria, the US, China, and Europe.<\\/p>\"}}},\"3\":{\"seoTitleSource\":\"field\",\"seoTitleSourceField\":\"title\",\"seoTitle\":\"\",\"seoDescriptionSource\":\"custom\",\"seoDescriptionSourceField\":\"title\",\"seoDescription\":\"Catherine is the Chairman\\/Chief Executive Officer of Brittania-U. She is the first woman to become chair and CEO of an Upstream E&P Company in Nigeria.\",\"seoKeywordsSource\":\"custom\",\"seoKeywordsSourceField\":\"title\",\"seoKeywords\":\"Catherine, Brittania-U, Uju, Ifejika, Upstream, E&P\",\"seoImageIdSource\":\"field\",\"seoImageIdSourceField\":\"mainImage\",\"seoImageId\":\"\",\"twitterCardType\":\"summary\",\"openGraphType\":\"website\",\"robots\":\"\"},\"12\":[\"18\"]}}', '2016-06-03 07:37:44', '2016-06-03 07:37:44', '6a633719-ebe5-44d6-90a7-fdc6a47be91e'),
 ('27', '5', '3', '1', 'en_us', '13', '', '{\"typeId\":\"4\",\"authorId\":\"1\",\"title\":\"Catherine Uju Ifejika\",\"slug\":\"catherine-uju-ifejika\",\"postDate\":1464934560,\"expiryDate\":null,\"enabled\":1,\"parentId\":\"\",\"fields\":{\"8\":{\"30\":{\"type\":\"awards\",\"enabled\":\"1\",\"fields\":{\"awardSummary\":\"<h5 class=\\\"text-light c-g\\\">Mrs. Ifejika has been recognised for her various achievements in the energy sector and in different organisations.<\\/h5>\\r\\n\\r\\n<p>In recognition of her sterling leadership\\/managerial achievements, she has been recognised and won many accolades, some of which are:<\\/p>\",\"otherAwards\":[{\"col1\":\"2012 African Female Energy Leaders of the Year Award in the United - Kingdom by the Center for Economic & Leadership Development\"},{\"col1\":\"The Nigerian Trailblazers Award\"},{\"col1\":\"Montage African Woman of Excellence Award - 2013\"}],\"awards\":[\"13\",\"12\",\"14\",\"11\",\"10\",\"9\"]}}},\"13\":[\"17\"],\"4\":\"Chairman\\/Chief Executive Officer\",\"5\":{\"29\":{\"type\":\"columns\",\"enabled\":\"1\",\"fields\":{\"column1\":\"<p>Catherine is the first and so far, the only woman to become chair and CEO of an Upstream E&P Company in Nigeria. A graduate of &nbsp;Ahmadu Bello University, Zaria, Catherine obtained a Diploma in Law and an LLB (Hons.) in 1985 and promptly called to the Nigerian Bar in 1986. She is a member of the Nigerian Bar Association, a fellow of the Institute of Arbitration and Conciliation, as well as a member of the Institute of Chartered Secretaries and Administrators.<br><\\/p>\\r\\n\\r\\n<p>Her career in the petroleum industry started when she joined Texaco\\u2019s Legal Department as Junior Counsel in 1987 and rose swiftly to become Company Secretary in 1997. In 2003, her Government and Public Affairs responsibilities were extended to Cameroon, Togo, Benin, Cote D\\u2019Ivoire, and the Democratic Republic of Congo. She joined Brittania-U Nigeria Limited in 2007 as Chair\\/CEO and has since steered the indigenous company to its current market leading position.<\\/p>\",\"column2\":\"<p>Formerly on the Board of Directors of the Federal Ministry of Arts and Culture (2001-2002), Catherine\\u2019s leadership of Brittania-U has brought a number significant \\u2018firsts\\u2019. The Ajapa Floating Production Storage Unit, 100% owned and operated by the company, produced its first oil from drilling in 17 months; a feat yet to be equaled by any other company of its kind in Nigeria. She has set up six subsidiary companies in seven years, receiving numerous awards for good governance and management in Nigeria, the US, China, and Europe.<\\/p>\"}}},\"3\":{\"seoTitleSource\":\"field\",\"seoTitleSourceField\":\"title\",\"seoTitle\":\"\",\"seoDescriptionSource\":\"custom\",\"seoDescriptionSourceField\":\"title\",\"seoDescription\":\"Catherine is the Chairman\\/Chief Executive Officer of Brittania-U. She is the first woman to become chair and CEO of an Upstream E&P Company in Nigeria.\",\"seoKeywordsSource\":\"custom\",\"seoKeywordsSourceField\":\"title\",\"seoKeywords\":\"Catherine, Brittania-U, Uju, Ifejika, Upstream, E&P\",\"seoImageIdSource\":\"field\",\"seoImageIdSourceField\":\"mainImage\",\"seoImageId\":\"\",\"twitterCardType\":\"summary\",\"openGraphType\":\"website\",\"robots\":\"\"},\"12\":[\"18\"]}}', '2016-06-03 08:44:03', '2016-06-03 08:44:03', '744159c3-b05d-4d4f-8275-2681bd34b3f1'),
 ('30', '43', '3', '1', 'en_us', '1', '', '{\"typeId\":\"7\",\"authorId\":\"1\",\"title\":\"Board and Executive Team\",\"slug\":\"board-and-executive-team\",\"postDate\":1464944519,\"expiryDate\":null,\"enabled\":1,\"parentId\":\"\",\"fields\":{\"1\":\"\",\"3\":{\"seoTitleSource\":\"field\",\"seoTitleSourceField\":\"title\",\"seoTitle\":\"\",\"seoDescriptionSource\":\"custom\",\"seoDescriptionSourceField\":\"title\",\"seoDescription\":\"\",\"seoKeywordsSource\":\"custom\",\"seoKeywordsSourceField\":\"title\",\"seoKeywords\":\"\",\"seoImageIdSource\":\"custom\",\"seoImageId\":\"\",\"twitterCardType\":\"summary\",\"openGraphType\":\"website\",\"robots\":\"\"}}}', '2016-06-03 09:01:59', '2016-06-03 09:01:59', '8e82024a-c1b0-4a77-b9e9-586b2867b1e0'),
 ('31', '5', '3', '1', 'en_us', '14', '', '{\"typeId\":\"4\",\"authorId\":\"1\",\"title\":\"Catherine Uju Ifejika\",\"slug\":\"catherine-uju-ifejika\",\"postDate\":1464934560,\"expiryDate\":null,\"enabled\":1,\"parentId\":\"43\",\"fields\":{\"8\":{\"30\":{\"type\":\"awards\",\"enabled\":\"1\",\"fields\":{\"awardSummary\":\"<h5 class=\\\"text-light c-g\\\">Mrs. Ifejika has been recognised for her various achievements in the energy sector and in different organisations.<\\/h5>\\r\\n\\r\\n<p>In recognition of her sterling leadership\\/managerial achievements, she has been recognised and won many accolades, some of which are:<\\/p>\",\"otherAwards\":[{\"col1\":\"2012 African Female Energy Leaders of the Year Award in the United - Kingdom by the Center for Economic & Leadership Development\"},{\"col1\":\"The Nigerian Trailblazers Award\"},{\"col1\":\"Montage African Woman of Excellence Award - 2013\"}],\"awards\":[\"13\",\"12\",\"14\",\"11\",\"10\",\"9\"]}}},\"13\":[\"17\"],\"4\":\"Chairman\\/Chief Executive Officer\",\"5\":{\"29\":{\"type\":\"columns\",\"enabled\":\"1\",\"fields\":{\"column1\":\"<p>Catherine is the first and so far, the only woman to become chair and CEO of an Upstream E&P Company in Nigeria. A graduate of &nbsp;Ahmadu Bello University, Zaria, Catherine obtained a Diploma in Law and an LLB (Hons.) in 1985 and promptly called to the Nigerian Bar in 1986. She is a member of the Nigerian Bar Association, a fellow of the Institute of Arbitration and Conciliation, as well as a member of the Institute of Chartered Secretaries and Administrators.<br><\\/p>\\r\\n\\r\\n<p>Her career in the petroleum industry started when she joined Texaco\\u2019s Legal Department as Junior Counsel in 1987 and rose swiftly to become Company Secretary in 1997. In 2003, her Government and Public Affairs responsibilities were extended to Cameroon, Togo, Benin, Cote D\\u2019Ivoire, and the Democratic Republic of Congo. She joined Brittania-U Nigeria Limited in 2007 as Chair\\/CEO and has since steered the indigenous company to its current market leading position.<\\/p>\",\"column2\":\"<p>Formerly on the Board of Directors of the Federal Ministry of Arts and Culture (2001-2002), Catherine\\u2019s leadership of Brittania-U has brought a number significant \\u2018firsts\\u2019. The Ajapa Floating Production Storage Unit, 100% owned and operated by the company, produced its first oil from drilling in 17 months; a feat yet to be equaled by any other company of its kind in Nigeria. She has set up six subsidiary companies in seven years, receiving numerous awards for good governance and management in Nigeria, the US, China, and Europe.<\\/p>\"}}},\"3\":{\"seoTitleSource\":\"field\",\"seoTitleSourceField\":\"title\",\"seoTitle\":\"\",\"seoDescriptionSource\":\"custom\",\"seoDescriptionSourceField\":\"title\",\"seoDescription\":\"Catherine is the Chairman\\/Chief Executive Officer of Brittania-U. She is the first woman to become chair and CEO of an Upstream E&P Company in Nigeria.\",\"seoKeywordsSource\":\"custom\",\"seoKeywordsSourceField\":\"title\",\"seoKeywords\":\"Catherine, Brittania-U, Uju, Ifejika, Upstream, E&P\",\"seoImageIdSource\":\"field\",\"seoImageIdSourceField\":\"mainImage\",\"seoImageId\":\"\",\"twitterCardType\":\"summary\",\"openGraphType\":\"website\",\"robots\":\"\"},\"12\":[\"18\"]}}', '2016-06-03 09:02:29', '2016-06-03 09:02:29', '4a622c00-ccf3-431c-918d-1a8fcad121aa'),
 ('32', '31', '3', '1', 'en_us', '3', '', '{\"typeId\":\"4\",\"authorId\":\"1\",\"title\":\"Ahmed Akhter Qazi\",\"slug\":\"ahmed-akhter-qazi\",\"postDate\":1464937680,\"expiryDate\":null,\"enabled\":1,\"parentId\":\"43\",\"fields\":{\"8\":\"\",\"13\":[\"15\"],\"4\":\"Chief Financial Officer\",\"5\":{\"32\":{\"type\":\"columns\",\"enabled\":\"1\",\"fields\":{\"column1\":\"<p>Currently the Chief Financial Officer at Brittania-U, Ahmed\\u2019s career found root at Schlumberger in Sedco Forex (A Schlumberger Drilling Company) in Oman as Manager Finance & Administration from 1993 \\u2013 1996, after which he proceeded to Indonesia as the Division Controller from 1996 to 1998. He then went on to hold several positions as Controller and Finance Manager for Schlumberger Aberdeen (UK), Libya, Algeria, Saudi Arabia and Pakistan before moving to Iran in 2005. Prior to joining Schlumberger, Qazi had spent eight years in A. F. Ferguson amp;Co Chartered Accountants (PricewaterhouseCoopers- Pakistan) from 1979 to 1986 and then joined Shell Pakistan Limited (formerly Pakistan Burma Shell) as Assistant Chief Accountant from 1986 to 1993.<\\/p>\\r\\n\\r\\n<p>He became the Group Finance Director of Nigeria & Gulf of Guinea countries for Schlumberger in June 2011, after spending six years in Iran & Kazakhstan as the Group Finance Controller, also serving as&nbsp;Financial Controller with Fortune 500 and high-tech companies.<\\/p>\",\"column2\":\"<p>&nbsp;Ahmed holds a Bachelor\\u2019s degree in Commerce from the University of Karachi. He is also a Fellow of the Institute of Chartered Accountants of Pakistan (ICAP) and a Fellow Member of the Institute of Taxation Management of Pakistan. He has also undertaken business administration courses from Institute of Business Administration, Karachi and an advanced financial program from the Wharton School of Business, Pennsylvania. In addition, he was an active member of various social clubs at College level and was an active member of PEG( Pakistan Executive Group-Saudi Arabia).<\\/p>\"}}},\"3\":{\"seoTitleSource\":\"field\",\"seoTitleSourceField\":\"title\",\"seoTitle\":\"\",\"seoDescriptionSource\":\"custom\",\"seoDescriptionSourceField\":\"title\",\"seoDescription\":\"Ahmed Akhter Qazi is the Chief Financial Office of Brittania-U\",\"seoKeywordsSource\":\"custom\",\"seoKeywordsSourceField\":\"title\",\"seoKeywords\":\"\",\"seoImageIdSource\":\"field\",\"seoImageIdSourceField\":\"mainImage\",\"seoImageId\":\"\",\"twitterCardType\":\"summary\",\"openGraphType\":\"website\",\"robots\":\"\"},\"12\":[\"16\"]}}', '2016-06-03 09:02:41', '2016-06-03 09:02:41', '08765d01-a6b0-4cd3-8be0-b0d595659dae'),
 ('33', '33', '3', '1', 'en_us', '3', '', '{\"typeId\":\"4\",\"authorId\":\"1\",\"title\":\"Nwafor Chukwuemeka Simon\",\"slug\":\"nwafor-chukwuemeka-simon\",\"postDate\":1464937800,\"expiryDate\":null,\"enabled\":1,\"parentId\":\"43\",\"fields\":{\"8\":\"\",\"13\":[\"27\"],\"4\":\"Manager, Exploration & Production\",\"5\":{\"34\":{\"type\":\"columns\",\"enabled\":\"1\",\"fields\":{\"column1\":\"<p>Nwafor is the Manager, Exploration and Production. With over 16 years\\u2019 experience garnered from the Oil & Gas industry in Nigeria and across the globe, Simon is an expert in managing risk complex projects (Hydrocarbon Assets), projects relating to reservoir studies, drilling, on site application supports which includes Seismic interpretation and Reservoir modeling, Coordination of geology & Geophysics seismic interpretation unit, training of the new interpreters, report writing and presentations, Setting up of workstations unit and decision making relating to well proposal, drilling and completions.<\\/p>\",\"column2\":\"<p>He started his career with a two-year stint at Nigeria Agip oil Company as a&nbsp; geologist , after which he spent three years with Dege Conek Nigeria Limited (Oil & Gas Service Provider) as a Senior Geologist and six years at AnKorPoinTe Integrated Limited, Subsidiary of HBT Consulting, Houston Texas(Oil & Gas Services Provider) as&nbsp; Manager Geology & Geophysicist before joining Brittania-U as&nbsp;Manager,&nbsp;Exploration & Production.<\\/p>\"}}},\"3\":{\"seoTitleSource\":\"field\",\"seoTitleSourceField\":\"title\",\"seoTitle\":\"\",\"seoDescriptionSource\":\"custom\",\"seoDescriptionSourceField\":\"title\",\"seoDescription\":\"\",\"seoKeywordsSource\":\"custom\",\"seoKeywordsSourceField\":\"title\",\"seoKeywords\":\"\",\"seoImageIdSource\":\"custom\",\"seoImageIdSourceField\":\"thumbnail\",\"seoImageId\":\"\",\"twitterCardType\":\"summary\",\"openGraphType\":\"website\",\"robots\":\"\"},\"12\":[\"21\"]}}', '2016-06-03 09:02:51', '2016-06-03 09:02:51', '237813f1-09b1-4af5-8cda-54cf0d7e33f5'),
 ('34', '35', '3', '1', 'en_us', '3', '', '{\"typeId\":\"4\",\"authorId\":\"1\",\"title\":\"Julius E. Sea\",\"slug\":\"julius-e-sea\",\"postDate\":1464937860,\"expiryDate\":null,\"enabled\":1,\"parentId\":\"43\",\"fields\":{\"8\":\"\",\"13\":[\"26\"],\"4\":\"Manager, Warri operations\",\"5\":{\"36\":{\"type\":\"columns\",\"enabled\":\"1\",\"fields\":{\"column1\":\"<p>Julius is the manager of Brittania-U\\u2019s Warri Operations. A certified Public Accountant and a certified Information Systems Auditor, He graduated from New Jersey Institute of Technology with a BSc in Management Studies. He further took an MSc. in Accounting from Kean University, New Jersey, after being hired out of college by insurer State Farm as a Senior Insurance Auditor.<\\/p>\",\"column2\":\"<p>He has worked in the United States for some of the biggest firms in banking, accounting, and insurance \\u2013 State Farm, KPMG, Deloitte, and UBS. He has also provided advisory services to multi-national corporations, including SAS 70, Sarbanes-Oxley, and Integrated Audit covering IT General & Application Controls for clients within the Financial Services & Entertainment Industries.<\\/p>\"}}},\"3\":{\"seoTitleSource\":\"field\",\"seoTitleSourceField\":\"title\",\"seoTitle\":\"\",\"seoDescriptionSource\":\"custom\",\"seoDescriptionSourceField\":\"title\",\"seoDescription\":\"\",\"seoKeywordsSource\":\"custom\",\"seoKeywordsSourceField\":\"title\",\"seoKeywords\":\"\",\"seoImageIdSource\":\"custom\",\"seoImageIdSourceField\":\"thumbnail\",\"seoImageId\":\"\",\"twitterCardType\":\"summary\",\"openGraphType\":\"website\",\"robots\":\"\"},\"12\":[\"20\"]}}', '2016-06-03 09:03:01', '2016-06-03 09:03:01', 'd119908c-7b3f-47d8-9a19-6b7402e50119'),
 ('35', '37', '3', '1', 'en_us', '2', '', '{\"typeId\":\"4\",\"authorId\":\"1\",\"title\":\"Oluremi Odutola\",\"slug\":\"oluremi-odutola\",\"postDate\":1464937980,\"expiryDate\":null,\"enabled\":1,\"parentId\":\"43\",\"fields\":{\"8\":\"\",\"13\":[\"28\"],\"4\":\"Manager, Compensation & Benefits\",\"5\":{\"38\":{\"type\":\"columns\",\"enabled\":\"1\",\"fields\":{\"column1\":\"<p>Oluremi is the Manager for Compensation and benefits. A graduate of Ladoke Akintola University of Technology, Oyo&nbsp;State, with&nbsp;a&nbsp;Master of Business Administration (MBA) degree in Human Resources Management, Oluremi started her human resources management career with the defunct Midas Bank plc. in 2001. She later joined Network News 24 (NN24), before joining Brittania-U as compensation and benefits manager and later reassigned as Human Resources Manager.<\\/p>\",\"column2\":\"<p>In addition to professional experience, she is a member of various local and international human resources bodies.<\\/p>\"}}},\"3\":{\"seoTitleSource\":\"field\",\"seoTitleSourceField\":\"title\",\"seoTitle\":\"\",\"seoDescriptionSource\":\"custom\",\"seoDescriptionSourceField\":\"title\",\"seoDescription\":\"\",\"seoKeywordsSource\":\"custom\",\"seoKeywordsSourceField\":\"title\",\"seoKeywords\":\"\",\"seoImageIdSource\":\"custom\",\"seoImageIdSourceField\":\"thumbnail\",\"seoImageId\":\"\",\"twitterCardType\":\"summary\",\"openGraphType\":\"website\",\"robots\":\"\"},\"12\":[\"22\"]}}', '2016-06-03 09:03:11', '2016-06-03 09:03:11', '9f0c10d8-fc30-4c47-b71a-fd03f91308d4'),
 ('36', '39', '3', '1', 'en_us', '3', '', '{\"typeId\":\"4\",\"authorId\":\"1\",\"title\":\"Chibuzor Steve Nwaogu\",\"slug\":\"chibuzor-steve-nwaogu\",\"postDate\":1464938040,\"expiryDate\":null,\"enabled\":1,\"parentId\":\"43\",\"fields\":{\"8\":\"\",\"13\":[\"25\"],\"4\":\"Supply Chain Manager: Procurement & Inventory\",\"5\":{\"40\":{\"type\":\"columns\",\"enabled\":\"1\",\"fields\":{\"column1\":\"<p>Chibuzo is Supply Chain Manager for Procurement and Inventory, and he currently heads the Supply Chain & Procurement unit at BUNL.<br><\\/p>\\r\\n\\r\\n<p>He started his career in 1998 as Procurement Officer with Eastern Bulkcem Company Ltd Port Harcourt. He then worked in 2 world class Projects in the Oil and Gas industry: Chevron Nigeria Agbami FPSO Project and Chevron Nigeria Escravos Gas to Liquid Project (EGTL). He joined Chevron Nigeria Agbami FPSO Project in 2007 and later was drafted into the SCM group of Chevron EGTL Project first as a Logistics Specialist and later as Materials De-Inventory coordinator until June 2014. He spent the last 9 years with Chevron Deep Water Agbami FPSO Project and Chevron Escravos Gas to Liquid Project (EGTL).<\\/p>\\r\\n\\r\\n\\r\\n\\r\\n<p>With about 18 years in Procurement and Logistics Management, he joined the BUNL team as Supply Chain Coordinator: Procurement & Inventory in January 2015.<\\/p>\",\"column2\":\"<p>He started consulting for Brittania-U on Supply chain management from October 2014 where he built an efficient workflow process to coordinate and manage Procurement; tracking materials movement \\/ usage and maintaining adequate inventory management and control across locations. Very passionate about meeting and exceeding expectations, his dedication and very extensive knowledge of the industry has resulted in the improved performance of BUNL supply chain, creating net value, building a very competitive infrastructure and measuring performance globally.<\\/p>\\r\\n\\r\\n<p>A member of American Production and Inventory Control Society \\u2013 APICS, Chartered Institute of Purchasing and Supply \\u2013 CIPS and Associate Member, Nigeria Institute of Management, he wields extensive experience in Supply Chain Management, Procurement, Logistics solutions, Inventory management and Operations.<\\/p>\"}}},\"3\":{\"seoTitleSource\":\"field\",\"seoTitleSourceField\":\"title\",\"seoTitle\":\"\",\"seoDescriptionSource\":\"custom\",\"seoDescriptionSourceField\":\"title\",\"seoDescription\":\"\",\"seoKeywordsSource\":\"custom\",\"seoKeywordsSourceField\":\"title\",\"seoKeywords\":\"\",\"seoImageIdSource\":\"custom\",\"seoImageIdSourceField\":\"thumbnail\",\"seoImageId\":\"\",\"twitterCardType\":\"summary\",\"openGraphType\":\"website\",\"robots\":\"\"},\"12\":[\"19\"]}}', '2016-06-03 09:03:23', '2016-06-03 09:03:23', 'a0f6090c-091e-4989-93c7-379d8ec3c9ff'),
 ('37', '43', '3', '1', 'en_us', '2', '', '{\"typeId\":\"7\",\"authorId\":\"1\",\"title\":\"Board and Executive Team\",\"slug\":\"board-and-executive-team\",\"postDate\":1464944460,\"expiryDate\":null,\"enabled\":1,\"parentId\":\"\",\"fields\":{\"1\":\"<div class=\\\"medium-6 column\\\">\\r\\n\\t\\t\\t \\t\\t\\t<p>The Brittania-U board is comprised of industry leaders and key management personnel, well versed in their chosen fields and expertise. Our team is diverse but united by a common goal to build a sustainable company and maintain a strong operational capacity. <\\/p>                  \\r\\n\\t\\t\\t \\t\\t<\\/div>\\r\\n\\r\\n\\t\\t\\t \\t\\t<div class=\\\"medium-6 column\\\">\\r\\n\\t\\t\\t \\t\\t\\t<p>To accomplish this mission, the executive team\\u00a0sets the company\'s goals, policies and objectives. They provide the framework for governance and steer the company\\u2019s business affairs and provide management with guidance in determining the company\\u2019s long-term strategy, and assess company prospects, risks, and controls for risk mitigation.<\\/p>\\r\\n\\t\\t\\t \\t\\t<\\/div>\",\"3\":{\"seoTitleSource\":\"field\",\"seoTitleSourceField\":\"title\",\"seoTitle\":\"\",\"seoDescriptionSource\":\"custom\",\"seoDescriptionSourceField\":\"title\",\"seoDescription\":\"\",\"seoKeywordsSource\":\"custom\",\"seoKeywordsSourceField\":\"title\",\"seoKeywords\":\"\",\"seoImageIdSource\":\"custom\",\"seoImageId\":\"\",\"twitterCardType\":\"summary\",\"openGraphType\":\"website\",\"robots\":\"\"}}}', '2016-06-03 09:04:02', '2016-06-03 09:04:02', '478c60ce-6858-42ba-966b-c986c8481697'),
 ('38', '44', '6', '1', 'en_us', '1', NULL, '{\"typeId\":\"9\",\"authorId\":null,\"title\":\"About Landing\",\"slug\":\"about-landing\",\"postDate\":1464952017,\"expiryDate\":null,\"enabled\":1,\"parentId\":null,\"fields\":[]}', '2016-06-03 11:06:57', '2016-06-03 11:06:57', '8d8df66a-d147-4428-877d-ecbb9dfd6448'),
 ('39', '44', '6', '1', 'en_us', '2', '', '{\"typeId\":null,\"authorId\":null,\"title\":\"About Landing\",\"slug\":\"about-landing\",\"postDate\":1464952017,\"expiryDate\":null,\"enabled\":1,\"parentId\":null,\"fields\":{\"16\":\"Brittania-U is an indigenous integrated company that delivers energy services through exploration & production, subsurface engineering & consultancy.\",\"34\":[\"45\"],\"17\":[\"46\"],\"18\":{\"new1\":{\"type\":\"item\",\"enabled\":\"1\",\"fields\":{\"itemImage\":[\"47\"],\"itemTitle\":\"The Group\",\"itemLink\":[\"44\"]}},\"new2\":{\"type\":\"item\",\"enabled\":\"1\",\"fields\":{\"itemImage\":[\"48\"],\"itemTitle\":\"Our Vision & Mission\",\"itemLink\":[\"37\"]}}},\"31\":{\"new1\":{\"type\":\"item\",\"enabled\":\"1\",\"fields\":{\"itemContent\":\"\",\"itemContentLinks\":\"\"}}},\"27\":\"\",\"22\":{\"new1\":{\"type\":\"item\",\"enabled\":\"1\",\"fields\":{\"columnOne\":\"\\u200bOur business is Africa; our growth model is sustainable and depends on local content for that growth. With over 500 indigenous people working in our offices across Nigeria and Ghana.\",\"columnTwo\":[\"49\"],\"columnThree\":\"<h3 class=\\\"c-p\\\">Strategy &amp; Leadership<\\/h3>\\r\\n\\r\\n\\t\\t<p>Our goal is to be a focused oil and gas company that delivers value through the chains we operate. We are pursuing this strategy by setting clear priorities, and using our distinct capabilities to achieve them.<\\/p>\",\"links\":\"\"}}},\"3\":{\"seoTitleSource\":\"field\",\"seoTitleSourceField\":\"title\",\"seoTitle\":\"\",\"seoDescriptionSource\":\"custom\",\"seoDescriptionSourceField\":\"title\",\"seoDescription\":\"\",\"seoKeywordsSource\":\"custom\",\"seoKeywordsSourceField\":\"title\",\"seoKeywords\":\"\",\"seoImageIdSource\":\"custom\",\"seoImageIdSourceField\":\"introVideoThumbnail\",\"seoImageId\":\"\",\"twitterCardType\":\"summary\",\"openGraphType\":\"website\",\"robots\":\"\"}}}', '2016-06-03 11:19:09', '2016-06-03 11:19:09', '33c17a3a-31bf-44d8-b5d1-1b18d7b02a2a'),
 ('40', '44', '6', '1', 'en_us', '3', '', '{\"typeId\":null,\"authorId\":null,\"title\":\"About Landing\",\"slug\":\"about-landing\",\"postDate\":1464952017,\"expiryDate\":null,\"enabled\":1,\"parentId\":null,\"fields\":{\"16\":\"Brittania-U is an indigenous integrated company that delivers energy services through exploration & production, subsurface engineering & consultancy.\",\"34\":[\"45\"],\"17\":[\"46\"],\"18\":{\"50\":{\"type\":\"item\",\"enabled\":\"1\",\"fields\":{\"itemImage\":[\"47\"],\"itemTitle\":\"The Group\",\"itemLink\":[\"44\"]}},\"51\":{\"type\":\"item\",\"enabled\":\"1\",\"fields\":{\"itemImage\":[\"48\"],\"itemTitle\":\"Our Vision & Mission\",\"itemLink\":[\"37\"]}}},\"31\":{\"52\":{\"type\":\"item\",\"enabled\":\"1\",\"fields\":{\"itemContent\":\"\",\"itemContentLinks\":\"\"}}},\"27\":\"\",\"22\":{\"53\":{\"type\":\"item\",\"enabled\":\"1\",\"fields\":{\"columnOne\":\"\\u200bOur business is Africa; our growth model is sustainable and depends on local content for that growth. With over 500 indigenous people working in our offices across Nigeria and Ghana.\",\"columnTwo\":[\"49\"],\"columnThree\":\"<h3 class=\\\"c-p\\\">Strategy & Leadership<\\/h3>\\r\\n\\r\\n<p>Our goal is to be a focused oil and gas company that delivers value through the chains we operate. We are pursuing this strategy by setting clear priorities, and using our distinct capabilities to achieve them.<\\/p>\",\"links\":[\"44\",\"43\"]}}},\"3\":{\"seoTitleSource\":\"field\",\"seoTitleSourceField\":\"title\",\"seoTitle\":\"\",\"seoDescriptionSource\":\"custom\",\"seoDescriptionSourceField\":\"title\",\"seoDescription\":\"\",\"seoKeywordsSource\":\"custom\",\"seoKeywordsSourceField\":\"title\",\"seoKeywords\":\"\",\"seoImageIdSource\":\"custom\",\"seoImageIdSourceField\":\"introVideoThumbnail\",\"seoImageId\":\"\",\"twitterCardType\":\"summary\",\"openGraphType\":\"website\",\"robots\":\"\"}}}', '2016-06-03 11:20:14', '2016-06-03 11:20:14', 'f113ecfa-ba77-49a2-81c8-39dff502a1a8'),
 ('41', '44', '6', '1', 'en_us', '4', '', '{\"typeId\":null,\"authorId\":null,\"title\":\"About Landing\",\"slug\":\"about-landing\",\"postDate\":1464952017,\"expiryDate\":null,\"enabled\":1,\"parentId\":null,\"fields\":{\"16\":\"Brittania-U is an indigenous integrated company that delivers energy services through exploration & production, subsurface engineering & consultancy.\",\"34\":[\"45\"],\"17\":[\"46\"],\"18\":{\"50\":{\"type\":\"item\",\"enabled\":\"1\",\"fields\":{\"itemImage\":[\"47\"],\"itemTitle\":\"The Group\",\"itemLink\":[\"44\"]}},\"51\":{\"type\":\"item\",\"enabled\":\"1\",\"fields\":{\"itemImage\":[\"48\"],\"itemTitle\":\"Our Vision & Mission\",\"itemLink\":[\"37\"]}}},\"31\":{\"52\":{\"type\":\"item\",\"enabled\":\"1\",\"fields\":{\"itemContent\":\"\",\"itemContentLinks\":\"\"}}},\"27\":\"\",\"22\":{\"53\":{\"type\":\"item\",\"enabled\":\"1\",\"fields\":{\"columnOne\":\"\\u200bOur business is Africa; our growth model is sustainable and depends on local content for that growth. With over 500 indigenous people working in our offices across Nigeria and Ghana.\",\"columnTwo\":[\"49\"],\"columnThree\":\"<h3 class=\\\"c-p\\\">Strategy & Leadership<\\/h3>\\r\\n\\r\\n<p>Our goal is to be a focused oil and gas company that delivers value through the chains we operate. We are pursuing this strategy by setting clear priorities, and using our distinct capabilities to achieve them.<\\/p>\",\"links\":[\"44\",\"43\"]}}},\"3\":{\"seoTitleSource\":\"field\",\"seoTitleSourceField\":\"title\",\"seoTitle\":\"\",\"seoDescriptionSource\":\"custom\",\"seoDescriptionSourceField\":\"title\",\"seoDescription\":\"\",\"seoKeywordsSource\":\"custom\",\"seoKeywordsSourceField\":\"title\",\"seoKeywords\":\"\",\"seoImageIdSource\":\"custom\",\"seoImageIdSourceField\":\"introVideoThumbnail\",\"seoImageId\":\"\",\"twitterCardType\":\"summary\",\"openGraphType\":\"website\",\"robots\":\"\"}}}', '2016-06-03 11:41:03', '2016-06-03 11:41:03', '6bcb4320-0173-4e35-8193-8f086ab6fdc3'),
 ('42', '44', '6', '1', 'en_us', '5', '', '{\"typeId\":null,\"authorId\":null,\"title\":\"About Landing\",\"slug\":\"about-landing\",\"postDate\":1464952017,\"expiryDate\":null,\"enabled\":1,\"parentId\":null,\"fields\":{\"1\":\"<div class=\\\"large-6 column\\\">\\r\\n\\t\\t\\t\\t \\t\\t\\t<p>A leader in Nigeria\\u2019s petroleum industry, Brittania-U is a major player in the upstream, and downstream segments of the petroleum sector. With a quality portfolio of oil and gas assets in Nigeria, our capabilities extend through upstream (exploration &amp; production and drilling), downstream, trading of oil product, sub-surface engineering and data appraisal for geophysics and petroleum projects.<\\/p>\\r\\n\\t\\t\\t\\t \\t\\t\\t                    \\r\\n\\t\\t\\t\\t \\t\\t\\t<p>We have been operating in Nigeria for over 20 years and our portfolio of solutions is well aligned with the country\\u2019s infrastructure needs and is contributing to economic development and improved quality of life in Nigeria.<\\/p>\\r\\n\\t\\t\\t\\t \\t\\t<\\/div>\\r\\n\\r\\n\\t\\t\\t\\t \\t\\t<div class=\\\"large-6 column\\\">\\r\\n\\t\\t\\t\\t \\t\\t\\t<p>Through our extensive local operating capabilities, we have partnerships with both indigenous and international oil companies, and we hold interests in licenses for the exploration, development, and production of oil and gas assets located onshore, swamp, and offshore.<\\/p>\\r\\n\\r\\n\\t\\t\\t\\t \\t\\t\\t<p>We deliver sustainable value to our stakeholders as we continually grow our reserves by harnessing the optimum potential from our existing range of oil and gas resources, while also acquiring near-term producing assets from international oil companies.<\\/p>\\r\\n\\t\\t\\t\\t \\t\\t<\\/div>\",\"16\":\"Brittania-U is an indigenous integrated company that delivers energy services through exploration & production, subsurface engineering & consultancy.\",\"34\":[\"45\"],\"17\":[\"46\"],\"18\":{\"50\":{\"type\":\"item\",\"enabled\":\"1\",\"fields\":{\"itemImage\":[\"47\"],\"itemTitle\":\"The Group\",\"itemLink\":[\"44\"]}},\"51\":{\"type\":\"item\",\"enabled\":\"1\",\"fields\":{\"itemImage\":[\"48\"],\"itemTitle\":\"Our Vision & Mission\",\"itemLink\":[\"37\"]}}},\"31\":{\"52\":{\"type\":\"item\",\"enabled\":\"1\",\"fields\":{\"itemContent\":\"\",\"itemContentLinks\":\"\"}}},\"27\":\"\",\"22\":{\"53\":{\"type\":\"item\",\"enabled\":\"1\",\"fields\":{\"columnOne\":\"\\u200bOur business is Africa; our growth model is sustainable and depends on local content for that growth. With over 500 indigenous people working in our offices across Nigeria and Ghana.\",\"columnTwo\":[\"49\"],\"columnThree\":\"<h3 class=\\\"c-p\\\">Strategy & Leadership<\\/h3>\\r\\n\\r\\n<p>Our goal is to be a focused oil and gas company that delivers value through the chains we operate. We are pursuing this strategy by setting clear priorities, and using our distinct capabilities to achieve them.<\\/p>\",\"links\":[\"44\",\"43\"]}}},\"3\":{\"seoTitleSource\":\"field\",\"seoTitleSourceField\":\"title\",\"seoTitle\":\"\",\"seoDescriptionSource\":\"custom\",\"seoDescriptionSourceField\":\"title\",\"seoDescription\":\"\",\"seoKeywordsSource\":\"custom\",\"seoKeywordsSourceField\":\"title\",\"seoKeywords\":\"\",\"seoImageIdSource\":\"custom\",\"seoImageIdSourceField\":\"introVideoThumbnail\",\"seoImageId\":\"\",\"twitterCardType\":\"summary\",\"openGraphType\":\"website\",\"robots\":\"\"}}}', '2016-06-03 11:43:45', '2016-06-03 11:43:45', 'f246dc69-35b9-437b-a851-30ce7b50e6d6'),
 ('43', '44', '6', '1', 'en_us', '6', '', '{\"typeId\":null,\"authorId\":null,\"title\":\"About Landing\",\"slug\":\"about-landing\",\"postDate\":1464952017,\"expiryDate\":null,\"enabled\":1,\"parentId\":null,\"fields\":{\"1\":\"<div class=\\\"large-6 column\\\">\\r\\n\\t\\t\\t\\t \\t\\t\\t<p>A leader in Nigeria\\u2019s petroleum industry, Brittania-U is a major player in the upstream, and downstream segments of the petroleum sector. With a quality portfolio of oil and gas assets in Nigeria, our capabilities extend through upstream (exploration & production and drilling), downstream, trading of oil product, sub-surface engineering and data appraisal for geophysics and petroleum projects.<\\/p>\\r\\n\\t\\t\\t\\t \\t\\t\\t                    \\r\\n\\t\\t\\t\\t \\t\\t\\t<p>We have been operating in Nigeria for over 20 years and our portfolio of solutions is well aligned with the country\\u2019s infrastructure needs and is contributing to economic development and improved quality of life in Nigeria.<\\/p>\\r\\n\\t\\t\\t\\t \\t\\t<\\/div>\\r\\n\\r\\n<div class=\\\"large-6 column\\\">\\r\\n\\t\\t\\t\\t \\t\\t\\t<p>Through our extensive local operating capabilities, we have partnerships with both indigenous and international oil companies, and we hold interests in licenses for the exploration, development, and production of oil and gas assets located onshore, swamp, and offshore.<\\/p>\\r\\n\\r\\n\\t\\t\\t\\t \\t\\t\\t<p>We deliver sustainable value to our stakeholders as we continually grow our reserves by harnessing the optimum potential from our existing range of oil and gas resources, while also acquiring near-term producing assets from international oil companies.<\\/p>\\r\\n\\t\\t\\t\\t \\t\\t<\\/div>\",\"16\":\"Brittania-U is an indigenous integrated company that delivers energy services through exploration & production, subsurface engineering & consultancy.\",\"34\":[\"45\"],\"17\":[\"46\"],\"18\":{\"50\":{\"type\":\"item\",\"enabled\":\"1\",\"fields\":{\"itemImage\":[\"47\"],\"itemTitle\":\"The Group\",\"itemLink\":[\"33\"]}},\"51\":{\"type\":\"item\",\"enabled\":\"1\",\"fields\":{\"itemImage\":[\"48\"],\"itemTitle\":\"Our Vision & Mission\",\"itemLink\":[\"37\"]}}},\"31\":{\"52\":{\"type\":\"item\",\"enabled\":\"1\",\"fields\":{\"itemContent\":\"\",\"itemContentLinks\":\"\"}}},\"27\":\"\",\"22\":{\"53\":{\"type\":\"item\",\"enabled\":\"1\",\"fields\":{\"columnOne\":\"\\u200bOur business is Africa; our growth model is sustainable and depends on local content for that growth. With over 500 indigenous people working in our offices across Nigeria and Ghana.\",\"columnTwo\":[\"49\"],\"columnThree\":\"<h3 class=\\\"c-p\\\">Strategy & Leadership<\\/h3>\\r\\n\\r\\n<p>Our goal is to be a focused oil and gas company that delivers value through the chains we operate. We are pursuing this strategy by setting clear priorities, and using our distinct capabilities to achieve them.<\\/p>\",\"links\":[\"44\",\"43\"]}}},\"3\":{\"seoTitleSource\":\"field\",\"seoTitleSourceField\":\"title\",\"seoTitle\":\"\",\"seoDescriptionSource\":\"custom\",\"seoDescriptionSourceField\":\"title\",\"seoDescription\":\"\",\"seoKeywordsSource\":\"custom\",\"seoKeywordsSourceField\":\"title\",\"seoKeywords\":\"\",\"seoImageIdSource\":\"custom\",\"seoImageIdSourceField\":\"introVideoThumbnail\",\"seoImageId\":\"\",\"twitterCardType\":\"summary\",\"openGraphType\":\"website\",\"robots\":\"\"}}}', '2016-06-03 12:05:04', '2016-06-03 12:05:04', 'dfc97f3f-1a94-4ed1-935a-754a79e1e197'),
 ('44', '44', '6', '1', 'en_us', '7', '', '{\"typeId\":null,\"authorId\":null,\"title\":\"About Landing\",\"slug\":\"about-landing\",\"postDate\":1464952017,\"expiryDate\":null,\"enabled\":1,\"parentId\":null,\"fields\":{\"1\":\"<div class=\\\"large-6 column\\\">\\r\\n\\t\\t\\t\\t \\t\\t\\t<p>A leader in Nigeria\\u2019s petroleum industry, Brittania-U is a major player in the upstream, and downstream segments of the petroleum sector. With a quality portfolio of oil and gas assets in Nigeria, our capabilities extend through upstream (exploration & production and drilling), downstream, trading of oil product, sub-surface engineering and data appraisal for geophysics and petroleum projects.<\\/p>\\r\\n\\t\\t\\t\\t \\t\\t\\t                    \\r\\n\\t\\t\\t\\t \\t\\t\\t<p>We have been operating in Nigeria for over 20 years and our portfolio of solutions is well aligned with the country\\u2019s infrastructure needs and is contributing to economic development and improved quality of life in Nigeria.<\\/p>\\r\\n\\t\\t\\t\\t \\t\\t<\\/div>\\r\\n\\r\\n<div class=\\\"large-6 column\\\">\\r\\n\\t\\t\\t\\t \\t\\t\\t<p>Through our extensive local operating capabilities, we have partnerships with both indigenous and international oil companies, and we hold interests in licenses for the exploration, development, and production of oil and gas assets located onshore, swamp, and offshore.<\\/p>\\r\\n\\r\\n\\t\\t\\t\\t \\t\\t\\t<p>We deliver sustainable value to our stakeholders as we continually grow our reserves by harnessing the optimum potential from our existing range of oil and gas resources, while also acquiring near-term producing assets from international oil companies.<\\/p>\\r\\n\\t\\t\\t\\t \\t\\t<\\/div>\",\"16\":\"Brittania-U is an indigenous integrated company that delivers energy services through exploration & production, subsurface engineering & consultancy.\",\"34\":[\"45\"],\"17\":[\"46\"],\"18\":{\"50\":{\"type\":\"item\",\"enabled\":\"1\",\"fields\":{\"itemImage\":[\"47\"],\"itemTitle\":\"The Group\",\"itemLink\":[\"33\"]}},\"51\":{\"type\":\"item\",\"enabled\":\"1\",\"fields\":{\"itemImage\":[\"48\"],\"itemTitle\":\"Our Vision & Mission\",\"itemLink\":[\"37\"]}}},\"31\":{\"52\":{\"type\":\"item\",\"enabled\":\"1\",\"fields\":{\"itemContent\":\"\",\"itemContentLinks\":\"\"}}},\"27\":\"\",\"22\":{\"53\":{\"type\":\"item\",\"enabled\":\"1\",\"fields\":{\"columnOne\":\"\\u200bOur business is Africa; our growth model is sustainable and depends on local content for that growth. With over 500 indigenous people working in our offices across Nigeria and Ghana.\",\"columnTwo\":[\"49\"],\"columnThree\":\"<h3 class=\\\"c-p\\\">Strategy & Leadership<\\/h3>\\r\\n\\r\\n<p>Our goal is to be a focused oil and gas company that delivers value through the chains we operate. We are pursuing this strategy by setting clear priorities, and using our distinct capabilities to achieve them.<\\/p>\",\"links\":[{\"col1\":\"Our Strategy\",\"col2\":\"\\/about\\/our-strategy\"},{\"col1\":\"Our Leadership Team\",\"col2\":\"\\/about\\/board-and-executive-team\"}]}}},\"3\":{\"seoTitleSource\":\"field\",\"seoTitleSourceField\":\"title\",\"seoTitle\":\"\",\"seoDescriptionSource\":\"custom\",\"seoDescriptionSourceField\":\"title\",\"seoDescription\":\"\",\"seoKeywordsSource\":\"custom\",\"seoKeywordsSourceField\":\"title\",\"seoKeywords\":\"\",\"seoImageIdSource\":\"custom\",\"seoImageIdSourceField\":\"introVideoThumbnail\",\"seoImageId\":\"\",\"twitterCardType\":\"summary\",\"openGraphType\":\"website\",\"robots\":\"\"}}}', '2016-06-03 12:32:14', '2016-06-03 12:32:14', '539503c9-3ff8-47e6-b27f-114c878eb985'),
 ('45', '44', '6', '1', 'en_us', '8', '', '{\"typeId\":null,\"authorId\":null,\"title\":\"About Landing\",\"slug\":\"about-landing\",\"postDate\":1464952017,\"expiryDate\":null,\"enabled\":1,\"parentId\":null,\"fields\":{\"1\":\"<div class=\\\"large-6 column\\\">\\r\\n\\t\\t\\t\\t \\t\\t\\t<p>A leader in Nigeria\\u2019s petroleum industry, Brittania-U is a major player in the upstream, and downstream segments of the petroleum sector. With a quality portfolio of oil and gas assets in Nigeria, our capabilities extend through upstream (exploration & production and drilling), downstream, trading of oil product, sub-surface engineering and data appraisal for geophysics and petroleum projects.<\\/p>\\r\\n\\t\\t\\t\\t \\t\\t\\t                    \\r\\n\\t\\t\\t\\t \\t\\t\\t<p>We have been operating in Nigeria for over 20 years and our portfolio of solutions is well aligned with the country\\u2019s infrastructure needs and is contributing to economic development and improved quality of life in Nigeria.<\\/p>\\r\\n\\t\\t\\t\\t \\t\\t<\\/div>\\r\\n\\r\\n<div class=\\\"large-6 column\\\">\\r\\n\\t\\t\\t\\t \\t\\t\\t<p>Through our extensive local operating capabilities, we have partnerships with both indigenous and international oil companies, and we hold interests in licenses for the exploration, development, and production of oil and gas assets located onshore, swamp, and offshore.<\\/p>\\r\\n\\r\\n\\t\\t\\t\\t \\t\\t\\t<p>We deliver sustainable value to our stakeholders as we continually grow our reserves by harnessing the optimum potential from our existing range of oil and gas resources, while also acquiring near-term producing assets from international oil companies.<\\/p>\\r\\n\\t\\t\\t\\t \\t\\t<\\/div>\",\"16\":\"Brittania-U is an indigenous integrated company that delivers energy services through exploration & production, subsurface engineering & consultancy.\",\"34\":[\"45\"],\"17\":[\"46\"],\"18\":{\"50\":{\"type\":\"item\",\"enabled\":\"1\",\"fields\":{\"itemImage\":[\"47\"],\"itemTitle\":\"The Group\",\"itemLink\":[\"33\"]}},\"51\":{\"type\":\"item\",\"enabled\":\"1\",\"fields\":{\"itemImage\":[\"48\"],\"itemTitle\":\"Our Vision & Mission\",\"itemLink\":[\"37\"]}}},\"31\":{\"52\":{\"type\":\"item\",\"enabled\":\"1\",\"fields\":{\"itemContent\":\"\",\"itemContentLinks\":\"\"}}},\"27\":\"\",\"22\":{\"53\":{\"type\":\"item\",\"enabled\":\"1\",\"fields\":{\"columnOne\":\"\\u200bOur business is Africa; our growth model is sustainable and depends on local content for that growth. With over 500 indigenous people working in our offices across Nigeria and Ghana.\",\"columnTwo\":[\"49\"],\"columnThree\":\"<h3 class=\\\"c-p\\\">Strategy & Leadership<\\/h3>\\r\\n\\r\\n<p>Our goal is to be a focused oil and gas company that delivers value through the chains we operate. We are pursuing this strategy by setting clear priorities, and using our distinct capabilities to achieve them.<\\/p>\",\"links\":[{\"col1\":\"Our Strategy\",\"col2\":\"\\/about\\/our-strategy\"},{\"col1\":\"Our Leadership Team\",\"col2\":\"\\/about\\/board-and-executive-team\"}]}}},\"3\":{\"seoTitleSource\":\"field\",\"seoTitleSourceField\":\"title\",\"seoTitle\":\"\",\"seoDescriptionSource\":\"custom\",\"seoDescriptionSourceField\":\"title\",\"seoDescription\":\"\",\"seoKeywordsSource\":\"custom\",\"seoKeywordsSourceField\":\"title\",\"seoKeywords\":\"\",\"seoImageIdSource\":\"custom\",\"seoImageIdSourceField\":\"introVideoThumbnail\",\"seoImageId\":\"\",\"twitterCardType\":\"summary\",\"openGraphType\":\"website\",\"robots\":\"\"}}}', '2016-06-03 12:32:17', '2016-06-03 12:32:17', '4551a41e-ec5a-4005-9900-4343aea6fb9c'),
 ('46', '44', '6', '1', 'en_us', '9', '', '{\"typeId\":null,\"authorId\":null,\"title\":\"About Landing\",\"slug\":\"about-landing\",\"postDate\":1464952017,\"expiryDate\":null,\"enabled\":1,\"parentId\":null,\"fields\":{\"1\":\"<div class=\\\"large-6 column\\\">\\r\\n\\t\\t\\t\\t \\t\\t\\t<p>A leader in Nigeria\\u2019s petroleum industry, Brittania-U is a major player in the upstream, and downstream segments of the petroleum sector. With a quality portfolio of oil and gas assets in Nigeria, our capabilities extend through upstream (exploration & production and drilling), downstream, trading of oil product, sub-surface engineering and data appraisal for geophysics and petroleum projects.<\\/p>\\r\\n\\t\\t\\t\\t \\t\\t\\t                    \\r\\n\\t\\t\\t\\t \\t\\t\\t<p>We have been operating in Nigeria for over 20 years and our portfolio of solutions is well aligned with the country\\u2019s infrastructure needs and is contributing to economic development and improved quality of life in Nigeria.<\\/p>\\r\\n\\t\\t\\t\\t \\t\\t<\\/div>\\r\\n\\r\\n<div class=\\\"large-6 column\\\">\\r\\n\\t\\t\\t\\t \\t\\t\\t<p>Through our extensive local operating capabilities, we have partnerships with both indigenous and international oil companies, and we hold interests in licenses for the exploration, development, and production of oil and gas assets located onshore, swamp, and offshore.<\\/p>\\r\\n\\r\\n\\t\\t\\t\\t \\t\\t\\t<p>We deliver sustainable value to our stakeholders as we continually grow our reserves by harnessing the optimum potential from our existing range of oil and gas resources, while also acquiring near-term producing assets from international oil companies.<\\/p>\\r\\n\\t\\t\\t\\t \\t\\t<\\/div>\",\"16\":\"Brittania-U is an indigenous integrated company that delivers energy services through exploration & production, subsurface engineering & consultancy.\",\"34\":[\"45\"],\"17\":[\"46\"],\"18\":{\"50\":{\"type\":\"item\",\"enabled\":\"1\",\"fields\":{\"itemImage\":[\"47\"],\"itemTitle\":\"The Group\",\"itemLink\":[\"33\"]}},\"51\":{\"type\":\"item\",\"enabled\":\"1\",\"fields\":{\"itemImage\":[\"48\"],\"itemTitle\":\"Our Vision & Mission\",\"itemLink\":[\"37\"]}}},\"31\":{\"52\":{\"type\":\"item\",\"enabled\":\"1\",\"fields\":{\"itemContent\":\"\",\"itemContentLinks\":\"\"}}},\"27\":{\"new1\":{\"type\":\"item\",\"enabled\":\"1\",\"fields\":{\"itemImage\":[\"54\"],\"itemTitle\":\"What We Do\",\"itemLinks\":[\"44\"]}},\"new2\":{\"type\":\"item\",\"enabled\":\"1\",\"fields\":{\"itemImage\":[\"55\"],\"itemTitle\":\"Our People And Values\",\"itemLinks\":[\"39\"]}}},\"22\":{\"53\":{\"type\":\"item\",\"enabled\":\"1\",\"fields\":{\"columnOne\":\"\\u200bOur business is Africa; our growth model is sustainable and depends on local content for that growth. With over 500 indigenous people working in our offices across Nigeria and Ghana.\",\"columnTwo\":[\"49\"],\"columnThree\":\"<h3 class=\\\"c-p\\\">Strategy & Leadership<\\/h3>\\r\\n\\r\\n<p>Our goal is to be a focused oil and gas company that delivers value through the chains we operate. We are pursuing this strategy by setting clear priorities, and using our distinct capabilities to achieve them.<\\/p>\",\"links\":[{\"col1\":\"Our Strategy\",\"col2\":\"\\/about\\/our-strategy\"},{\"col1\":\"Our Leadership Team\",\"col2\":\"\\/about\\/board-and-executive-team\"}]}}},\"3\":{\"seoTitleSource\":\"field\",\"seoTitleSourceField\":\"title\",\"seoTitle\":\"\",\"seoDescriptionSource\":\"custom\",\"seoDescriptionSourceField\":\"title\",\"seoDescription\":\"\",\"seoKeywordsSource\":\"custom\",\"seoKeywordsSourceField\":\"title\",\"seoKeywords\":\"\",\"seoImageIdSource\":\"custom\",\"seoImageIdSourceField\":\"introVideoThumbnail\",\"seoImageId\":\"\",\"twitterCardType\":\"summary\",\"openGraphType\":\"website\",\"robots\":\"\"}}}', '2016-06-03 12:43:41', '2016-06-03 12:43:41', 'd35695cf-688e-45ff-8e1c-7df6ccc3509f'),
 ('47', '44', '6', '1', 'en_us', '10', '', '{\"typeId\":null,\"authorId\":null,\"title\":\"About Landing\",\"slug\":\"about-landing\",\"postDate\":1464952017,\"expiryDate\":null,\"enabled\":1,\"parentId\":null,\"fields\":{\"1\":\"<div class=\\\"large-6 column\\\">\\r\\n\\t\\t\\t\\t \\t\\t\\t<p>A leader in Nigeria\\u2019s petroleum industry, Brittania-U is a major player in the upstream, and downstream segments of the petroleum sector. With a quality portfolio of oil and gas assets in Nigeria, our capabilities extend through upstream (exploration & production and drilling), downstream, trading of oil product, sub-surface engineering and data appraisal for geophysics and petroleum projects.<\\/p>\\r\\n\\t\\t\\t\\t \\t\\t\\t                    \\r\\n\\t\\t\\t\\t \\t\\t\\t<p>We have been operating in Nigeria for over 20 years and our portfolio of solutions is well aligned with the country\\u2019s infrastructure needs and is contributing to economic development and improved quality of life in Nigeria.<\\/p>\\r\\n\\t\\t\\t\\t \\t\\t<\\/div>\\r\\n\\r\\n<div class=\\\"large-6 column\\\">\\r\\n\\t\\t\\t\\t \\t\\t\\t<p>Through our extensive local operating capabilities, we have partnerships with both indigenous and international oil companies, and we hold interests in licenses for the exploration, development, and production of oil and gas assets located onshore, swamp, and offshore.<\\/p>\\r\\n\\r\\n\\t\\t\\t\\t \\t\\t\\t<p>We deliver sustainable value to our stakeholders as we continually grow our reserves by harnessing the optimum potential from our existing range of oil and gas resources, while also acquiring near-term producing assets from international oil companies.<\\/p>\\r\\n\\t\\t\\t\\t \\t\\t<\\/div>\",\"16\":\"Brittania-U is an indigenous integrated company that delivers energy services through exploration & production, subsurface engineering & consultancy.\",\"34\":[\"45\"],\"17\":[\"46\"],\"18\":{\"50\":{\"type\":\"item\",\"enabled\":\"1\",\"fields\":{\"itemImage\":[\"47\"],\"itemTitle\":\"The Group\",\"itemLink\":[\"33\"]}},\"51\":{\"type\":\"item\",\"enabled\":\"1\",\"fields\":{\"itemImage\":[\"48\"],\"itemTitle\":\"Our Vision & Mission\",\"itemLink\":[\"37\"]}}},\"31\":{\"52\":{\"type\":\"item\",\"enabled\":\"1\",\"fields\":{\"itemContent\":\"<h3 class=\\\"c-p\\\">Achievements &amp; Awards<\\/h3>\\r\\n\\r\\n\\t\\t\\t<p>During our years of operation, we have continued to achieve a number of firsts in petroleum production, while breaking old industry records.<\\/p>\",\"itemContentLinks\":[\"37\"]}}},\"27\":{\"56\":{\"type\":\"item\",\"enabled\":\"1\",\"fields\":{\"itemImage\":[\"58\"],\"itemTitle\":\"What We Do\",\"itemLinks\":[\"44\"]}},\"57\":{\"type\":\"item\",\"enabled\":\"1\",\"fields\":{\"itemImage\":[\"55\"],\"itemTitle\":\"Our People And Values\",\"itemLinks\":[\"39\"]}}},\"22\":{\"53\":{\"type\":\"item\",\"enabled\":\"1\",\"fields\":{\"columnOne\":\"\\u200bOur business is Africa; our growth model is sustainable and depends on local content for that growth. With over 500 indigenous people working in our offices across Nigeria and Ghana.\",\"columnTwo\":[\"49\"],\"columnThree\":\"<h3 class=\\\"c-p\\\">Strategy & Leadership<\\/h3>\\r\\n\\r\\n<p>Our goal is to be a focused oil and gas company that delivers value through the chains we operate. We are pursuing this strategy by setting clear priorities, and using our distinct capabilities to achieve them.<\\/p>\",\"links\":[{\"col1\":\"Our Strategy\",\"col2\":\"\\/about\\/our-strategy\"},{\"col1\":\"Our Leadership Team\",\"col2\":\"\\/about\\/board-and-executive-team\"}]}}},\"3\":{\"seoTitleSource\":\"field\",\"seoTitleSourceField\":\"title\",\"seoTitle\":\"\",\"seoDescriptionSource\":\"custom\",\"seoDescriptionSourceField\":\"title\",\"seoDescription\":\"\",\"seoKeywordsSource\":\"custom\",\"seoKeywordsSourceField\":\"title\",\"seoKeywords\":\"\",\"seoImageIdSource\":\"custom\",\"seoImageIdSourceField\":\"introVideoThumbnail\",\"seoImageId\":\"\",\"twitterCardType\":\"summary\",\"openGraphType\":\"website\",\"robots\":\"\"}}}', '2016-06-03 12:49:16', '2016-06-03 12:49:16', '366fab33-90e4-47e7-9427-7e1d9362f197'),
 ('48', '44', '6', '1', 'en_us', '11', '', '{\"typeId\":null,\"authorId\":null,\"title\":\"About Landing\",\"slug\":\"about-landing\",\"postDate\":1464952017,\"expiryDate\":null,\"enabled\":1,\"parentId\":null,\"fields\":{\"1\":\"<div class=\\\"large-6 column\\\">\\r\\n\\t\\t\\t\\t \\t\\t\\t<p>A leader in Nigeria\\u2019s petroleum industry, Brittania-U is a major player in the upstream, and downstream segments of the petroleum sector. With a quality portfolio of oil and gas assets in Nigeria, our capabilities extend through upstream (exploration & production and drilling), downstream, trading of oil product, sub-surface engineering and data appraisal for geophysics and petroleum projects.<\\/p>\\r\\n\\t\\t\\t\\t \\t\\t\\t                    \\r\\n\\t\\t\\t\\t \\t\\t\\t<p>We have been operating in Nigeria for over 20 years and our portfolio of solutions is well aligned with the country\\u2019s infrastructure needs and is contributing to economic development and improved quality of life in Nigeria.<\\/p>\\r\\n\\t\\t\\t\\t \\t\\t<\\/div>\\r\\n\\r\\n<div class=\\\"large-6 column\\\">\\r\\n\\t\\t\\t\\t \\t\\t\\t<p>Through our extensive local operating capabilities, we have partnerships with both indigenous and international oil companies, and we hold interests in licenses for the exploration, development, and production of oil and gas assets located onshore, swamp, and offshore.<\\/p>\\r\\n\\r\\n\\t\\t\\t\\t \\t\\t\\t<p>We deliver sustainable value to our stakeholders as we continually grow our reserves by harnessing the optimum potential from our existing range of oil and gas resources, while also acquiring near-term producing assets from international oil companies.<\\/p>\\r\\n\\t\\t\\t\\t \\t\\t<\\/div>\",\"16\":\"Brittania-U is an indigenous integrated company that delivers energy services through exploration & production, subsurface engineering & consultancy.\",\"34\":[\"45\"],\"17\":[\"46\"],\"18\":{\"50\":{\"type\":\"item\",\"enabled\":\"1\",\"fields\":{\"itemImage\":[\"47\"],\"itemTitle\":\"The Group\",\"itemLink\":[\"33\"]}},\"51\":{\"type\":\"item\",\"enabled\":\"1\",\"fields\":{\"itemImage\":[\"48\"],\"itemTitle\":\"Our Vision & Mission\",\"itemLink\":[\"37\"]}}},\"31\":{\"52\":{\"type\":\"item\",\"enabled\":\"1\",\"fields\":{\"itemContent\":\"<h3 class=\\\"c-p\\\">Achievements & Awards<\\/h3>\\r\\n\\r\\n<p>During our years of operation, we have continued to achieve a number of firsts in petroleum production, while breaking old industry records.<\\/p>\",\"itemContentLinks\":[{\"col1\":\"View Our Achievements & Awards\",\"col2\":\"\\/about\\/our-achievements-and-awards\"}]}}},\"27\":{\"56\":{\"type\":\"item\",\"enabled\":\"1\",\"fields\":{\"itemImage\":[\"58\"],\"itemTitle\":\"What We Do\",\"itemLinks\":[\"44\"]}},\"57\":{\"type\":\"item\",\"enabled\":\"1\",\"fields\":{\"itemImage\":[\"55\"],\"itemTitle\":\"Our People And Values\",\"itemLinks\":[\"39\"]}}},\"22\":{\"53\":{\"type\":\"item\",\"enabled\":\"1\",\"fields\":{\"columnOne\":\"\\u200bOur business is Africa; our growth model is sustainable and depends on local content for that growth. With over 500 indigenous people working in our offices across Nigeria and Ghana.\",\"columnTwo\":[\"49\"],\"columnThree\":\"<h3 class=\\\"c-p\\\">Strategy & Leadership<\\/h3>\\r\\n\\r\\n<p>Our goal is to be a focused oil and gas company that delivers value through the chains we operate. We are pursuing this strategy by setting clear priorities, and using our distinct capabilities to achieve them.<\\/p>\",\"links\":[{\"col1\":\"Our Strategy\",\"col2\":\"\\/about\\/our-strategy\"},{\"col1\":\"Our Leadership Team\",\"col2\":\"\\/about\\/board-and-executive-team\"}]}}},\"3\":{\"seoTitleSource\":\"field\",\"seoTitleSourceField\":\"title\",\"seoTitle\":\"\",\"seoDescriptionSource\":\"custom\",\"seoDescriptionSourceField\":\"title\",\"seoDescription\":\"\",\"seoKeywordsSource\":\"custom\",\"seoKeywordsSourceField\":\"title\",\"seoKeywords\":\"\",\"seoImageIdSource\":\"custom\",\"seoImageIdSourceField\":\"introVideoThumbnail\",\"seoImageId\":\"\",\"twitterCardType\":\"summary\",\"openGraphType\":\"website\",\"robots\":\"\"}}}', '2016-06-03 12:55:17', '2016-06-03 12:55:17', 'b98ff539-b76f-4a9c-8799-69f3c17dfa7f'),
 ('49', '59', '3', '1', 'en_us', '1', '', '{\"typeId\":\"10\",\"authorId\":\"1\",\"title\":\"Our History\",\"slug\":\"our-history\",\"postDate\":1464960648,\"expiryDate\":null,\"enabled\":1,\"parentId\":\"\",\"fields\":{\"1\":\"<div class=\\\"row m-pad column\\\">\\r\\n\\t\\t\\t<h2 class=\\\"medium-12 column c-p text-alt-light mb-0\\\">Our History<\\/h2>\\r\\n\\t\\t\\t\\r\\n\\t\\t\\t<div class=\\\"column text-light mb-60\\\">\\r\\n\\t\\t\\t\\t<h5 class=\\\"text-light c-g\\\">Brittania-U started from a humble beginning in Nigeria in 1995, but ever since, we have made giant strides in the energy industry in Africa. Our growth has being meteoric and today those humble beginnings has led to various offshoots in the energy industry.<\\/h5>\\r\\n\\r\\n\\t\\t\\t\\t<img src=\\\"\\/assets\\/img\\/BU-I-(Tanker-Barge).jpg\\\" alt=\\\"Brittania-U BU-I Tanker Barge\\\" class=\\\"mb-40\\\">\\r\\n\\r\\n\\t\\t\\t\\t<p class=\\\"large-10\\\">Over the years, we have grown. The company has established affiliate entities that belong to either the hydrocarbon exploitation chain or provide services to the businesses in the hydrocarbon chain. This has made Brittania-U become more integrated and versatile in the oil gas industry and allied services, in that it has presence in the oil and gas chain; from sub-surface engineering (Data Appraisal Nigeria Ltd.) to drilling services (Brittania-U Drilling and Oil Services Ltd), Shipping and downstream trading is carried out by the affiliate company (Nexttee Oil&Gas, Trading company Nigeria Limited). Throughout, we have retained our spirit, grit, innovation, perseverance, and most of all, our fundamental purpose: to be a profitable and fully integrated Nigerian Oil and Gas Company of first&nbsp;choice, in all aspects.<\\/p>\\r\\n\\t\\t\\t<\\/div>\\r\\n\\t\\t<\\/div>\\r\\n\\r\\n<div class=\\\"row column m-pad\\\">\\r\\n\\t\\t\\t<div class=\\\"medium-12 column\\\">\\r\\n\\t\\t\\t\\t<div class=\\\"medium-12 column end mt-20 mb-60 collapse pl-0\\\" id=\\\"exploration-and-production\\\">\\r\\n\\t\\t\\t\\t\\t<h4 class=\\\"c-p mt-20 mb-20\\\">Key timelines in Brittania-U\'s History<\\/h4>\\r\\n\\r\\n\\t\\t\\t\\t\\t<div class=\\\"large-12 double-column timeline\\\">\\r\\n\\t\\t\\t\\t\\t\\t<div>\\r\\n\\t\\t\\t\\t\\t\\t\\t<h1>2001<\\/h1>\\r\\n\\r\\n\\t\\t\\t\\t\\t\\t\\t<p>Brittania-U submitted a bid for a marginal field award in response to the initiative of the Federal Government to involve indigenous petroleum companies in the upstream sector of the industry.<\\/p>\\r\\n\\t\\t\\t\\t\\t\\t<\\/div>\\r\\n\\r\\n\\t\\t\\t\\t\\t\\t<div>\\r\\n\\t\\t\\t\\t\\t\\t\\t<h1>2003<\\/h1>\\r\\n\\r\\n\\t\\t\\t\\t\\t\\t\\t<p>After the pre-qualification, presentation of the technical and commercial bids for the Ajapa marginal Field made by the company, it was awarded 100% interest in and the Operatorship of the Ajapa marginal Field in Oil Mining Lease (OML) 90% as per Ministry of Petroleum Resources letter Reference No.PIGMC\\/1138\\/V.1\\/11 \\u2013 dated &nbsp;February 26th, 2003.<\\/p>\\r\\n\\t\\t\\t\\t\\t\\t<\\/div>\\r\\n\\r\\n\\t\\t\\t\\t\\t\\t<div>\\r\\n\\t\\t\\t\\t\\t\\t\\t<h1>2004<\\/h1>\\r\\n\\r\\n\\t\\t\\t\\t\\t\\t\\t<p>Brittania-U entered into a Farm-out agreement (FOA) dated 18th&nbsp;March 2004, with the leaseholders of OML 90 \\u2013i.e Nigerian National Petroleum Corporation (NNPC) and Chevron Nigeria Limited (CNL) on the one part as \\u201cFarmer\\u201d and Brittania-U as the \\u201cFarmee\\u201d on the other part.<\\/p>\\r\\n\\t\\t\\t\\t\\t\\t<\\/div>\\r\\n\\r\\n\\t\\t\\t\\t\\t\\t<div>\\r\\n\\t\\t\\t\\t\\t\\t\\t<h1>2006<\\/h1>\\r\\n\\r\\n\\t\\t\\t\\t\\t\\t\\t<p>As part of the requirements for the Marginal Field initiative i.e. encouraging foreign investment in Nigeria through foreign Technical Partnership with successful Nigerian Marginal Field Operators, Brittania-U in February 2006 negotiated and executed a Participating Agreement(PA) with Syntroleum Inc., who at that time was into Gas to liquid (GTL) operation, divested interests all their assets in Nigeria to Equity Energy Resources (EER), the United Kingdom under a joint Venture arrangement with Brittania-U Nigeria Limited.<\\/p>\\r\\n\\t\\t\\t\\t\\t\\t<\\/div>\\r\\n\\r\\n\\t\\t\\t\\t\\t\\t<div>\\r\\n\\t\\t\\t\\t\\t\\t\\t<h1>2007<\\/h1>\\r\\n\\r\\n\\t\\t\\t\\t\\t\\t\\t<p>The company started full upstream operations. The JV Partners separately sourced funding totalling about US $120 Million to embark on the first phase of the Ajapa marginal field development, comprising two side tracks and one appraisal. BUNL proudly reports that Union Bank Plc. Fully funded her 60% equity contribution (US $70 million) and has become a business partner of first choice to BUNL.<\\/p>\\r\\n\\t\\t\\t\\t\\t\\t<\\/div>\\r\\n\\r\\n\\t\\t\\t\\t\\t\\t<div>\\r\\n\\t\\t\\t\\t\\t\\t\\t<h1>2008<\\/h1>\\r\\n\\r\\n\\t\\t\\t\\t\\t\\t\\t<p>After technical reviews, planning and programming and obtaining regulatory Approvals, the JV carried out its phase I drilling campaign using the Noble Drilling Inc. rig \\u201cDon Walker\\u201d farmed-in from a Shell\\/Nobel Drilling contract. During the campaign which lasted from February to April 2008, which saw the company drilling two sidetracks were executed; one of which was successful and the other drilled off-structure.<\\/p>\\r\\n\\r\\n\\t\\t\\t\\t\\t\\t\\t<p>The planned Early Production facility (a Floating Production Storage and Offloading \\u2013 FPSO), was fabricated\\/commissioned in Houma, Louisiana, USA in August 2008<\\/p>\\r\\n\\t\\t\\t\\t\\t\\t<\\/div>\\r\\n\\r\\n\\t\\t\\t\\t\\t\\t<div>\\r\\n\\t\\t\\t\\t\\t\\t\\t<h1>2009<\\/h1>\\r\\n\\r\\n\\t\\t\\t\\t\\t\\t\\t<p>Energy Equity Resources wanted to divest its interest Pan Petroleum also of the United Kingdom, on 1st&nbsp;of July, 2009 concluded the acquisition of EER\\u2019s equity interest in the Ajapa Marginal field. The fact that the two companies \\u2013 Syntroleum and Energy Equity Resources (EER) did nothing to improve the Ajapa asset, Brittania- U refused to ascent to the 3rd&nbsp;assignment. It rather chose to buy back 40% interest to enable it to move the company forward.<\\/p>\\r\\n\\r\\n\\t\\t\\t\\t\\t\\t\\t<p>The Floating Production, Storage, and Offloading (FPSO) facility was completed in a record time of 7 \\u00bd months (August \\u2013 March 16, 2009) when we commissioned the complete FPSO.<\\/p>\\r\\n\\r\\n\\t\\t\\t\\t\\t\\t\\t<p>NEXTEE oil and Gas trading Company Nigeria Limited, formed to provide supplies of refined products- Premium Motor Spirit (PMS), Automotive Gas Oil (AGO) to the multinationals and independent Oil and gas companies within Nigeria and the African sub-region, was incorporated on 23rd&nbsp;July 2009<\\/p>\\r\\n\\t\\t\\t\\t\\t\\t<\\/div>\\r\\n\\r\\n\\t\\t\\t\\t\\t\\t<div>\\r\\n\\t\\t\\t\\t\\t\\t\\t<h1>2010<\\/h1>\\r\\n\\r\\n\\t\\t\\t\\t\\t\\t\\t<p>With the flow line installation and the FPSO fully commissioned with the Department of petroleum Resources (DPR) active involvement with the Well hook-ups; we commenced production on January 20th, 2010 with Six (6) weeks well testing, which was witnessed by Department of Petroleum Resources Officials, at the end of which approvals were given to the company to commence full production.<\\/p>\\r\\n\\t\\t\\t\\t\\t\\t<\\/div>\\r\\n\\r\\n\\t\\t\\t\\t\\t\\t<div>\\r\\n\\t\\t\\t\\t\\t\\t\\t<h1>2011<\\/h1>\\r\\n\\r\\n\\t\\t\\t\\t\\t\\t\\t<p>Brittania-u Nigeria Limited in&nbsp;November 2011 through a loan of &48million dollars obtain from First Bank Nigeria Plc, bought back its 40% equity it assigned to syntroleum in February of 2006 with the buyback of BUNL 40% interest on the field, Brittania-U now has 100% equity interest in Ajapa Field at OML 90. The operatorship of the field is and has been with Brittania-U Nigeria Limited from the inception of the partnership to date.<\\/p>\\r\\n\\t\\t\\t\\t\\t\\t<\\/div>\\r\\n\\r\\n\\t\\t\\t\\t\\t\\t<div>\\r\\n\\t\\t\\t\\t\\t\\t\\t<h1>2012<\\/h1>\\r\\n\\t\\t\\t\\t\\t\\t\\t<p>The company commenced its 2nd&nbsp;drilling campaign which was successful in the sense that the drilling identified two zone F1 which was new and G3, with a total cumulative production discovery of about 120ft oil down<\\/p>\\r\\n\\r\\n\\t\\t\\t\\t\\t\\t\\t<p>Brittania-U Drilling and Oil services Company Nig. Ltd was incorporated in June 2012, to provide Rigs and drilling services to the parent company \\u2013 Brittania-U Nigeria limited, as well as provide Rig-on-hire and bundle services to&nbsp;would-be&nbsp;interested company.<\\/p>\\r\\n\\r\\n\\t\\t\\t\\t\\t\\t\\t<p>The company was honored in 2012 with \\u201cInternational Trophy for Quality Award\\u201d by Global Trade Leaders Club, Paris.<\\/p>\\r\\n\\t\\t\\t\\t\\t\\t<\\/div>\\r\\n\\r\\n\\t\\t\\t\\t\\t\\t<div>\\r\\n\\t\\t\\t\\t\\t\\t\\t<h1>2013<\\/h1>\\r\\n\\t\\t\\t\\t\\t\\t\\t<p>The 2nd&nbsp;drilling campaign was successfully completed on January 29th, 2013.<\\/p>\\r\\n\\r\\n\\t\\t\\t\\t\\t\\t\\t<p>The company successfully appraised the mapping as well as identifying the new coordinates for our new successful well just completed in January,2013 in collaboration with Schlumberger group. The new appraisal which the company used for its latest drilling campaign discovered new \\u201czone which was not in the map by Chevron or in DPR\\u2019s lods or maps\\u201d.<\\/p>\\r\\n\\t\\t\\t\\t\\t\\t<\\/div>\\r\\n\\t\\t\\t\\t\\t<\\/div>\\r\\n\\t\\t\\t\\t<\\/div>\\r\\n\\r\\n\\t\\t\\t<\\/div>\\r\\n\\t\\t<\\/div>\",\"3\":{\"seoTitleSource\":\"field\",\"seoTitleSourceField\":\"title\",\"seoTitle\":\"\",\"seoDescriptionSource\":\"custom\",\"seoDescriptionSourceField\":\"title\",\"seoDescription\":\"\",\"seoKeywordsSource\":\"custom\",\"seoKeywordsSourceField\":\"title\",\"seoKeywords\":\"\",\"seoImageIdSource\":\"custom\",\"seoImageId\":\"\",\"twitterCardType\":\"summary\",\"openGraphType\":\"website\",\"robots\":\"\"}}}', '2016-06-03 13:30:48', '2016-06-03 13:30:48', '4cbf728c-9bfb-4324-a4c9-51685ad54206'),
 ('50', '59', '3', '1', 'en_us', '2', '', '{\"typeId\":\"10\",\"authorId\":\"1\",\"title\":\"Our History\",\"slug\":\"our-history\",\"postDate\":1464960600,\"expiryDate\":null,\"enabled\":1,\"parentId\":\"\",\"fields\":{\"1\":\"<div class=\\\"row m-pad column\\\">\\r\\n\\t\\t\\t<h2 class=\\\"medium-12 column c-p text-alt-light mb-0\\\">Our History<\\/h2>\\r\\n\\t\\t\\t\\r\\n\\t\\t\\t<div class=\\\"column text-light mb-60\\\">\\r\\n\\t\\t\\t\\t<h5 class=\\\"text-light c-g\\\">Brittania-U started from a humble beginning in Nigeria in 1995, but ever since, we have made giant strides in the energy industry in Africa. Our growth has being meteoric and today those humble beginnings has led to various offshoots in the energy industry.<\\/h5>\\r\\n\\r\\n\\t\\t\\t\\t<img src=\\\"\\/assets\\/img\\/BU-I-(Tanker-Barge).jpg\\\" alt=\\\"Brittania-U BU-I Tanker Barge\\\" class=\\\"mb-40\\\"><p class=\\\"large-10\\\">Over the years, we have grown. The company has established affiliate entities that belong to either the hydrocarbon exploitation chain or provide services to the businesses in the hydrocarbon chain. This has made Brittania-U become more integrated and versatile in the oil gas industry and allied services, in that it has presence in the oil and gas chain; from sub-surface engineering (Data Appraisal Nigeria Ltd.) to drilling services (Brittania-U Drilling and Oil Services Ltd), Shipping and downstream trading is carried out by the affiliate company (Nexttee Oil&Gas, Trading company Nigeria Limited). Throughout, we have retained our spirit, grit, innovation, perseverance, and most of all, our fundamental purpose: to be a profitable and fully integrated Nigerian Oil and Gas Company of first&nbsp;choice, in all aspects.<\\/p>\\r\\n\\t\\t\\t<\\/div>\\r\\n\\t\\t<\\/div>\\r\\n\\r\\n<div class=\\\"row column m-pad\\\">\\r\\n\\t\\t\\t<div class=\\\"medium-12 column\\\">\\r\\n\\t\\t\\t\\t<div class=\\\"medium-12 column end mt-20 mb-60 collapse pl-0\\\">\\r\\n\\t\\t\\t\\t\\t<h4 class=\\\"c-p mt-20 mb-20\\\">Key timelines in Brittania-U\'s History<\\/h4>\\r\\n\\r\\n\\t\\t\\t\\t\\t<div class=\\\"large-12 double-column timeline\\\">\\r\\n\\t\\t\\t\\t\\t\\t<div>\\r\\n\\t\\t\\t\\t\\t\\t\\t<h1>2001<\\/h1>\\r\\n\\r\\n\\t\\t\\t\\t\\t\\t\\t<p>Brittania-U submitted a bid for a marginal field award in response to the initiative of the Federal Government to involve indigenous petroleum companies in the upstream sector of the industry.<\\/p>\\r\\n\\t\\t\\t\\t\\t\\t<\\/div>\\r\\n\\r\\n\\t\\t\\t\\t\\t\\t<div>\\r\\n\\t\\t\\t\\t\\t\\t\\t<h1>2003<\\/h1>\\r\\n\\r\\n\\t\\t\\t\\t\\t\\t\\t<p>After the pre-qualification, presentation of the technical and commercial bids for the Ajapa marginal Field made by the company, it was awarded 100% interest in and the Operatorship of the Ajapa marginal Field in Oil Mining Lease (OML) 90% as per Ministry of Petroleum Resources letter Reference No.PIGMC\\/1138\\/V.1\\/11 \\u2013 dated &nbsp;February 26th, 2003.<\\/p>\\r\\n\\t\\t\\t\\t\\t\\t<\\/div>\\r\\n\\r\\n\\t\\t\\t\\t\\t\\t<div>\\r\\n\\t\\t\\t\\t\\t\\t\\t<h1>2004<\\/h1>\\r\\n\\r\\n\\t\\t\\t\\t\\t\\t\\t<p>Brittania-U entered into a Farm-out agreement (FOA) dated 18th&nbsp;March 2004, with the leaseholders of OML 90 \\u2013i.e Nigerian National Petroleum Corporation (NNPC) and Chevron Nigeria Limited (CNL) on the one part as \\u201cFarmer\\u201d and Brittania-U as the \\u201cFarmee\\u201d on the other part.<\\/p>\\r\\n\\t\\t\\t\\t\\t\\t<\\/div>\\r\\n\\r\\n\\t\\t\\t\\t\\t\\t<div>\\r\\n\\t\\t\\t\\t\\t\\t\\t<h1>2006<\\/h1>\\r\\n\\r\\n\\t\\t\\t\\t\\t\\t\\t<p>As part of the requirements for the Marginal Field initiative i.e. encouraging foreign investment in Nigeria through foreign Technical Partnership with successful Nigerian Marginal Field Operators, Brittania-U in February 2006 negotiated and executed a Participating Agreement(PA) with Syntroleum Inc., who at that time was into Gas to liquid (GTL) operation, divested interests all their assets in Nigeria to Equity Energy Resources (EER), the United Kingdom under a joint Venture arrangement with Brittania-U Nigeria Limited.<\\/p>\\r\\n\\t\\t\\t\\t\\t\\t<\\/div>\\r\\n\\r\\n\\t\\t\\t\\t\\t\\t<div>\\r\\n\\t\\t\\t\\t\\t\\t\\t<h1>2007<\\/h1>\\r\\n\\r\\n\\t\\t\\t\\t\\t\\t\\t<p>The company started full upstream operations. The JV Partners separately sourced funding totalling about US $120 Million to embark on the first phase of the Ajapa marginal field development, comprising two side tracks and one appraisal. BUNL proudly reports that Union Bank Plc. Fully funded her 60% equity contribution (US $70 million) and has become a business partner of first choice to BUNL.<\\/p>\\r\\n\\t\\t\\t\\t\\t\\t<\\/div>\\r\\n\\r\\n\\t\\t\\t\\t\\t\\t<div>\\r\\n\\t\\t\\t\\t\\t\\t\\t<h1>2008<\\/h1>\\r\\n\\r\\n\\t\\t\\t\\t\\t\\t\\t<p>After technical reviews, planning and programming and obtaining regulatory Approvals, the JV carried out its phase I drilling campaign using the Noble Drilling Inc. rig \\u201cDon Walker\\u201d farmed-in from a Shell\\/Nobel Drilling contract. During the campaign which lasted from February to April 2008, which saw the company drilling two sidetracks were executed; one of which was successful and the other drilled off-structure.<\\/p>\\r\\n\\r\\n\\t\\t\\t\\t\\t\\t\\t<p>The planned Early Production facility (a Floating Production Storage and Offloading \\u2013 FPSO), was fabricated\\/commissioned in Houma, Louisiana, USA in August 2008<\\/p>\\r\\n\\t\\t\\t\\t\\t\\t<\\/div>\\r\\n\\r\\n\\t\\t\\t\\t\\t\\t<div>\\r\\n\\t\\t\\t\\t\\t\\t\\t<h1>2009<\\/h1>\\r\\n\\r\\n\\t\\t\\t\\t\\t\\t\\t<p>Energy Equity Resources wanted to divest its interest Pan Petroleum also of the United Kingdom, on 1st&nbsp;of July, 2009 concluded the acquisition of EER\\u2019s equity interest in the Ajapa Marginal field. The fact that the two companies \\u2013 Syntroleum and Energy Equity Resources (EER) did nothing to improve the Ajapa asset, Brittania- U refused to ascent to the 3rd&nbsp;assignment. It rather chose to buy back 40% interest to enable it to move the company forward.<\\/p>\\r\\n\\r\\n\\t\\t\\t\\t\\t\\t\\t<p>The Floating Production, Storage, and Offloading (FPSO) facility was completed in a record time of 7 \\u00bd months (August \\u2013 March 16, 2009) when we commissioned the complete FPSO.<\\/p>\\r\\n\\r\\n\\t\\t\\t\\t\\t\\t\\t<p>NEXTEE oil and Gas trading Company Nigeria Limited, formed to provide supplies of refined products- Premium Motor Spirit (PMS), Automotive Gas Oil (AGO) to the multinationals and independent Oil and gas companies within Nigeria and the African sub-region, was incorporated on 23rd&nbsp;July 2009<\\/p>\\r\\n\\t\\t\\t\\t\\t\\t<\\/div>\\r\\n\\r\\n\\t\\t\\t\\t\\t\\t<div>\\r\\n\\t\\t\\t\\t\\t\\t\\t<h1>2010<\\/h1>\\r\\n\\r\\n\\t\\t\\t\\t\\t\\t\\t<p>With the flow line installation and the FPSO fully commissioned with the Department of petroleum Resources (DPR) active involvement with the Well hook-ups; we commenced production on January 20th, 2010 with Six (6) weeks well testing, which was witnessed by Department of Petroleum Resources Officials, at the end of which approvals were given to the company to commence full production.<\\/p>\\r\\n\\t\\t\\t\\t\\t\\t<\\/div>\\r\\n\\r\\n\\t\\t\\t\\t\\t\\t<div>\\r\\n\\t\\t\\t\\t\\t\\t\\t<h1>2011<\\/h1>\\r\\n\\r\\n\\t\\t\\t\\t\\t\\t\\t<p>Brittania-u Nigeria Limited in&nbsp;November 2011 through a loan of &48million dollars obtain from First Bank Nigeria Plc, bought back its 40% equity it assigned to syntroleum in February of 2006 with the buyback of BUNL 40% interest on the field, Brittania-U now has 100% equity interest in Ajapa Field at OML 90. The operatorship of the field is and has been with Brittania-U Nigeria Limited from the inception of the partnership to date.<\\/p>\\r\\n\\t\\t\\t\\t\\t\\t<\\/div>\\r\\n\\r\\n\\t\\t\\t\\t\\t\\t<div>\\r\\n\\t\\t\\t\\t\\t\\t\\t<h1>2012<\\/h1>\\r\\n\\t\\t\\t\\t\\t\\t\\t<p>The company commenced its 2nd&nbsp;drilling campaign which was successful in the sense that the drilling identified two zone F1 which was new and G3, with a total cumulative production discovery of about 120ft oil down<\\/p>\\r\\n\\r\\n\\t\\t\\t\\t\\t\\t\\t<p>Brittania-U Drilling and Oil services Company Nig. Ltd was incorporated in June 2012, to provide Rigs and drilling services to the parent company \\u2013 Brittania-U Nigeria limited, as well as provide Rig-on-hire and bundle services to&nbsp;would-be&nbsp;interested company.<\\/p>\\r\\n\\r\\n\\t\\t\\t\\t\\t\\t\\t<p>The company was honored in 2012 with \\u201cInternational Trophy for Quality Award\\u201d by Global Trade Leaders Club, Paris.<\\/p>\\r\\n\\t\\t\\t\\t\\t\\t<\\/div>\\r\\n\\r\\n\\t\\t\\t\\t\\t\\t<div>\\r\\n\\t\\t\\t\\t\\t\\t\\t<h1>2013<\\/h1>\\r\\n\\t\\t\\t\\t\\t\\t\\t<p>The 2nd&nbsp;drilling campaign was successfully completed on January 29th, 2013.<\\/p>\\r\\n\\r\\n\\t\\t\\t\\t\\t\\t\\t<p>The company successfully appraised the mapping as well as identifying the new coordinates for our new successful well just completed in January,2013 in collaboration with Schlumberger group. The new appraisal which the company used for its latest drilling campaign discovered new \\u201czone which was not in the map by Chevron or in DPR\\u2019s lods or maps\\u201d.<\\/p>\\r\\n\\t\\t\\t\\t\\t\\t<\\/div>\\r\\n\\t\\t\\t\\t\\t<\\/div>\\r\\n\\t\\t\\t\\t<\\/div>\\r\\n\\r\\n\\t\\t\\t<\\/div>\\r\\n\\t\\t<\\/div>\",\"3\":{\"seoTitleSource\":\"field\",\"seoTitleSourceField\":\"title\",\"seoTitle\":\"\",\"seoDescriptionSource\":\"custom\",\"seoDescriptionSourceField\":\"title\",\"seoDescription\":\"\",\"seoKeywordsSource\":\"custom\",\"seoKeywordsSourceField\":\"title\",\"seoKeywords\":\"\",\"seoImageIdSource\":\"custom\",\"seoImageId\":\"\",\"twitterCardType\":\"summary\",\"openGraphType\":\"website\",\"robots\":\"\"}}}', '2016-06-03 13:30:53', '2016-06-03 13:30:53', 'e78d4aca-0c86-463a-9308-780fcdcbd837'),
 ('51', '59', '3', '1', 'en_us', '3', '', '{\"typeId\":\"10\",\"authorId\":\"1\",\"title\":\"Our History\",\"slug\":\"our-history\",\"postDate\":1464960600,\"expiryDate\":null,\"enabled\":1,\"parentId\":\"\",\"fields\":{\"1\":\"<div class=\\\"row m-pad column\\\">\\r\\n\\t\\t\\t<h2 class=\\\"medium-12 column c-p text-alt-light mb-0\\\">Our History<\\/h2>\\r\\n\\t\\t\\t\\r\\n\\t\\t\\t<div class=\\\"column text-light mb-60\\\">\\r\\n\\t\\t\\t\\t<h5 class=\\\"text-light c-g\\\">Brittania-U started from a humble beginning in Nigeria in 1995, but ever since, we have made giant strides in the energy industry in Africa. Our growth has being meteoric and today those humble beginnings has led to various offshoots in the energy industry.<\\/h5>\\r\\n\\r\\n\\t\\t\\t\\t<img src=\\\"\\/assets\\/img\\/BU-I-(Tanker-Barge).jpg\\\" alt=\\\"Brittania-U BU-I Tanker Barge\\\" class=\\\"mb-40\\\"><p class=\\\"large-10\\\">Over the years, we have grown. The company has established affiliate entities that belong to either the hydrocarbon exploitation chain or provide services to the businesses in the hydrocarbon chain. This has made Brittania-U become more integrated and versatile in the oil gas industry and allied services, in that it has presence in the oil and gas chain; from sub-surface engineering (Data Appraisal Nigeria Ltd.) to drilling services (Brittania-U Drilling and Oil Services Ltd), Shipping and downstream trading is carried out by the affiliate company (Nexttee Oil&Gas, Trading company Nigeria Limited). Throughout, we have retained our spirit, grit, innovation, perseverance, and most of all, our fundamental purpose: to be a profitable and fully integrated Nigerian Oil and Gas Company of first&nbsp;choice, in all aspects.<\\/p>\\r\\n\\t\\t\\t<\\/div>\\r\\n\\t\\t<\\/div>\\r\\n\\r\\n<div class=\\\"row column m-pad\\\">\\r\\n\\t\\t\\t<div class=\\\"medium-12 column\\\">\\r\\n\\t\\t\\t\\t<div class=\\\"medium-12 column end mt-20 mb-60 collapse pl-0\\\">\\r\\n\\t\\t\\t\\t\\t<h4 class=\\\"c-p mt-20 mb-20\\\">Key timelines in Brittania-U\'s History<\\/h4>\\r\\n\\r\\n\\t\\t\\t\\t\\t<div class=\\\"large-12 double-column timeline\\\">\\r\\n\\t\\t\\t\\t\\t\\t<div>\\r\\n\\t\\t\\t\\t\\t\\t\\t<h1>2001<\\/h1>\\r\\n\\r\\n\\t\\t\\t\\t\\t\\t\\t<p>Brittania-U submitted a bid for a marginal field award in response to the initiative of the Federal Government to involve indigenous petroleum companies in the upstream sector of the industry.<\\/p>\\r\\n\\t\\t\\t\\t\\t\\t<\\/div>\\r\\n\\r\\n\\t\\t\\t\\t\\t\\t<div>\\r\\n\\t\\t\\t\\t\\t\\t\\t<h1>2003<\\/h1>\\r\\n\\r\\n\\t\\t\\t\\t\\t\\t\\t<p>After the pre-qualification, presentation of the technical and commercial bids for the Ajapa marginal Field made by the company, it was awarded 100% interest in and the Operatorship of the Ajapa marginal Field in Oil Mining Lease (OML) 90% as per Ministry of Petroleum Resources letter Reference No.PIGMC\\/1138\\/V.1\\/11 \\u2013 dated &nbsp;February 26th, 2003.<\\/p>\\r\\n\\t\\t\\t\\t\\t\\t<\\/div>\\r\\n\\r\\n\\t\\t\\t\\t\\t\\t<div>\\r\\n\\t\\t\\t\\t\\t\\t\\t<h1>2004<\\/h1>\\r\\n\\r\\n\\t\\t\\t\\t\\t\\t\\t<p>Brittania-U entered into a Farm-out agreement (FOA) dated 18th&nbsp;March 2004, with the leaseholders of OML 90 \\u2013i.e Nigerian National Petroleum Corporation (NNPC) and Chevron Nigeria Limited (CNL) on the one part as \\u201cFarmer\\u201d and Brittania-U as the \\u201cFarmee\\u201d on the other part.<\\/p>\\r\\n\\t\\t\\t\\t\\t\\t<\\/div>\\r\\n\\r\\n\\t\\t\\t\\t\\t\\t<div>\\r\\n\\t\\t\\t\\t\\t\\t\\t<h1>2006<\\/h1>\\r\\n\\r\\n\\t\\t\\t\\t\\t\\t\\t<p>As part of the requirements for the Marginal Field initiative i.e. encouraging foreign investment in Nigeria through foreign Technical Partnership with successful Nigerian Marginal Field Operators, Brittania-U in February 2006 negotiated and executed a Participating Agreement(PA) with Syntroleum Inc., who at that time was into Gas to liquid (GTL) operation, divested interests all their assets in Nigeria to Equity Energy Resources (EER), the United Kingdom under a joint Venture arrangement with Brittania-U Nigeria Limited.<\\/p>\\r\\n\\t\\t\\t\\t\\t\\t<\\/div>\\r\\n\\r\\n\\t\\t\\t\\t\\t\\t<div>\\r\\n\\t\\t\\t\\t\\t\\t\\t<h1>2007<\\/h1>\\r\\n\\r\\n\\t\\t\\t\\t\\t\\t\\t<p>The company started full upstream operations. The JV Partners separately sourced funding totalling about US $120 Million to embark on the first phase of the Ajapa marginal field development, comprising two side tracks and one appraisal. BUNL proudly reports that Union Bank Plc. Fully funded her 60% equity contribution (US $70 million) and has become a business partner of first choice to BUNL.<\\/p>\\r\\n\\t\\t\\t\\t\\t\\t<\\/div>\\r\\n\\r\\n\\t\\t\\t\\t\\t\\t<div>\\r\\n\\t\\t\\t\\t\\t\\t\\t<h1>2008<\\/h1>\\r\\n\\r\\n\\t\\t\\t\\t\\t\\t\\t<p>After technical reviews, planning and programming and obtaining regulatory Approvals, the JV carried out its phase I drilling campaign using the Noble Drilling Inc. rig \\u201cDon Walker\\u201d farmed-in from a Shell\\/Nobel Drilling contract. During the campaign which lasted from February to April 2008, which saw the company drilling two sidetracks were executed; one of which was successful and the other drilled off-structure.<\\/p>\\r\\n\\r\\n\\t\\t\\t\\t\\t\\t\\t<p>The planned Early Production facility (a Floating Production Storage and Offloading \\u2013 FPSO), was fabricated\\/commissioned in Houma, Louisiana, USA in August 2008<\\/p>\\r\\n\\t\\t\\t\\t\\t\\t<\\/div>\\r\\n\\r\\n\\t\\t\\t\\t\\t\\t<div>\\r\\n\\t\\t\\t\\t\\t\\t\\t<h1>2009<\\/h1>\\r\\n\\r\\n\\t\\t\\t\\t\\t\\t\\t<p>Energy Equity Resources wanted to divest its interest Pan Petroleum also of the United Kingdom, on 1st&nbsp;of July, 2009 concluded the acquisition of EER\\u2019s equity interest in the Ajapa Marginal field. The fact that the two companies \\u2013 Syntroleum and Energy Equity Resources (EER) did nothing to improve the Ajapa asset, Brittania- U refused to ascent to the 3rd&nbsp;assignment. It rather chose to buy back 40% interest to enable it to move the company forward.<\\/p>\\r\\n\\r\\n\\t\\t\\t\\t\\t\\t\\t<p>The Floating Production, Storage, and Offloading (FPSO) facility was completed in a record time of 7 \\u00bd months (August \\u2013 March 16, 2009) when we commissioned the complete FPSO.<\\/p>\\r\\n\\r\\n\\t\\t\\t\\t\\t\\t\\t<p>NEXTEE oil and Gas trading Company Nigeria Limited, formed to provide supplies of refined products- Premium Motor Spirit (PMS), Automotive Gas Oil (AGO) to the multinationals and independent Oil and gas companies within Nigeria and the African sub-region, was incorporated on 23rd&nbsp;July 2009<\\/p>\\r\\n\\t\\t\\t\\t\\t\\t<\\/div>\\r\\n\\r\\n\\t\\t\\t\\t\\t\\t<div>\\r\\n\\t\\t\\t\\t\\t\\t\\t<h1>2010<\\/h1>\\r\\n\\r\\n\\t\\t\\t\\t\\t\\t\\t<p>With the flow line installation and the FPSO fully commissioned with the Department of petroleum Resources (DPR) active involvement with the Well hook-ups; we commenced production on January 20th, 2010 with Six (6) weeks well testing, which was witnessed by Department of Petroleum Resources Officials, at the end of which approvals were given to the company to commence full production.<\\/p>\\r\\n\\t\\t\\t\\t\\t\\t<\\/div>\\r\\n\\r\\n\\t\\t\\t\\t\\t\\t<div>\\r\\n\\t\\t\\t\\t\\t\\t\\t<h1>2011<\\/h1>\\r\\n\\r\\n\\t\\t\\t\\t\\t\\t\\t<p>Brittania-u Nigeria Limited in&nbsp;November 2011 through a loan of &48million dollars obtain from First Bank Nigeria Plc, bought back its 40% equity it assigned to syntroleum in February of 2006 with the buyback of BUNL 40% interest on the field, Brittania-U now has 100% equity interest in Ajapa Field at OML 90. The operatorship of the field is and has been with Brittania-U Nigeria Limited from the inception of the partnership to date.<\\/p>\\r\\n\\t\\t\\t\\t\\t\\t<\\/div>\\r\\n\\r\\n\\t\\t\\t\\t\\t\\t<div>\\r\\n\\t\\t\\t\\t\\t\\t\\t<h1>2012<\\/h1>\\r\\n\\t\\t\\t\\t\\t\\t\\t<p>The company commenced its 2nd&nbsp;drilling campaign which was successful in the sense that the drilling identified two zone F1 which was new and G3, with a total cumulative production discovery of about 120ft oil down<\\/p>\\r\\n\\r\\n\\t\\t\\t\\t\\t\\t\\t<p>Brittania-U Drilling and Oil services Company Nig. Ltd was incorporated in June 2012, to provide Rigs and drilling services to the parent company \\u2013 Brittania-U Nigeria limited, as well as provide Rig-on-hire and bundle services to&nbsp;would-be&nbsp;interested company.<\\/p>\\r\\n\\r\\n\\t\\t\\t\\t\\t\\t\\t<p>The company was honored in 2012 with \\u201cInternational Trophy for Quality Award\\u201d by Global Trade Leaders Club, Paris.<\\/p>\\r\\n\\t\\t\\t\\t\\t\\t<\\/div>\\r\\n\\r\\n\\t\\t\\t\\t\\t\\t<div>\\r\\n\\t\\t\\t\\t\\t\\t\\t<h1>2013<\\/h1>\\r\\n\\t\\t\\t\\t\\t\\t\\t<p>The 2nd&nbsp;drilling campaign was successfully completed on January 29th, 2013.<\\/p>\\r\\n\\r\\n\\t\\t\\t\\t\\t\\t\\t<p>The company successfully appraised the mapping as well as identifying the new coordinates for our new successful well just completed in January,2013 in collaboration with Schlumberger group. The new appraisal which the company used for its latest drilling campaign discovered new \\u201czone which was not in the map by Chevron or in DPR\\u2019s lods or maps\\u201d.<\\/p>\\r\\n\\t\\t\\t\\t\\t\\t<\\/div>\\r\\n\\t\\t\\t\\t\\t<\\/div>\\r\\n\\t\\t\\t\\t<\\/div>\\r\\n\\r\\n\\t\\t\\t<\\/div>\\r\\n\\t\\t<\\/div>\",\"3\":{\"seoTitleSource\":\"field\",\"seoTitleSourceField\":\"title\",\"seoTitle\":\"\",\"seoDescriptionSource\":\"custom\",\"seoDescriptionSourceField\":\"title\",\"seoDescription\":\"\",\"seoKeywordsSource\":\"custom\",\"seoKeywordsSourceField\":\"title\",\"seoKeywords\":\"\",\"seoImageIdSource\":\"custom\",\"seoImageId\":\"\",\"twitterCardType\":\"summary\",\"openGraphType\":\"website\",\"robots\":\"\"}}}', '2016-06-03 13:34:44', '2016-06-03 13:34:44', '7ac2ec5d-0318-419e-8a9c-623db598f5f2'),
 ('52', '60', '3', '1', 'en_us', '1', '', '{\"typeId\":\"10\",\"authorId\":\"1\",\"title\":\"What We Do\",\"slug\":\"what-we-do\",\"postDate\":1464960961,\"expiryDate\":null,\"enabled\":1,\"parentId\":\"\",\"fields\":{\"1\":\"\\r\\n\\t\\t<div class=\\\"row m-pad column\\\">\\r\\n\\t\\t\\t<h2 class=\\\"medium-12 column c-p text-alt-light mb-0\\\">What We Do<\\/h2>\\r\\n\\t\\t\\t\\r\\n\\t\\t\\t<div class=\\\"column text-light mb-60\\\">\\r\\n\\t\\t\\t\\t<h5 class=\\\"text-light c-g\\\">Our operations cover the entire chain of the oil and gas industry. What we do involves identifying oil and natural gas deposits and exploration and drilling of those resources. We import and distribute refined petroleum products for some multinationals and local independent product marketing companies; as well as Shipping and Vessel operation services. We are also involved in subsurface engineering for other energy companies, using state-of-the-art data collection and appraisals.<\\/h5>\\r\\n\\r\\n\\t\\t\\t\\t<p class=\\\"mt-20\\\"><strong>Our involvement in energy is tied towards these three primary sections:<\\/strong><\\/p>\\r\\n\\t\\t\\t<\\/div>\\r\\n\\t\\t<\\/div>\\r\\n\\r\\n\\t\\t<div class=\\\"row m-pad column\\\">\\r\\n\\t\\t\\t<div class=\\\"medium-4 column mb-40\\\">\\r\\n\\t\\t\\t\\t<a href=\\\"#exploration-and-production\\\" title=\\\"Exploration and Production\\\" class=\\\"c-p\\\"><img src=\\\"\\/assets\\/img\\/brittania-u-exploration-and-production.jpg\\\" alt=\\\"Exploration &amp; Production\\\" class=\\\"mb-20\\\">\\r\\n\\t\\t\\t\\t<h5>Exploration &amp; Production<\\/h5><\\/a>\\r\\n\\t\\t\\t<\\/div>\\r\\n\\r\\n\\t\\t\\t<div class=\\\"medium-4 column mb-40\\\">\\r\\n\\t\\t\\t\\t<a href=\\\"#oil-services\\\" title=\\\"Drilling and Oil Services\\\" class=\\\"c-p\\\"><img src=\\\"\\/assets\\/img\\/brittania-u-drilling.jpg\\\" alt=\\\"Drilling &amp; Oil Services\\\" class=\\\"mb-20\\\">\\r\\n\\t\\t\\t\\t<h5>Drilling  &amp; Oil Services<\\/h5><\\/a>\\r\\n\\t\\t\\t<\\/div>\\r\\n\\t\\t\\t<div class=\\\"medium-4 column mb-40\\\">\\r\\n\\t\\t\\t\\t<a href=\\\"#geology-and-engineering-consultancy\\\" title=\\\"Geology and Engineering Consultancy\\\" class=\\\"c-p\\\"><img src=\\\"\\/assets\\/img\\/geology-and-engineering-consultancy.jpg\\\" alt=\\\"Geology &amp; Engineering Consultancy\\\" class=\\\"mb-20\\\">\\r\\n\\t\\t\\t\\t<h5>Geology &amp; Engineering Consultancy<\\/h5><\\/a>\\r\\n\\t\\t\\t<\\/div>\\r\\n\\t\\t<\\/div>\\r\\n\\t\\t<div class=\\\"row column m-pad\\\">\\r\\n\\t\\t\\t<div class=\\\"medium-12 column\\\">\\r\\n\\t\\t\\t\\t<div class=\\\"medium-12 column end mt-40 mb-60 ruled-top collapse pl-0\\\" id=\\\"exploration-and-production\\\">\\r\\n\\t\\t\\t\\t\\t<h3 class=\\\"c-p mt-20 mb-20\\\">Exploration &amp; Production<\\/h3>\\r\\n\\r\\n\\t\\t\\t\\t\\t<img src=\\\"\\/assets\\/img\\/oil-platform.jpg\\\" alt=\\\"Exploration and Production\\\" class=\\\"mb-20\\\">\\r\\n\\r\\n\\t\\t\\t\\t\\t<div class=\\\"large-8 double-column\\\">\\r\\n\\t\\t\\t\\t\\t\\t<p>Our\\u00a0Exploration &amp; Production\\u2019s segment\\u00a0is responsible for renewing our resource base through access, exploration, and appraisal; and encompasses all\\u00a0the\\u00a0steps involved in finding, producing,\\u00a0processing oil and natural gas. Our teams in this segment\\u00a0continuously strive to\\u00a0renew and develop our portfolio of oil and gas assets in often-complex environments to meet the Nigeria\\u2019s growing energy demand.<\\/p>\\r\\n\\r\\n\\t\\t\\t\\t\\t\\t<p>While we conduct activities against a backdrop of growing energy and environmental challenges, we continue to actively manage our portfolio to play to our strengths, divesting non-core assets and finding alternative ways to create long-term value.\\u00a0We combine our substantial knowledge and insight to develop some of the most advanced technology in the country to assist us in finding additional petroleum reserves as well as maximize the recovery of these resources for the benefit of this generation and the generations to come.\\u00a0Technologies such as seismic imaging, enhanced oil recovery, and real-time data support our upstream strategy by helping us gain new access, increase recovery and reserves and improve production efficiency.<\\/p>\\r\\n\\r\\n\\t\\t\\t\\t\\t\\t<p>Our production facility is a 10,000bbls per day with an expansion capacity of up to 20,000bbls per day.\\u00a0A wise stewardship of our petroleum resources is our number one priority. We continually seek new ways to find and produce these resources more efficiently, from improving our understanding of subsurface dynamics to deploying cutting-edge well completions.<\\/p>\\r\\n\\t\\t\\t\\t\\t<\\/div>\\r\\n\\t\\t\\t\\t<\\/div>\\r\\n\\r\\n\\t\\t\\t\\t<div class=\\\"medium-12 column end mt-40 mb-60 ruled-top collapse pl-0\\\" id=\\\"oil-services\\\">\\r\\n\\t\\t\\t\\t\\t<h3 class=\\\"c-p mt-20 mb-20\\\">Drilling &amp; Oil Services<\\/h3>\\r\\n\\r\\n\\t\\t\\t\\t\\t<div class=\\\"medium-8 column pl-0\\\">\\r\\n\\t\\t\\t\\t\\t\\t<img src=\\\"\\/assets\\/img\\/drilling-well.jpg\\\" alt=\\\"Drilling and Oil Services\\\" class=\\\"mb-20\\\">\\r\\n\\t\\t\\t\\t\\t<\\/div>\\r\\n\\r\\n\\t\\t\\t\\t\\t<div class=\\\"\\\">\\r\\n\\t\\t\\t\\t\\t\\t<p>We\\u00a0engage in oil and gas drilling and completion, well servicing, pressure pumping, wireline, geophysical, civil engineering and transportation.\\u00a0We provide Rig-on-hire-and-bundle services to would-be interested companies.<\\/p>\\r\\n\\r\\n\\t\\t\\t\\t\\t\\t<p>We currently have a 152ft Rig for our drilling program on our current block at Ajapa (OML 90) field as well as offer rig lease\\/charter services to independent companies on term contract.\\u00a0Our reputation for quality services in a safe working environment exceeds industry standards as our\\u00a0rig and other equipment\\u2019s\\u00a0are all state-of-the-art, high-specification drillships, which benefit from a proven design and highly developed construction techniques.\\u00a0Also, our team is performance-oriented, providing technologically advanced equipment, extensive industry experience, a safe operating environment, and quality service to our clients in the worldwide oil and gas industry.<\\/p>\\r\\n\\t\\t\\t\\t\\t<\\/div>\\r\\n\\r\\n\\t\\t\\t\\t\\t<div class=\\\"medium-5 column pl-0\\\">\\r\\n\\t\\t\\t\\t\\t\\t<img src=\\\"\\/assets\\/img\\/brittania-u-what-we-do.jpg\\\" alt=\\\"Drilling and Oil Services\\\" class=\\\"mb-20\\\" id=\\\"geology-and-engineering-consultancy\\\">\\r\\n\\t\\t\\t\\t\\t<\\/div>\\r\\n\\r\\n\\t\\t\\t\\t\\t<div class=\\\"medium-7 large-5 column end\\\">\\r\\n\\t\\t\\t\\t\\t\\t<h5>Oil Trading &amp; Marketing<\\/h5>\\r\\n\\t\\t\\t\\t\\t\\t<p>Brittania-U is also involved in Oil trading marketing, which includes the sale of crude, refined products and condensates. The products we distribute includes, but not limited Automotive Gas Oil (AGO) and Premium Motor Spirit (PMS).<\\/p>\\r\\n\\t\\t\\t\\t\\t\\t<p>Our storage capacity helps us to meet large orders to meet local business and national needs.<\\/p>\\r\\n\\t\\t\\t\\t\\t<\\/div>\\r\\n\\t\\t\\t\\t<\\/div>\\r\\n\\r\\n\\t\\t\\t\\t<div class=\\\"medium-12 column end mt-40 mb-60 ruled-top collapse pl-0\\\">\\r\\n\\t\\t\\t\\t\\t<h3 class=\\\"c-p mt-20 mb-20\\\">Geology &amp; Engineering Consultancy <\\/h3>\\r\\n\\r\\n\\t\\t\\t\\t\\t<div class=\\\"medium-10 large-5 pl-0 column end\\\">\\r\\n\\t\\t\\t\\t\\t\\t<h5 class=\\\"text-light\\\">Our engineering consultancy segment offer the geological services, expert advice and data appraisal services needed for the burgeoning energy industry.<\\/h5>\\r\\n\\r\\n\\t\\t\\t\\t\\t\\t<p>Our team provides a full range of engineering geologic services from feasibility studies and geologic investigations to professional reviews of projects.\\u00a0We combine the expertise of industry specialists to help\\u00a0organizations make better decisions and reduce risks as we\\u00a0are able to offer a capacity to collect, process, interpret, analyze and manage data, quantify the physical environment and deliver optimized engineering solutions.<\\/p>\\r\\n\\r\\n\\t\\t\\t\\t\\t\\t<p>We are fully automated with all the notable software that ensures a most comprehensive appraisal work from engineering to static modeling through dynamics to complete field appraisal.<\\/p>\\r\\n\\t\\t\\t\\t\\t<\\/div>\\r\\n\\r\\n\\t\\t\\t\\t\\t<div class=\\\"large-6 column pl-0\\\">\\r\\n\\t\\t\\t\\t\\t\\t<img src=\\\"\\/assets\\/img\\/geology-and-engineering-consultancy-main.jpg\\\" alt=\\\"Geology and Engineering Consultancy\\\" class=\\\"mb-20\\\">\\r\\n\\t\\t\\t\\t\\t<\\/div>\\r\\n\\t\\t\\t\\t<\\/div>\\r\\n\\r\\n\\r\\n\\t\\t\\t<\\/div>\\r\\n\\t\\t<\\/div>\",\"3\":{\"seoTitleSource\":\"field\",\"seoTitleSourceField\":\"title\",\"seoTitle\":\"\",\"seoDescriptionSource\":\"custom\",\"seoDescriptionSourceField\":\"title\",\"seoDescription\":\"\",\"seoKeywordsSource\":\"custom\",\"seoKeywordsSourceField\":\"title\",\"seoKeywords\":\"\",\"seoImageIdSource\":\"custom\",\"seoImageId\":\"\",\"twitterCardType\":\"summary\",\"openGraphType\":\"website\",\"robots\":\"\"}}}', '2016-06-03 13:36:01', '2016-06-03 13:36:01', '49f798cb-1443-4f26-83a9-02ace76509f8'),
 ('53', '60', '3', '1', 'en_us', '2', '', '{\"typeId\":\"10\",\"authorId\":\"1\",\"title\":\"What We Do\",\"slug\":\"what-we-do\",\"postDate\":1464960960,\"expiryDate\":null,\"enabled\":1,\"parentId\":\"\",\"fields\":{\"1\":\"\\r\\n\\t\\t<div class=\\\"row m-pad column\\\">\\r\\n\\t\\t\\t<h2 class=\\\"medium-12 column c-p text-alt-light mb-0\\\">What We Do<\\/h2>\\r\\n\\t\\t\\t\\r\\n\\t\\t\\t<div class=\\\"column text-light mb-60\\\">\\r\\n\\t\\t\\t\\t<h5 class=\\\"text-light c-g\\\">Our operations cover the entire chain of the oil and gas industry. What we do involves identifying oil and natural gas deposits and exploration and drilling of those resources. We import and distribute refined petroleum products for some multinationals and local independent product marketing companies; as well as Shipping and Vessel operation services. We are also involved in subsurface engineering for other energy companies, using state-of-the-art data collection and appraisals.<\\/h5>\\r\\n\\r\\n\\t\\t\\t\\t<p class=\\\"mt-20\\\"><strong>Our involvement in energy is tied towards these three primary sections:<\\/strong><\\/p>\\r\\n\\t\\t\\t<\\/div>\\r\\n\\t\\t<\\/div>\\r\\n\\r\\n\\t\\t<div class=\\\"row m-pad column\\\">\\r\\n\\t\\t\\t<div class=\\\"medium-4 column mb-40\\\">\\r\\n\\t\\t\\t\\t<a href=\\\"#exploration-and-production\\\" title=\\\"Exploration and Production\\\" class=\\\"c-p\\\"><img src=\\\"\\/assets\\/img\\/brittania-u-exploration-and-production.jpg\\\" alt=\\\"Exploration &amp; Production\\\" class=\\\"mb-20\\\">\\r\\n\\t\\t\\t\\t<h5>Exploration &amp; Production<\\/h5><\\/a>\\r\\n\\t\\t\\t<\\/div>\\r\\n\\r\\n\\t\\t\\t<div class=\\\"medium-4 column mb-40\\\">\\r\\n\\t\\t\\t\\t<a href=\\\"#oil-services\\\" title=\\\"Drilling and Oil Services\\\" class=\\\"c-p\\\"><img src=\\\"\\/assets\\/img\\/brittania-u-drilling.jpg\\\" alt=\\\"Drilling &amp; Oil Services\\\" class=\\\"mb-20\\\">\\r\\n\\t\\t\\t\\t<h5>Drilling  &amp; Oil Services<\\/h5><\\/a>\\r\\n\\t\\t\\t<\\/div>\\r\\n\\t\\t\\t<div class=\\\"medium-4 column mb-40\\\">\\r\\n\\t\\t\\t\\t<a href=\\\"#geology-and-engineering-consultancy\\\" title=\\\"Geology and Engineering Consultancy\\\" class=\\\"c-p\\\"><img src=\\\"\\/assets\\/img\\/geology-and-engineering-consultancy.jpg\\\" alt=\\\"Geology &amp; Engineering Consultancy\\\" class=\\\"mb-20\\\">\\r\\n\\t\\t\\t\\t<h5>Geology &amp; Engineering Consultancy<\\/h5><\\/a>\\r\\n\\t\\t\\t<\\/div>\\r\\n\\t\\t<\\/div>\\r\\n\\t\\t<div class=\\\"row column m-pad\\\">\\r\\n\\t\\t\\t<div class=\\\"medium-12 column\\\">\\r\\n\\t\\t\\t\\t<div class=\\\"medium-12 column end mt-40 mb-60 ruled-top collapse pl-0\\\" id=\\\"exploration-and-production\\\">\\r\\n\\t\\t\\t\\t\\t<h3 class=\\\"c-p mt-20 mb-20\\\">Exploration &amp; Production<\\/h3>\\r\\n\\r\\n\\t\\t\\t\\t\\t<img src=\\\"\\/assets\\/img\\/oil-platform.jpg\\\" alt=\\\"Exploration and Production\\\" class=\\\"mb-20\\\">\\r\\n\\r\\n\\t\\t\\t\\t\\t<div class=\\\"large-8 double-column\\\">\\r\\n\\t\\t\\t\\t\\t\\t<p>Our\\u00a0Exploration &amp; Production\\u2019s segment\\u00a0is responsible for renewing our resource base through access, exploration, and appraisal; and encompasses all\\u00a0the\\u00a0steps involved in finding, producing,\\u00a0processing oil and natural gas. Our teams in this segment\\u00a0continuously strive to\\u00a0renew and develop our portfolio of oil and gas assets in often-complex environments to meet the Nigeria\\u2019s growing energy demand.<\\/p>\\r\\n\\r\\n\\t\\t\\t\\t\\t\\t<p>While we conduct activities against a backdrop of growing energy and environmental challenges, we continue to actively manage our portfolio to play to our strengths, divesting non-core assets and finding alternative ways to create long-term value.\\u00a0We combine our substantial knowledge and insight to develop some of the most advanced technology in the country to assist us in finding additional petroleum reserves as well as maximize the recovery of these resources for the benefit of this generation and the generations to come.\\u00a0Technologies such as seismic imaging, enhanced oil recovery, and real-time data support our upstream strategy by helping us gain new access, increase recovery and reserves and improve production efficiency.<\\/p>\\r\\n\\r\\n\\t\\t\\t\\t\\t\\t<p>Our production facility is a 10,000bbls per day with an expansion capacity of up to 20,000bbls per day.\\u00a0A wise stewardship of our petroleum resources is our number one priority. We continually seek new ways to find and produce these resources more efficiently, from improving our understanding of subsurface dynamics to deploying cutting-edge well completions.<\\/p>\\r\\n\\t\\t\\t\\t\\t<\\/div>\\r\\n\\t\\t\\t\\t<\\/div>\\r\\n\\r\\n\\t\\t\\t\\t<div class=\\\"medium-12 column end mt-40 mb-60 ruled-top collapse pl-0\\\" id=\\\"oil-services\\\">\\r\\n\\t\\t\\t\\t\\t<h3 class=\\\"c-p mt-20 mb-20\\\">Drilling &amp; Oil Services<\\/h3>\\r\\n\\r\\n\\t\\t\\t\\t\\t<div class=\\\"medium-8 column pl-0\\\">\\r\\n\\t\\t\\t\\t\\t\\t<img src=\\\"\\/assets\\/img\\/drilling-well.jpg\\\" alt=\\\"Drilling and Oil Services\\\" class=\\\"mb-20\\\">\\r\\n\\t\\t\\t\\t\\t<\\/div>\\r\\n\\r\\n\\t\\t\\t\\t\\t<div class=\\\"\\\">\\r\\n\\t\\t\\t\\t\\t\\t<p>We\\u00a0engage in oil and gas drilling and completion, well servicing, pressure pumping, wireline, geophysical, civil engineering and transportation.\\u00a0We provide Rig-on-hire-and-bundle services to would-be interested companies.<\\/p>\\r\\n\\r\\n\\t\\t\\t\\t\\t\\t<p>We currently have a 152ft Rig for our drilling program on our current block at Ajapa (OML 90) field as well as offer rig lease\\/charter services to independent companies on term contract.\\u00a0Our reputation for quality services in a safe working environment exceeds industry standards as our\\u00a0rig and other equipment\\u2019s\\u00a0are all state-of-the-art, high-specification drillships, which benefit from a proven design and highly developed construction techniques.\\u00a0Also, our team is performance-oriented, providing technologically advanced equipment, extensive industry experience, a safe operating environment, and quality service to our clients in the worldwide oil and gas industry.<\\/p>\\r\\n\\t\\t\\t\\t\\t<\\/div>\\r\\n\\r\\n\\t\\t\\t\\t\\t<div class=\\\"medium-5 column pl-0\\\">\\r\\n\\t\\t\\t\\t\\t\\t<img src=\\\"\\/assets\\/img\\/brittania-u-what-we-do.jpg\\\" alt=\\\"Drilling and Oil Services\\\" class=\\\"mb-20\\\" id=\\\"geology-and-engineering-consultancy\\\">\\r\\n\\t\\t\\t\\t\\t<\\/div>\\r\\n\\r\\n\\t\\t\\t\\t\\t<div class=\\\"medium-7 large-5 column end\\\">\\r\\n\\t\\t\\t\\t\\t\\t<h5>Oil Trading &amp; Marketing<\\/h5>\\r\\n\\t\\t\\t\\t\\t\\t<p>Brittania-U is also involved in Oil trading marketing, which includes the sale of crude, refined products and condensates. The products we distribute includes, but not limited Automotive Gas Oil (AGO) and Premium Motor Spirit (PMS).<\\/p>\\r\\n\\t\\t\\t\\t\\t\\t<p>Our storage capacity helps us to meet large orders to meet local business and national needs.<\\/p>\\r\\n\\t\\t\\t\\t\\t<\\/div>\\r\\n\\t\\t\\t\\t<\\/div>\\r\\n\\r\\n\\t\\t\\t\\t<div class=\\\"medium-12 column end mt-40 mb-60 ruled-top collapse pl-0\\\">\\r\\n\\t\\t\\t\\t\\t<h3 class=\\\"c-p mt-20 mb-20\\\">Geology &amp; Engineering Consultancy <\\/h3>\\r\\n\\r\\n\\t\\t\\t\\t\\t<div class=\\\"medium-10 large-5 pl-0 column end\\\">\\r\\n\\t\\t\\t\\t\\t\\t<h5 class=\\\"text-light\\\">Our engineering consultancy segment offer the geological services, expert advice and data appraisal services needed for the burgeoning energy industry.<\\/h5>\\r\\n\\r\\n\\t\\t\\t\\t\\t\\t<p>Our team provides a full range of engineering geologic services from feasibility studies and geologic investigations to professional reviews of projects.\\u00a0We combine the expertise of industry specialists to help\\u00a0organizations make better decisions and reduce risks as we\\u00a0are able to offer a capacity to collect, process, interpret, analyze and manage data, quantify the physical environment and deliver optimized engineering solutions.<\\/p>\\r\\n\\r\\n\\t\\t\\t\\t\\t\\t<p>We are fully automated with all the notable software that ensures a most comprehensive appraisal work from engineering to static modeling through dynamics to complete field appraisal.<\\/p>\\r\\n\\t\\t\\t\\t\\t<\\/div>\\r\\n\\r\\n\\t\\t\\t\\t\\t<div class=\\\"large-6 column pl-0\\\">\\r\\n\\t\\t\\t\\t\\t\\t<img src=\\\"\\/assets\\/img\\/geology-and-engineering-consultancy-main.jpg\\\" alt=\\\"Geology and Engineering Consultancy\\\" class=\\\"mb-20\\\">\\r\\n\\t\\t\\t\\t\\t<\\/div>\\r\\n\\t\\t\\t\\t<\\/div>\\r\\n\\r\\n\\r\\n\\t\\t\\t<\\/div>\\r\\n\\t\\t<\\/div>\",\"3\":{\"seoTitleSource\":\"field\",\"seoTitleSourceField\":\"title\",\"seoTitle\":\"\",\"seoDescriptionSource\":\"custom\",\"seoDescriptionSourceField\":\"title\",\"seoDescription\":\"\",\"seoKeywordsSource\":\"custom\",\"seoKeywordsSourceField\":\"title\",\"seoKeywords\":\"\",\"seoImageIdSource\":\"custom\",\"seoImageId\":\"\",\"twitterCardType\":\"summary\",\"openGraphType\":\"website\",\"robots\":\"\"}}}', '2016-06-03 13:36:52', '2016-06-03 13:36:52', 'a8c651c0-d818-4021-a00d-afdec169d839'),
 ('54', '61', '3', '1', 'en_us', '1', '', '{\"typeId\":\"10\",\"authorId\":\"1\",\"title\":\"Vision and Mission\",\"slug\":\"vision-and-mission\",\"postDate\":1464961096,\"expiryDate\":null,\"enabled\":1,\"parentId\":\"\",\"fields\":{\"1\":\"\\r\\n\\t\\t<div class=\\\"row column collapse\\\">\\r\\n\\t\\t\\t<div class=\\\"column image-with-overlay-text\\\">\\r\\n\\t\\t\\t\\t<img src=\\\"\\/assets\\/img\\/vision-and-mission-large.jpg\\\" alt=\\\"Brittania-U\'s Vision and Mission\\\">\\r\\n\\r\\n\\t\\t\\t\\t<h2 class=\\\"medium-12 column c-p text-alt-light mb-0 image-with-overlay-text_title\\\">Vision &amp; Mission<\\/h2>\\r\\n\\t\\t\\t<\\/div>\\r\\n\\t\\t<\\/div>\\r\\n\\t\\t<div class=\\\"row m-pad column collapse mb-40\\\">\\r\\n\\t\\t\\t<h5 class=\\\"column text-light mb-40 c-g\\\">The way we operate and the activities we undertake are expressions of an energetic company, operating in utmost sustainability and delivering great results. These are embedded in our vision and our mission.<\\/h5>\\r\\n\\t\\t<\\/div>\\r\\n\\r\\n\\t\\t<div class=\\\"row m-pad\\\">\\r\\n\\t\\t\\t<div class=\\\"medium-4 column\\\">\\r\\n\\t\\t\\t\\t<img src=\\\"\\/assets\\/img\\/vision-and-mission-chart.png\\\" alt=\\\"Vision and Mission Start\\\" class=\\\"mb-40 small-6 medium-12 large-7 medium-offset-0 large-offset-3 small-offset-3 pl-0\\\">\\r\\n\\t\\t\\t<\\/div>\\r\\n\\t\\t\\t<div class=\\\"medium-8 column m-pad\\\">\\r\\n\\t\\t\\t\\t<h4 class=\\\"medium-10 large-12 text-alight c-p\\\">Our vision is to be a profitable and fully integrated Nigerian Oil &amp; Gas Company of first choice, in all aspects.<\\/h4>\\r\\n\\r\\n\\t\\t\\t\\t<div class=\\\"medium-10 large-12 large-double-column\\\">\\r\\n\\t\\t\\t\\t\\t<p><strong>Our mission is to deliver value in our core business area which covers the entire spectrum of exploration to production, refining, trading, supply &amp; distribution.<\\/strong><\\/p>\\r\\n\\r\\n\\t\\t\\t\\t\\t<p>Our objectives are to contribute to the nation\\u2019s value creation for the well-being of the people, better quality of life, quality products, fair price, and job opportunities, while ensuring we operate in a safe and clean environment, with the aim of ensuring maximum return to our shareholders<\\/p>\\r\\n\\r\\n\\t\\t\\t\\t\\t<p>In this age of fluctuating oil prices, we are positioned to adapt to the changing oil market dynamics by responding to local challenges and acting globally while maintaining international standards in our operations.<\\/p>\\r\\n\\t\\t\\t\\t<\\/div>\\r\\n\\t\\t\\t<\\/div>\\r\\n\\t\\t<\\/div>\",\"3\":{\"seoTitleSource\":\"field\",\"seoTitleSourceField\":\"title\",\"seoTitle\":\"\",\"seoDescriptionSource\":\"custom\",\"seoDescriptionSourceField\":\"title\",\"seoDescription\":\"\",\"seoKeywordsSource\":\"custom\",\"seoKeywordsSourceField\":\"title\",\"seoKeywords\":\"\",\"seoImageIdSource\":\"custom\",\"seoImageId\":\"\",\"twitterCardType\":\"summary\",\"openGraphType\":\"website\",\"robots\":\"\"}}}', '2016-06-03 13:38:16', '2016-06-03 13:38:16', 'd4cb43fb-8a93-4790-816c-0db59098b145'),
 ('55', '62', '3', '1', 'en_us', '1', '', '{\"typeId\":\"10\",\"authorId\":\"1\",\"title\":\"People and Values\",\"slug\":\"people-and-values\",\"postDate\":1464961279,\"expiryDate\":null,\"enabled\":1,\"parentId\":\"\",\"fields\":{\"1\":\"\\r\\n\\t\\t<div class=\\\"row column collapse\\\">\\r\\n\\t\\t\\t<div class=\\\"column image-with-overlay-text\\\">\\r\\n\\t\\t\\t\\t<img src=\\\"\\/assets\\/img\\/brittania-u-people-and-values.jpg\\\" alt=\\\"Brittania U People and Values\\\">\\r\\n\\r\\n\\t\\t\\t\\t<h2 class=\\\"medium-12 column c-p text-alt-light mb-0 image-with-overlay-text_title\\\">People &amp; Values<\\/h2>\\r\\n\\t\\t\\t<\\/div>\\r\\n\\t\\t<\\/div>\\r\\n\\t\\t<div class=\\\"row m-pad column collapse mb-40\\\">\\r\\n\\t\\t\\t<h5 class=\\\"column text-light mb-40 c-g\\\">Our people are talented in a wide range of disciplines, our values guide us in the work we do every day. Our performance depends on a highly-skilled and motivated people, which is a reflection of our operating society.<\\/h5>\\r\\n\\r\\n\\t\\t\\t<img src=\\\"\\/assets\\/img\\/brittania-u-staff-and-workers.jpg\\\" alt=\\\"Brittania-U People\\\">\\r\\n\\t\\t<\\/div>\\r\\n\\r\\n\\t\\t<div class=\\\"row m-pad\\\">\\r\\n\\t\\t\\t<div class=\\\"column mb-40\\\">\\r\\n\\t\\t\\t\\t<h3 class=\\\"c-p\\\">Our Values<\\/h3>\\r\\n\\r\\n\\t\\t\\t\\t<h5 class=\\\"text-light medium-10 large-7 c-g\\\">At Brittania-U, our five corporate values of Safety, Respect, Integrity, Excellence and Ingenuity\\u00a0express our understanding of what we believe, how we behave and our objectives as an organization. They also\\u00a0guide our business conduct,\\u00a0enable us build healthy, long-term relationships with our stakeholders,\\u00a0and reinforce all of our operations,\\u00a0helping the company maintain our position as one of the most respected companies in the country.<\\/h5>\\r\\n\\t\\t\\t<\\/div>\\r\\n\\r\\n\\t\\t\\t<div class=\\\"row column\\\">\\r\\n\\t\\t\\t\\t<div class=\\\"medium-10 large-6 column\\\">\\r\\n\\t\\t\\t\\t\\t<h4 class=\\\"c-p\\\">Safety<\\/h4>\\r\\n\\r\\n\\t\\t\\t\\t\\t<p>Safety is\\u00a0a core value and\\u00a0an integral part of Brittania-U. We are committed to\\u00a0protecting our workforce by\\u00a0providing a safe working environment for all, with the appropriate safety procedures and policies\\u00a0put\\u00a0in place\\u00a0onsite\\u00a0and within the community.\\u00a0We also place a high priority on the protection of our assets and the environment.<\\/p>\\r\\n\\r\\n\\t\\t\\t\\t\\t<h4 class=\\\"c-p\\\">Respect<\\/h4>\\r\\n\\t\\t\\t\\t\\t<p>Respect is fundamental to the Brittania culture, we believe that respect begins with compliance with laws and regulations. We hold ourselves to the highest ethical standards and we care about the effects of our decisions have on those around us.\\u00a0We trust, respect and support each other, and we strive to earn the trust of our colleagues and partners.\\u00a0We value the diversity of people.<\\/p>\\r\\n\\t\\t\\t\\t<\\/div>\\r\\n\\r\\n\\t\\t\\t\\t<div class=\\\"medium-10 large-5 column medium-float-left\\\">\\r\\n\\t\\t\\t\\t\\t<img src=\\\"\\/assets\\/img\\/brittania-u-staff-laughing-and-having-fun.jpg\\\" alt=\\\"Brittania-U Staff having fun at work\\\" class=\\\"mb-40\\\">\\r\\n\\t\\t\\t\\t<\\/div>\\r\\n\\t\\t\\t<\\/div>\\r\\n\\r\\n\\t\\t\\t<div class=\\\"row column\\\">\\r\\n\\t\\t\\t\\t<div class=\\\"medium-7 large-6 column\\\">\\r\\n\\t\\t\\t\\t\\t<h4 class=\\\"c-p\\\">Excellence<\\/h4>\\r\\n\\r\\n\\t\\t\\t\\t\\t<p>At Brittania, excellence translates into all aspects of our business. We drive excellence by setting challenging goals, rewarding top performance, committing ourselves to developing our people, and fostering teamwork as well as open communication.\\u00a0We\\u00a0follow and uphold the rules and standards we set for our company, and we\\u00a0are passionate about achieving results that exceed expectations \\u2013 our own and those of others.<\\/p>\\r\\n\\r\\n\\t\\t\\t\\t\\t<h4 class=\\\"c-p\\\">Ingenuity<\\/h4>\\r\\n\\t\\t\\t\\t\\t<p>We encourage innovation, creativity as well as diversity of thought, and we continually \\u00a0seek new prospects and out-of-the-ordinary solutions. Responsiveness,\\u00a0Flexibilty, and\\u00a0Novelty\\u00a0are important to us. Our experience, technology, and perseverance enable us to overcome challenges and deliver value.<\\/p>\\r\\n\\r\\n\\t\\t\\t\\t\\t<h4 class=\\\"c-p\\\">Integrity<\\/h4>\\r\\n\\t\\t\\t\\t\\t<p>The integrity of business at Brittania is one of our precious assets, it is our reputation. We act with openness, fairness, transparency, honesty, reliability, high ethical standards, professionalism, accountability, corporate thinking and ensure alignment to achieve our\\u00a0overall goals as a total rather than a segment.\\u00a0Our\\u00a0employees place authority where responsibility lies, deliver on commitments and seek and provide constructive feedback.<\\/p>\\r\\n\\t\\t\\t\\t<\\/div>\\r\\n\\r\\n\\t\\t\\t\\t<div class=\\\"medium-5 column\\\">\\r\\n\\t\\t\\t\\t\\t<img src=\\\"\\/assets\\/img\\/brittania-u-people-discussing-strategy.jpg\\\" alt=\\\"Brittania-U Staff discussing strategies at work\\\">\\r\\n\\t\\t\\t\\t<\\/div>\\r\\n\\t\\t\\t<\\/div>\\r\\n\\t\\t<\\/div>\",\"3\":{\"seoTitleSource\":\"field\",\"seoTitleSourceField\":\"title\",\"seoTitle\":\"\",\"seoDescriptionSource\":\"custom\",\"seoDescriptionSourceField\":\"title\",\"seoDescription\":\"\",\"seoKeywordsSource\":\"custom\",\"seoKeywordsSourceField\":\"title\",\"seoKeywords\":\"\",\"seoImageIdSource\":\"custom\",\"seoImageId\":\"\",\"twitterCardType\":\"summary\",\"openGraphType\":\"website\",\"robots\":\"\"}}}', '2016-06-03 13:41:19', '2016-06-03 13:41:19', 'eaf545d5-4b26-42aa-a4f5-4918f5844c7b'),
 ('56', '63', '3', '1', 'en_us', '1', '', '{\"typeId\":\"10\",\"authorId\":\"1\",\"title\":\"Awards and Recognition\",\"slug\":\"awards-and-recognition\",\"postDate\":1464961424,\"expiryDate\":null,\"enabled\":1,\"parentId\":\"\",\"fields\":{\"1\":\"\\r\\n\\t\\t \\t\\t\\t<h5>Some of the achievements by Brittania-U to date include:<\\/h5>\\r\\n\\t\\t \\t\\t\\t<ul class=\\\"chevron\\\">\\r\\n\\t\\t \\t\\t\\t\\t<li>We are the first and only indigenous Exploration and Production Company to be headed by a Nigerian woman, as its Executive Chairman\\/Chief Executive Officer<\\/li>\\r\\n\\r\\n\\t\\t \\t\\t\\t\\t<li>We are the first indegnious Oil and Gas Company to become, \\u201cThe operator\\u201d, in a joint venture with a foreign company (i.e. African Energy Equity Resources United Kingdom) in its first year of operation.\\u00a0<\\/li>\\r\\n\\r\\n\\t\\t \\t\\t\\t\\t<li>Brittania-U Nigeria Limited is the first indigenous Exploration &amp; Production Company to be funded 100% by a local Bank (Union Bank of Nigeria Plc) and First Bank of Nigeria plc., to the tune of about Fifty Million US Dollars ($120million) for its offshore operation.<\\/li>\\r\\n\\r\\n\\t\\t \\t\\t\\t\\t<li>Brittania-U is the first company to drill three wells in three (3) months; build our Floating Production, Storage and Offloading (FPSO) facility in Seven-and-half months; purchase an off-take tanker barge 78,000bbls and a 4,200Hp Tug boat, for our crude deliveries; and produce our first Oil (from drilling to building our production facility and first oil) in 17 months (within two years).<\\/li>\\r\\n\\r\\n\\t\\t \\t\\t\\t\\t<li>We are amongst the five(5), our of 24 Marginal Field Operators that emerged from the 2003 bid round that have been able to carry out the minimum activities required by the Regulations.<\\/li>\\r\\n\\r\\n\\t\\t \\t\\t\\t\\t<li>Brittania-U Nigeria became the first indigenous Oil & Gas Company to buy out our foreign partners within two years of operation.<\\/li>\\r\\n\\r\\n\\t\\t \\t\\t\\t\\t<li>These milestone achievements resulted in the United State Consulate in Nigeria awarding Brittania-U Nigeria Limited and its group, a prestigious award by the United States Commercial Service ... \\u201cInternational Partner\\u201d for improving trade relationship between Nigerian and United States due to purchases of equipment and material from the United States within one year which for an indigenous company is unprecedented. This is the first time that a company with two and half years operational history is conferred with the award. The company was also honored in 2012 with \\u201cInternational Trophy for Quality Award\\u201d by Global Grade Leaders Club, Paris<\\/li> \\r\\n\\t\\t \\t\\t\\t<\\/ul>     \\r\\n\\r\\n\\t\\t \\t\\t\\t<p><strong>These we believe, having been achieved by a first-time indigenous operator, is a success story for the Federal Government\\u2019s Marginal Field Initiative, as well as the fact that Brittania-U Nigeria Limited is committed to its local content.<\\/strong><\\/p>     \",\"3\":{\"seoTitleSource\":\"field\",\"seoTitleSourceField\":\"title\",\"seoTitle\":\"\",\"seoDescriptionSource\":\"custom\",\"seoDescriptionSourceField\":\"title\",\"seoDescription\":\"\",\"seoKeywordsSource\":\"custom\",\"seoKeywordsSourceField\":\"title\",\"seoKeywords\":\"\",\"seoImageIdSource\":\"custom\",\"seoImageId\":\"\",\"twitterCardType\":\"summary\",\"openGraphType\":\"website\",\"robots\":\"\"}}}', '2016-06-03 13:43:44', '2016-06-03 13:43:44', '3b54c4e9-9808-456a-94a3-2fe0c3b6ccdf'),
 ('58', '63', '3', '1', 'en_us', '2', '', '{\"typeId\":\"10\",\"authorId\":\"1\",\"title\":\"Awards and Recognition\",\"slug\":\"awards-and-recognition\",\"postDate\":1464961380,\"expiryDate\":null,\"enabled\":1,\"parentId\":\"\",\"fields\":{\"1\":\"\\r\\n\\t\\t<div class=\\\"row m-pad column\\\">\\r\\n\\t\\t\\t<h2 class=\\\"medium-12 column c-p text-alt-light mb-0\\\">Achievements &amp; Awards<\\/h2>\\r\\n\\r\\n\\t\\t\\t<h5 class=\\\"column text-light mb-60 c-g\\\">During our years of operation, we have continued to achieve a number of firsts in petroleum production, while breaking old industry records.<\\/h5>\\r\\n\\t\\t<\\/div>\\r\\n\\r\\n\\t\\t<div class=\\\"row m-pad column\\\">\\r\\n\\t\\t\\t<div class=\\\"small-4 column\\\">\\r\\n\\t\\t\\t\\t<img src=\\\"\\/assets\\/img\\/awards\\/award1.jpg\\\" alt=\\\"Award1\\\">\\r\\n\\t\\t\\t<\\/div>\\r\\n\\t\\t\\t<div class=\\\"small-4 column\\\"><img src=\\\"\\/assets\\/img\\/awards\\/award2.jpg\\\" alt=\\\"Awards2\\\"><\\/div>\\r\\n\\t\\t\\t<div class=\\\"small-4 column\\\"><img src=\\\"\\/assets\\/img\\/awards\\/award3.jpg\\\" alt=\\\"Award3\\\"><\\/div>\\r\\n\\t\\t<\\/div>\\r\\n\\t\\t<div class=\\\"medium-12 large-8 column end mt-40\\\">\\r\\n\\t\\t\\t <div class=\\\"row m-pad\\\">\\r\\n\\t\\t \\t\\t<div class=\\\"column double-column\\\">\\r\\n\\t\\t \\t\\t\\t<h5>Some of the achievements by Brittania-U to date include:<\\/h5>\\r\\n\\t\\t \\t\\t\\t<ul class=\\\"chevron\\\">\\r\\n\\t\\t \\t\\t\\t\\t<li>We are the first and only indigenous Exploration and Production Company to be headed by a Nigerian woman, as its Executive Chairman\\/Chief Executive Officer<\\/li>\\r\\n\\r\\n\\t\\t \\t\\t\\t\\t<li>We are the first indegnious Oil and Gas Company to become, \\u201cThe operator\\u201d, in a joint venture with a foreign company (i.e. African Energy Equity Resources United Kingdom) in its first year of operation.\\u00a0<\\/li>\\r\\n\\r\\n\\t\\t \\t\\t\\t\\t<li>Brittania-U Nigeria Limited is the first indigenous Exploration &amp; Production Company to be funded 100% by a local Bank (Union Bank of Nigeria Plc) and First Bank of Nigeria plc., to the tune of about Fifty Million US Dollars ($120million) for its offshore operation.<\\/li>\\r\\n\\r\\n\\t\\t \\t\\t\\t\\t<li>Brittania-U is the first company to drill three wells in three (3) months; build our Floating Production, Storage and Offloading (FPSO) facility in Seven-and-half months; purchase an off-take tanker barge 78,000bbls and a 4,200Hp Tug boat, for our crude deliveries; and produce our first Oil (from drilling to building our production facility and first oil) in 17 months (within two years).<\\/li>\\r\\n\\r\\n\\t\\t \\t\\t\\t\\t<li>We are amongst the five(5), our of 24 Marginal Field Operators that emerged from the 2003 bid round that have been able to carry out the minimum activities required by the Regulations.<\\/li>\\r\\n\\r\\n\\t\\t \\t\\t\\t\\t<li>Brittania-U Nigeria became the first indigenous Oil & Gas Company to buy out our foreign partners within two years of operation.<\\/li>\\r\\n\\r\\n\\t\\t \\t\\t\\t\\t<li>These milestone achievements resulted in the United State Consulate in Nigeria awarding Brittania-U Nigeria Limited and its group, a prestigious award by the United States Commercial Service ... \\u201cInternational Partner\\u201d for improving trade relationship between Nigerian and United States due to purchases of equipment and material from the United States within one year which for an indigenous company is unprecedented. This is the first time that a company with two and half years operational history is conferred with the award. The company was also honored in 2012 with \\u201cInternational Trophy for Quality Award\\u201d by Global Grade Leaders Club, Paris<\\/li> \\r\\n\\t\\t \\t\\t\\t<\\/ul>     \\r\\n\\r\\n\\t\\t \\t\\t\\t<p><strong>These we believe, having been achieved by a first-time indigenous operator, is a success story for the Federal Government\\u2019s Marginal Field Initiative, as well as the fact that Brittania-U Nigeria Limited is committed to its local content.<\\/strong><\\/p>     \\r\\n\\t\\t \\t\\t<\\/div>\\r\\n\\t\\t\\t<\\/div>\",\"3\":{\"seoTitleSource\":\"field\",\"seoTitleSourceField\":\"title\",\"seoTitle\":\"\",\"seoDescriptionSource\":\"custom\",\"seoDescriptionSourceField\":\"title\",\"seoDescription\":\"\",\"seoKeywordsSource\":\"custom\",\"seoKeywordsSourceField\":\"title\",\"seoKeywords\":\"\",\"seoImageIdSource\":\"custom\",\"seoImageId\":\"\",\"twitterCardType\":\"summary\",\"openGraphType\":\"website\",\"robots\":\"\"}}}', '2016-06-03 13:44:32', '2016-06-03 13:44:32', 'da3ba189-833d-4a8d-857c-81ed57b590a6'),
 ('59', '63', '3', '1', 'en_us', '3', '', '{\"typeId\":\"10\",\"authorId\":\"1\",\"title\":\"Awards and Recognition\",\"slug\":\"awards-and-recognition\",\"postDate\":1464961380,\"expiryDate\":null,\"enabled\":1,\"parentId\":\"\",\"fields\":{\"1\":\"\\r\\n\\t\\t<div class=\\\"row m-pad column\\\">\\r\\n\\t\\t\\t<h2 class=\\\"medium-12 column c-p text-alt-light mb-0\\\">Achievements &amp; Awards<\\/h2>\\r\\n\\r\\n\\t\\t\\t<h5 class=\\\"column text-light mb-60 c-g\\\">During our years of operation, we have continued to achieve a number of firsts in petroleum production, while breaking old industry records.<\\/h5>\\r\\n\\t\\t<\\/div>\\r\\n\\r\\n\\t\\t<div class=\\\"row m-pad column\\\">\\r\\n\\t\\t\\t<div class=\\\"small-4 column\\\">\\r\\n\\t\\t\\t\\t<img src=\\\"\\/assets\\/img\\/awards\\/award1.jpg\\\" alt=\\\"Award1\\\">\\r\\n\\t\\t\\t<\\/div>\\r\\n\\t\\t\\t<div class=\\\"small-4 column\\\"><img src=\\\"\\/assets\\/img\\/awards\\/award2.jpg\\\" alt=\\\"Awards2\\\"><\\/div>\\r\\n\\t\\t\\t<div class=\\\"small-4 column\\\"><img src=\\\"\\/assets\\/img\\/awards\\/award3.jpg\\\" alt=\\\"Award3\\\"><\\/div>\\r\\n\\t\\t<\\/div>\\r\\n\\t\\t<div class=\\\"medium-12 large-8 column end mt-40\\\">\\r\\n\\t\\t\\t <div class=\\\"row m-pad\\\">\\r\\n\\t\\t \\t\\t<div class=\\\"column double-column\\\">\\r\\n\\t\\t \\t\\t\\t<h5>Some of the achievements by Brittania-U to date include:<\\/h5>\\r\\n\\t\\t \\t\\t\\t<ul class=\\\"chevron\\\">\\r\\n\\t\\t \\t\\t\\t\\t<li>We are the first and only indigenous Exploration and Production Company to be headed by a Nigerian woman, as its Executive Chairman\\/Chief Executive Officer<\\/li>\\r\\n\\r\\n\\t\\t \\t\\t\\t\\t<li>We are the first indegnious Oil and Gas Company to become, \\u201cThe operator\\u201d, in a joint venture with a foreign company (i.e. African Energy Equity Resources United Kingdom) in its first year of operation.\\u00a0<\\/li>\\r\\n\\r\\n\\t\\t \\t\\t\\t\\t<li>Brittania-U Nigeria Limited is the first indigenous Exploration &amp; Production Company to be funded 100% by a local Bank (Union Bank of Nigeria Plc) and First Bank of Nigeria plc., to the tune of about Fifty Million US Dollars ($120million) for its offshore operation.<\\/li>\\r\\n\\r\\n\\t\\t \\t\\t\\t\\t<li>Brittania-U is the first company to drill three wells in three (3) months; build our Floating Production, Storage and Offloading (FPSO) facility in Seven-and-half months; purchase an off-take tanker barge 78,000bbls and a 4,200Hp Tug boat, for our crude deliveries; and produce our first Oil (from drilling to building our production facility and first oil) in 17 months (within two years).<\\/li>\\r\\n\\r\\n\\t\\t \\t\\t\\t\\t<li>We are amongst the five(5), our of 24 Marginal Field Operators that emerged from the 2003 bid round that have been able to carry out the minimum activities required by the Regulations.<\\/li>\\r\\n\\r\\n\\t\\t \\t\\t\\t\\t<li>Brittania-U Nigeria became the first indigenous Oil & Gas Company to buy out our foreign partners within two years of operation.<\\/li>\\r\\n\\r\\n\\t\\t \\t\\t\\t\\t<li>These milestone achievements resulted in the United State Consulate in Nigeria awarding Brittania-U Nigeria Limited and its group, a prestigious award by the United States Commercial Service ... \\u201cInternational Partner\\u201d for improving trade relationship between Nigerian and United States due to purchases of equipment and material from the United States within one year which for an indigenous company is unprecedented. This is the first time that a company with two and half years operational history is conferred with the award. The company was also honored in 2012 with \\u201cInternational Trophy for Quality Award\\u201d by Global Grade Leaders Club, Paris<\\/li> \\r\\n\\t\\t \\t\\t\\t<\\/ul>     \\r\\n\\r\\n\\t\\t \\t\\t\\t<p><strong>These we believe, having been achieved by a first-time indigenous operator, is a success story for the Federal Government\\u2019s Marginal Field Initiative, as well as the fact that Brittania-U Nigeria Limited is committed to its local content.<\\/strong><\\/p>     \\r\\n\\t\\t \\t\\t<\\/div>\\r\\n\\t\\t\\t<\\/div>\\r\\n\\r\\n\\t\\t\\t<div class=\\\"medium-6 large-4 column mt-60 m-pad medium-hide end\\\">\\r\\n\\t\\t\\t\\t<img src=\\\"\\/assets\\/img\\/Tug Boat (BU III).jpg\\\" alt=\\\"BIU III Tug Boat\\\">\\r\\n\\t\\t\\t<\\/div>\",\"3\":{\"seoTitleSource\":\"field\",\"seoTitleSourceField\":\"title\",\"seoTitle\":\"\",\"seoDescriptionSource\":\"custom\",\"seoDescriptionSourceField\":\"title\",\"seoDescription\":\"\",\"seoKeywordsSource\":\"custom\",\"seoKeywordsSourceField\":\"title\",\"seoKeywords\":\"\",\"seoImageIdSource\":\"custom\",\"seoImageId\":\"\",\"twitterCardType\":\"summary\",\"openGraphType\":\"website\",\"robots\":\"\"}}}', '2016-06-03 13:45:25', '2016-06-03 13:45:25', '8ee3ae76-dded-476a-b494-52e8128bfe29'),
 ('60', '63', '3', '1', 'en_us', '4', '', '{\"typeId\":\"10\",\"authorId\":\"1\",\"title\":\"Awards and Recognition\",\"slug\":\"awards-and-recognition\",\"postDate\":1464961380,\"expiryDate\":null,\"enabled\":1,\"parentId\":\"\",\"fields\":{\"1\":\"\\r\\n\\t\\t<div class=\\\"row m-pad column\\\">\\r\\n\\t\\t\\t<h2 class=\\\"medium-12 column c-p text-alt-light mb-0\\\">Achievements &amp; Awards<\\/h2>\\r\\n\\r\\n\\t\\t\\t<h5 class=\\\"column text-light mb-60 c-g\\\">During our years of operation, we have continued to achieve a number of firsts in petroleum production, while breaking old industry records.<\\/h5>\\r\\n\\t\\t<\\/div>\\r\\n\\r\\n\\t\\t<div class=\\\"row m-pad column\\\">\\r\\n\\t\\t\\t<div class=\\\"small-4 column\\\">\\r\\n\\t\\t\\t\\t<img src=\\\"\\/assets\\/img\\/awards\\/award1.jpg\\\" alt=\\\"Award1\\\">\\r\\n\\t\\t\\t<\\/div>\\r\\n\\t\\t\\t<div class=\\\"small-4 column\\\"><img src=\\\"\\/assets\\/img\\/awards\\/award2.jpg\\\" alt=\\\"Awards2\\\"><\\/div>\\r\\n\\t\\t\\t<div class=\\\"small-4 column\\\"><img src=\\\"\\/assets\\/img\\/awards\\/award3.jpg\\\" alt=\\\"Award3\\\"><\\/div>\\r\\n\\t\\t<\\/div>\\r\\n\\t\\t<div class=\\\"medium-12 large-8 column end mt-40\\\">\\r\\n\\t\\t\\t <div class=\\\"row m-pad\\\">\\r\\n\\t\\t \\t\\t<div class=\\\"column double-column\\\">\\r\\n\\t\\t \\t\\t\\t<h5>Some of the achievements by Brittania-U to date include:<\\/h5>\\r\\n\\t\\t \\t\\t\\t<ul class=\\\"chevron\\\">\\r\\n\\t\\t \\t\\t\\t\\t<li>We are the first and only indigenous Exploration and Production Company to be headed by a Nigerian woman, as its Executive Chairman\\/Chief Executive Officer<\\/li>\\r\\n\\r\\n\\t\\t \\t\\t\\t\\t<li>We are the first indegnious Oil and Gas Company to become, \\u201cThe operator\\u201d, in a joint venture with a foreign company (i.e. African Energy Equity Resources United Kingdom) in its first year of operation.\\u00a0<\\/li>\\r\\n\\r\\n\\t\\t \\t\\t\\t\\t<li>Brittania-U Nigeria Limited is the first indigenous Exploration &amp; Production Company to be funded 100% by a local Bank (Union Bank of Nigeria Plc) and First Bank of Nigeria plc., to the tune of about Fifty Million US Dollars ($120million) for its offshore operation.<\\/li>\\r\\n\\r\\n\\t\\t \\t\\t\\t\\t<li>Brittania-U is the first company to drill three wells in three (3) months; build our Floating Production, Storage and Offloading (FPSO) facility in Seven-and-half months; purchase an off-take tanker barge 78,000bbls and a 4,200Hp Tug boat, for our crude deliveries; and produce our first Oil (from drilling to building our production facility and first oil) in 17 months (within two years).<\\/li>\\r\\n\\r\\n\\t\\t \\t\\t\\t\\t<li>We are amongst the five(5), our of 24 Marginal Field Operators that emerged from the 2003 bid round that have been able to carry out the minimum activities required by the Regulations.<\\/li>\\r\\n\\r\\n\\t\\t \\t\\t\\t\\t<li>Brittania-U Nigeria became the first indigenous Oil & Gas Company to buy out our foreign partners within two years of operation.<\\/li>\\r\\n\\r\\n\\t\\t \\t\\t\\t\\t<li>These milestone achievements resulted in the United State Consulate in Nigeria awarding Brittania-U Nigeria Limited and its group, a prestigious award by the United States Commercial Service ... \\u201cInternational Partner\\u201d for improving trade relationship between Nigerian and United States due to purchases of equipment and material from the United States within one year which for an indigenous company is unprecedented. This is the first time that a company with two and half years operational history is conferred with the award. The company was also honored in 2012 with \\u201cInternational Trophy for Quality Award\\u201d by Global Grade Leaders Club, Paris<\\/li> \\r\\n\\t\\t \\t\\t\\t<\\/ul>     \\r\\n\\r\\n\\t\\t \\t\\t\\t<p><strong>These we believe, having been achieved by a first-time indigenous operator, is a success story for the Federal Government\\u2019s Marginal Field Initiative, as well as the fact that Brittania-U Nigeria Limited is committed to its local content.<\\/strong><\\/p>     \\r\\n\\t\\t \\t\\t<\\/div>\\r\\n\\t\\t\\t<\\/div>\",\"3\":{\"seoTitleSource\":\"field\",\"seoTitleSourceField\":\"title\",\"seoTitle\":\"\",\"seoDescriptionSource\":\"custom\",\"seoDescriptionSourceField\":\"title\",\"seoDescription\":\"\",\"seoKeywordsSource\":\"custom\",\"seoKeywordsSourceField\":\"title\",\"seoKeywords\":\"\",\"seoImageIdSource\":\"custom\",\"seoImageId\":\"\",\"twitterCardType\":\"summary\",\"openGraphType\":\"website\",\"robots\":\"\"}}}', '2016-06-03 13:45:53', '2016-06-03 13:45:53', '855b25d0-723f-43f2-82b3-592ddcff48a4'),
 ('61', '63', '3', '1', 'en_us', '5', '', '{\"typeId\":\"10\",\"authorId\":\"1\",\"title\":\"Awards and Recognition\",\"slug\":\"awards-and-recognition\",\"postDate\":1464961380,\"expiryDate\":null,\"enabled\":1,\"parentId\":\"\",\"fields\":{\"1\":\"<div class=\\\"row m-pad column\\\">\\r\\n\\t\\t\\t<h2 class=\\\"medium-12 column c-p text-alt-light mb-0\\\">Achievements & Awards<\\/h2>\\r\\n\\r\\n\\t\\t\\t<h5 class=\\\"column text-light mb-60 c-g\\\">During our years of operation, we have continued to achieve a number of firsts in petroleum production, while breaking old industry records.<\\/h5>\\r\\n\\t\\t<\\/div>\\r\\n\\r\\n<div class=\\\"row m-pad column\\\">\\r\\n\\t\\t\\t<div class=\\\"small-4 column\\\">\\r\\n\\t\\t\\t\\t<img src=\\\"\\/assets\\/img\\/awards\\/award1.jpg\\\" alt=\\\"Award1\\\">\\r\\n\\t\\t\\t<\\/div>\\r\\n\\t\\t\\t<div class=\\\"small-4 column\\\"><img src=\\\"\\/assets\\/img\\/awards\\/award2.jpg\\\" alt=\\\"Awards2\\\"><\\/div>\\r\\n\\t\\t\\t<div class=\\\"small-4 column\\\"><img src=\\\"\\/assets\\/img\\/awards\\/award3.jpg\\\" alt=\\\"Award3\\\"><\\/div>\\r\\n\\t\\t<\\/div>\\r\\n\\r\\n\\r\\n\\r\\n<div class=\\\"medium-12 large-8 column end mt-40\\\">\\r\\n\\t\\t\\t <div class=\\\"row m-pad\\\">\\r\\n\\t\\t \\t\\t<div class=\\\"column double-column\\\">\\r\\n\\t\\t \\t\\t\\t<h5>Some of the achievements by Brittania-U to date include:<\\/h5>\\r\\n\\t\\t \\t\\t\\t<ul class=\\\"chevron\\\">\\r\\n\\t\\t \\t\\t\\t\\t<li>We are the first and only indigenous Exploration and Production Company to be headed by a Nigerian woman, as its Executive Chairman\\/Chief Executive Officer<\\/li>\\r\\n\\r\\n\\t\\t \\t\\t\\t\\t<li>We are the first indigenous Oil and Gas Company to become, \\u201cThe operator\\u201d, in a joint venture with a foreign company (i.e. African Energy Equity Resources United Kingdom) in its first year of operation.<\\/li>\\r\\n\\r\\n\\t\\t \\t\\t\\t\\t<li>Brittania-U Nigeria Limited is the first indigenous Exploration & Production Company to be funded 100% by a local Bank (Union Bank of Nigeria Plc) and First Bank of Nigeria plc., to the tune of about Fifty Million US Dollars ($120million) for its offshore operation.<\\/li>\\r\\n\\r\\n\\t\\t \\t\\t\\t\\t<li>Brittania-U is the first company to drill three wells in three (3) months; build our Floating Production, Storage and Offloading (FPSO) facility in Seven-and-half months; purchase an off-take tanker barge 78,000bbls and a 4,200Hp Tug boat, for our crude deliveries; and produce our first Oil (from drilling to building our production facility and first oil) in 17 months (within two years).<\\/li>\\r\\n\\r\\n\\t\\t \\t\\t\\t\\t<li>We are amongst the five(5), our of 24 Marginal Field Operators that emerged from the 2003 bid round that have been able to carry out the minimum activities required by the Regulations.<\\/li>\\r\\n\\r\\n\\t\\t \\t\\t\\t\\t<li>Brittania-U Nigeria became the first indigenous Oil & Gas Company to buy out our foreign partners within two years of operation.<\\/li>\\r\\n\\r\\n\\t\\t \\t\\t\\t\\t<li>These milestone achievements resulted in the United State Consulate in Nigeria awarding Brittania-U Nigeria Limited and its group, a prestigious award by the United States Commercial Service ... \\u201cInternational Partner\\u201d for improving trade relationship between Nigerian and United States due to purchases of equipment and material from the United States within one year which for an indigenous company is unprecedented. This is the first time that a company with two and half years operational history is conferred with the award. The company was also honoured in 2012 with \\u201cInternational Trophy for Quality Award\\u201d by Global Grade Leaders Club, Paris<\\/li> \\r\\n\\t\\t \\t\\t\\t<\\/ul>     \\r\\n\\r\\n\\t\\t \\t\\t\\t<p><strong>These we believe, having been achieved by a first-time indigenous operator, is a success story for the Federal Government\\u2019s Marginal Field Initiative, as well as the fact that Brittania-U Nigeria Limited is committed to its local content.<\\/strong><\\/p>     \\r\\n\\t\\t \\t\\t<\\/div>\\r\\n\\t\\t\\t<\\/div><\\/div>\",\"3\":{\"seoTitleSource\":\"field\",\"seoTitleSourceField\":\"title\",\"seoTitle\":\"\",\"seoDescriptionSource\":\"custom\",\"seoDescriptionSourceField\":\"title\",\"seoDescription\":\"\",\"seoKeywordsSource\":\"custom\",\"seoKeywordsSourceField\":\"title\",\"seoKeywords\":\"\",\"seoImageIdSource\":\"custom\",\"seoImageId\":\"\",\"twitterCardType\":\"summary\",\"openGraphType\":\"website\",\"robots\":\"\"}}}', '2016-06-03 13:47:06', '2016-06-03 13:47:06', 'f828ded8-af35-4232-923f-23d6640d991c'),
 ('62', '44', '6', '1', 'en_us', '12', '', '{\"typeId\":null,\"authorId\":null,\"title\":\"About Landing\",\"slug\":\"about-landing\",\"postDate\":1464952017,\"expiryDate\":null,\"enabled\":1,\"parentId\":null,\"fields\":{\"1\":\"<div class=\\\"large-6 column\\\">\\r\\n\\t\\t\\t\\t \\t\\t\\t<p>A leader in Nigeria\\u2019s petroleum industry, Brittania-U is a major player in the upstream, and downstream segments of the petroleum sector. With a quality portfolio of oil and gas assets in Nigeria, our capabilities extend through upstream (exploration & production and drilling), downstream, trading of oil product, sub-surface engineering and data appraisal for geophysics and petroleum projects.<\\/p>\\r\\n\\t\\t\\t\\t \\t\\t\\t                    \\r\\n\\t\\t\\t\\t \\t\\t\\t<p>We have been operating in Nigeria for over 20 years and our portfolio of solutions is well aligned with the country\\u2019s infrastructure needs and is contributing to economic development and improved quality of life in Nigeria.<\\/p>\\r\\n\\t\\t\\t\\t \\t\\t<\\/div>\\r\\n\\r\\n<div class=\\\"large-6 column\\\">\\r\\n\\t\\t\\t\\t \\t\\t\\t<p>Through our extensive local operating capabilities, we have partnerships with both indigenous and international oil companies, and we hold interests in licenses for the exploration, development, and production of oil and gas assets located onshore, swamp, and offshore.<\\/p>\\r\\n\\r\\n\\t\\t\\t\\t \\t\\t\\t<p>We deliver sustainable value to our stakeholders as we continually grow our reserves by harnessing the optimum potential from our existing range of oil and gas resources, while also acquiring near-term producing assets from international oil companies.<\\/p>\\r\\n\\t\\t\\t\\t \\t\\t<\\/div>\",\"16\":\"Brittania-U is an indigenous integrated company that delivers energy services through exploration & production, subsurface engineering & consultancy.\",\"34\":[\"45\"],\"17\":[\"46\"],\"18\":{\"50\":{\"type\":\"item\",\"enabled\":\"1\",\"fields\":{\"itemImage\":[\"47\"],\"itemTitle\":\"The Group\",\"itemLink\":[\"33\"]}},\"51\":{\"type\":\"item\",\"enabled\":\"1\",\"fields\":{\"itemImage\":[\"48\"],\"itemTitle\":\"Our Vision & Mission\",\"itemLink\":[\"61\"]}}},\"31\":{\"52\":{\"type\":\"item\",\"enabled\":\"1\",\"fields\":{\"itemContent\":\"<h3 class=\\\"c-p\\\">Achievements & Awards<\\/h3>\\r\\n\\r\\n<p>During our years of operation, we have continued to achieve a number of firsts in petroleum production, while breaking old industry records.<\\/p>\",\"itemContentLinks\":[{\"col1\":\"View Our Achievements & Awards\",\"col2\":\"\\/about\\/our-achievements-and-awards\"}]}}},\"27\":{\"56\":{\"type\":\"item\",\"enabled\":\"1\",\"fields\":{\"itemImage\":[\"58\"],\"itemTitle\":\"What We Do\",\"itemLinks\":[\"60\"]}},\"57\":{\"type\":\"item\",\"enabled\":\"1\",\"fields\":{\"itemImage\":[\"55\"],\"itemTitle\":\"Our People And Values\",\"itemLinks\":[\"62\"]}}},\"22\":{\"53\":{\"type\":\"item\",\"enabled\":\"1\",\"fields\":{\"columnOne\":\"\\u200bOur business is Africa; our growth model is sustainable and depends on local content for that growth. With over 500 indigenous people working in our offices across Nigeria and Ghana.\",\"columnTwo\":[\"49\"],\"columnThree\":\"<h3 class=\\\"c-p\\\">Strategy & Leadership<\\/h3>\\r\\n\\r\\n<p>Our goal is to be a focused oil and gas company that delivers value through the chains we operate. We are pursuing this strategy by setting clear priorities, and using our distinct capabilities to achieve them.<\\/p>\",\"links\":[{\"col1\":\"Our Strategy\",\"col2\":\"\\/about\\/our-strategy\"},{\"col1\":\"Our Leadership Team\",\"col2\":\"\\/about\\/board-and-executive-team\"}]}}},\"3\":{\"seoTitleSource\":\"field\",\"seoTitleSourceField\":\"title\",\"seoTitle\":\"\",\"seoDescriptionSource\":\"custom\",\"seoDescriptionSourceField\":\"title\",\"seoDescription\":\"\",\"seoKeywordsSource\":\"custom\",\"seoKeywordsSourceField\":\"title\",\"seoKeywords\":\"\",\"seoImageIdSource\":\"custom\",\"seoImageIdSourceField\":\"introVideoThumbnail\",\"seoImageId\":\"\",\"twitterCardType\":\"summary\",\"openGraphType\":\"website\",\"robots\":\"\"}}}', '2016-06-03 13:50:07', '2016-06-03 13:50:07', '4b46c4b1-5b32-4b5b-80bb-abfd9e28c508'),
 ('63', '44', '6', '1', 'en_us', '13', '', '{\"typeId\":null,\"authorId\":null,\"title\":\"About Landing\",\"slug\":\"about-landing\",\"postDate\":1464952017,\"expiryDate\":null,\"enabled\":1,\"parentId\":null,\"fields\":{\"1\":\"<div class=\\\"large-6 column\\\">\\r\\n\\t\\t\\t\\t \\t\\t\\t<p>A leader in Nigeria\\u2019s petroleum industry, Brittania-U is a major player in the upstream, and downstream segments of the petroleum sector. With a quality portfolio of oil and gas assets in Nigeria, our capabilities extend through upstream (exploration & production and drilling), downstream, trading of oil product, sub-surface engineering and data appraisal for geophysics and petroleum projects.<\\/p>\\r\\n\\t\\t\\t\\t \\t\\t\\t                    \\r\\n\\t\\t\\t\\t \\t\\t\\t<p>We have been operating in Nigeria for over 20 years and our portfolio of solutions is well aligned with the country\\u2019s infrastructure needs and is contributing to economic development and improved quality of life in Nigeria.<\\/p>\\r\\n\\t\\t\\t\\t \\t\\t<\\/div>\\r\\n\\r\\n<div class=\\\"large-6 column\\\">\\r\\n\\t\\t\\t\\t \\t\\t\\t<p>Through our extensive local operating capabilities, we have partnerships with both indigenous and international oil companies, and we hold interests in licenses for the exploration, development, and production of oil and gas assets located onshore, swamp, and offshore.<\\/p>\\r\\n\\r\\n\\t\\t\\t\\t \\t\\t\\t<p>We deliver sustainable value to our stakeholders as we continually grow our reserves by harnessing the optimum potential from our existing range of oil and gas resources, while also acquiring near-term producing assets from international oil companies.<\\/p>\\r\\n\\t\\t\\t\\t \\t\\t<\\/div>\",\"16\":\"Brittania-U is an indigenous integrated company that delivers energy services through exploration & production, subsurface engineering & consultancy.\",\"34\":[\"45\"],\"17\":[\"46\"],\"18\":{\"50\":{\"type\":\"item\",\"enabled\":\"1\",\"fields\":{\"itemImage\":[\"47\"],\"itemTitle\":\"The Group\",\"itemLink\":[\"33\"]}},\"51\":{\"type\":\"item\",\"enabled\":\"1\",\"fields\":{\"itemImage\":[\"48\"],\"itemTitle\":\"Our Vision & Mission\",\"itemLink\":[\"61\"]}}},\"31\":{\"52\":{\"type\":\"item\",\"enabled\":\"1\",\"fields\":{\"itemContent\":\"<h3 class=\\\"c-p\\\">Achievements & Awards<\\/h3>\\r\\n\\r\\n<p>During our years of operation, we have continued to achieve a number of firsts in petroleum production, while breaking old industry records.<\\/p>\",\"itemContentLinks\":[{\"col1\":\"View Our Achievements & Awards\",\"col2\":\"\\/about\\/awards-and-recognition\"}]}}},\"27\":{\"56\":{\"type\":\"item\",\"enabled\":\"1\",\"fields\":{\"itemImage\":[\"58\"],\"itemTitle\":\"What We Do\",\"itemLinks\":[\"60\"]}},\"57\":{\"type\":\"item\",\"enabled\":\"1\",\"fields\":{\"itemImage\":[\"55\"],\"itemTitle\":\"Our People And Values\",\"itemLinks\":[\"62\"]}}},\"22\":{\"53\":{\"type\":\"item\",\"enabled\":\"1\",\"fields\":{\"columnOne\":\"\\u200bOur business is Africa; our growth model is sustainable and depends on local content for that growth. With over 500 indigenous people working in our offices across Nigeria and Ghana.\",\"columnTwo\":[\"49\"],\"columnThree\":\"<h3 class=\\\"c-p\\\">Strategy & Leadership<\\/h3>\\r\\n\\r\\n<p>Our goal is to be a focused oil and gas company that delivers value through the chains we operate. We are pursuing this strategy by setting clear priorities, and using our distinct capabilities to achieve them.<\\/p>\",\"links\":[{\"col1\":\"Our Strategy\",\"col2\":\"\\/about\\/our-strategy\"},{\"col1\":\"Our Leadership Team\",\"col2\":\"\\/about\\/board-and-executive-team\"}]}}},\"3\":{\"seoTitleSource\":\"field\",\"seoTitleSourceField\":\"title\",\"seoTitle\":\"\",\"seoDescriptionSource\":\"custom\",\"seoDescriptionSourceField\":\"title\",\"seoDescription\":\"\",\"seoKeywordsSource\":\"custom\",\"seoKeywordsSourceField\":\"title\",\"seoKeywords\":\"\",\"seoImageIdSource\":\"custom\",\"seoImageIdSourceField\":\"introVideoThumbnail\",\"seoImageId\":\"\",\"twitterCardType\":\"summary\",\"openGraphType\":\"website\",\"robots\":\"\"}}}', '2016-06-03 13:51:15', '2016-06-03 13:51:15', '372de7b0-6980-407e-8140-e804cde6c772'),
 ('64', '75', '5', '1', 'en_us', '1', '', '{\"typeId\":null,\"authorId\":\"1\",\"title\":\"Brittania-U\",\"slug\":\"brittania-u\",\"postDate\":1464978539,\"expiryDate\":null,\"enabled\":1,\"parentId\":null,\"fields\":{\"1\":\"\\r\\n\\t\\t<div class=\\\"row m-pad column\\\">\\r\\n\\t\\t\\t<h2 class=\\\"medium-12 column c-p text-alt-light mb-0\\\">Brittania-U<\\/h2>\\r\\n\\r\\n\\t\\t\\t\\t<div class=\\\"medium-11 large-10 column end\\\">\\r\\n\\t\\t\\t\\t\\t<img src=\\\"\\/assets\\/img\\/brittania-u-small.svg\\\" alt=\\\"Brittnia-U\\\" class=\\\"medium-5 large-6 float-right\\\">\\r\\n\\r\\n\\t\\t\\t\\t\\t<h5 class=\\\"text-light c-g\\\">\\r\\n\\t\\t\\t\\t\\tBrittania-U is the Group\'s parent company and focal point of all management and oversight operations.<\\/h5>\\r\\n\\r\\n\\t\\t\\t\\t\\t<h4 class=\\\"c-p mt-40\\\">Brittania-U Nigeria<\\/h4>\\r\\n\\t\\t\\t\\t\\t<p>\\r\\n\\t\\t\\t\\t\\t\\tBrittania-U Nigeria oversees the operations of the Group in Nigeria and the Upstream (Exploration &amp; Production) activities of the company.\\r\\n\\t\\t\\t\\t\\t<\\/p>\\r\\n\\r\\n\\t\\t\\t\\t\\t<p>\\r\\n\\t\\t\\t\\t\\t\\tFor a short period of time, Brittania-U Nigeria\'s operations has led to establishment of other subsidiaries and affiliates in the hydrocarbon chain.\\r\\n\\t\\t\\t\\t\\t<\\/p>\\r\\n\\r\\n\\t\\t\\t\\t\\t<p>\\r\\n\\t\\t\\t\\t\\t\\tBrittania-U Nigeria serves as the headquarters of the Brittania-U Group and operates major assets such as the CNL Ajapa Marginal Field (OML 90) and the Ajapa-1 SDTR2 and Tripod\\/Wellhead, including the FPSO - Brittania-U I.\\r\\n\\t\\t\\t\\t\\t<\\/p>\\r\\n\\r\\n\\t\\t\\t\\t\\t<h4 class=\\\"c-p mt-40\\\">Brittania-U Ghana<\\/h4>\\r\\n\\r\\n\\t\\t\\t\\t\\t<p>In furtherance of the Brittania-U Vision, the BUNL Group has started new business development and expansion in Ghana with a view to explore new opportunities and expanding the current downstream operations<\\/p>\\r\\n\\r\\n\\t\\t\\t\\t\\t<h4 class=\\\"c-p mt-40\\\">Brittania-U USA LLC<\\/h4>\\r\\n\\r\\n\\t\\t\\t\\t\\t<p>Brittania-U USA Serves as a research and development centre for the Brittania-U Group and administrative hub for all Brittania-U\'s activities outside the shores of Africa.<\\/p>\\r\\n\\t\\t\\t\\t<\\/div>\\r\\n\\t\\t<\\/div>\",\"3\":{\"seoTitleSource\":\"field\",\"seoTitleSourceField\":\"title\",\"seoTitle\":\"\",\"seoDescriptionSource\":\"custom\",\"seoDescriptionSourceField\":\"title\",\"seoDescription\":\"\",\"seoKeywordsSource\":\"custom\",\"seoKeywordsSourceField\":\"title\",\"seoKeywords\":\"\",\"seoImageIdSource\":\"custom\",\"seoImageIdSourceField\":\"thumbnail\",\"seoImageId\":\"\",\"twitterCardType\":\"summary\",\"openGraphType\":\"website\",\"robots\":\"\"},\"12\":[\"74\"]}}', '2016-06-03 18:29:00', '2016-06-03 18:29:00', 'adc91b43-f830-4346-bcbc-227e060adad6'),
 ('65', '75', '5', '1', 'en_us', '2', '', '{\"typeId\":\"8\",\"authorId\":\"1\",\"title\":\"Brittania-U\",\"slug\":\"brittania-u\",\"postDate\":1464978480,\"expiryDate\":null,\"enabled\":1,\"parentId\":null,\"fields\":{\"1\":\"<div class=\\\"row m-pad column\\\">\\r\\n\\t\\t\\t<h2 class=\\\"medium-12 column c-p text-alt-light mb-0\\\">Brittania-U<\\/h2>\\r\\n\\r\\n\\t\\t\\t\\t<div class=\\\"medium-11 large-10 column end\\\">\\r\\n\\t\\t\\t\\t\\t<img src=\\\"\\/assets\\/img\\/brittania-u-small.svg\\\" alt=\\\"Brittnia-U\\\" class=\\\"medium-5 large-6 float-right\\\">\\r\\n\\r\\n\\t\\t\\t\\t\\t<h5 class=\\\"text-light c-g\\\">\\r\\n\\t\\t\\t\\t\\tBrittania-U is the Group\'s parent company and focal point of all management and oversight operations.<\\/h5>\\r\\n\\r\\n\\t\\t\\t\\t\\t<h4 class=\\\"c-p mt-40\\\">Brittania-U Nigeria<\\/h4>\\r\\n\\t\\t\\t\\t\\t<p>\\r\\n\\t\\t\\t\\t\\t\\tBrittania-U Nigeria oversees the operations of the Group in Nigeria and the Upstream (Exploration & Production) activities of the company.\\r\\n\\t\\t\\t\\t\\t<\\/p>\\r\\n\\r\\n\\t\\t\\t\\t\\t<p>\\r\\n\\t\\t\\t\\t\\t\\tFor a short period of time, Brittania-U Nigeria\'s operations has led to establishment of other subsidiaries and affiliates in the hydrocarbon chain.\\r\\n\\t\\t\\t\\t\\t<\\/p>\\r\\n\\r\\n\\t\\t\\t\\t\\t<p>\\r\\n\\t\\t\\t\\t\\t\\tBrittania-U Nigeria serves as the headquarters of the Brittania-U Group and operates major assets such as the CNL Ajapa Marginal Field (OML 90) and the Ajapa-1 SDTR2 and Tripod\\/Wellhead, including the FPSO - Brittania-U I.\\r\\n\\t\\t\\t\\t\\t<\\/p>\\r\\n\\r\\n\\t\\t\\t\\t\\t<h4 class=\\\"c-p mt-40\\\">Brittania-U Ghana<\\/h4>\\r\\n\\r\\n\\t\\t\\t\\t\\t<p>In furtherance of the Brittania-U Vision, the BUNL Group has started new business development and expansion in Ghana with a view to explore new opportunities and expanding the current downstream operations<\\/p>\\r\\n\\r\\n\\t\\t\\t\\t\\t<h4 class=\\\"c-p mt-40\\\">Brittania-U USA LLC<\\/h4>\\r\\n\\r\\n\\t\\t\\t\\t\\t<p>Brittania-U USA Serves as a research and development centre for the Brittania-U Group and administrative hub for all Brittania-U\'s activities outside the shores of Africa.<\\/p>\\r\\n\\t\\t\\t\\t<\\/div>\\r\\n\\t\\t<\\/div>\",\"3\":{\"seoTitleSource\":\"field\",\"seoTitleSourceField\":\"title\",\"seoTitle\":\"\",\"seoDescriptionSource\":\"custom\",\"seoDescriptionSourceField\":\"title\",\"seoDescription\":\"\",\"seoKeywordsSource\":\"custom\",\"seoKeywordsSourceField\":\"title\",\"seoKeywords\":\"\",\"seoImageIdSource\":\"custom\",\"seoImageIdSourceField\":\"thumbnail\",\"seoImageId\":\"\",\"twitterCardType\":\"summary\",\"openGraphType\":\"website\",\"robots\":\"\"},\"12\":[\"74\"]}}', '2016-06-03 18:38:47', '2016-06-03 18:38:47', '9d502db9-0a3d-47c8-84e1-20683856cd21'),
 ('66', '77', '5', '1', 'en_us', '1', '', '{\"typeId\":null,\"authorId\":\"1\",\"title\":\"Brittania-U Drilling Co. Ltd.\",\"slug\":\"brittania-u-drilling-co-ltd\",\"postDate\":1464979454,\"expiryDate\":null,\"enabled\":1,\"parentId\":null,\"fields\":{\"1\":\"<div class=\\\"row m-pad column\\\">\\r\\n\\t\\t\\t<h2 class=\\\"medium-12 column c-p text-alt-light mb-0\\\">Brittania-U Drilling Co. Ltd.<\\/h2>\\r\\n\\r\\n\\t\\t\\t\\t<div class=\\\"medium-11 large-12 column end\\\">\\r\\n\\t\\t\\t\\t\\t<img src=\\\"\\/assets\\/img\\/brittania-u-drilling.svg\\\" alt=\\\"Brittnia-U Drilling\\\" class=\\\"medium-5 large-6\\\">\\r\\n\\r\\n\\t\\t\\t\\t\\t<img src=\\\"\\/assets\\/img\\/brittania-u-exploration-and-production.jpg\\\" alt=\\\"Brittania-U Drilling Operations\\\" class=\\\"medium-5 float-right\\\">\\r\\n\\r\\n\\t\\t\\t\\t\\t<div class=\\\"row medium-10 mt-60 column end\\\">\\r\\n\\t\\t\\t\\t\\t\\t<h5 class=\\\"text-light c-g\\\">\\r\\n\\t\\t\\t\\t\\t\\tBrittania-U Drilling and Oil services company Nig. Ltd is a subsidiary of Brittania-U. It provides drilling Rigs and drilling services to the Brittania-U as well as provide Rig-on-hire-and-bundle services to other oil and energy companies.<\\/h5>\\r\\n\\r\\n\\t\\t\\t\\t\\t\\t<h4 class=\\\"c-p mt-40\\\">Brittania-U Nigeria<\\/h4>\\r\\n\\t\\t\\t\\t\\t\\t\\r\\n\\t\\t\\t\\t\\t\\t<p>Brittania-U Drilling & Oil Services Co. Ltd. currently have a 152ft Rig for our drilling program on Brittania-U\\u2019s block at Ajapa (OML 90) field as well as offer rig lease\\/charter services to independent companies on term contract.&nbsp;Our reputation for quality services in a safe working environment exceeds industry standards as our&nbsp;rig and other equipment\\u2019s&nbsp;are all state-of-the-art, high-specification drill-ships, which benefit from a proven design and highly developed construction techniques.<\\/p>\\r\\n\\r\\n\\t\\t\\t\\t\\t\\t<p>The Brittania-U Drilling and Oil Services team is performance-oriented, providing technologically advanced equipment, extensive industry experience, a safe operating environment, and quality service to our clients in the worldwide oil and gas industry.<\\/p>\\r\\n\\t\\t\\t\\t\\t<\\/div>\\r\\n\\t\\t\\t\\t<\\/div>\\r\\n\\t\\t<\\/div>\",\"3\":{\"seoTitleSource\":\"field\",\"seoTitleSourceField\":\"title\",\"seoTitle\":\"\",\"seoDescriptionSource\":\"custom\",\"seoDescriptionSourceField\":\"title\",\"seoDescription\":\"\",\"seoKeywordsSource\":\"custom\",\"seoKeywordsSourceField\":\"title\",\"seoKeywords\":\"\",\"seoImageIdSource\":\"custom\",\"seoImageIdSourceField\":\"thumbnail\",\"seoImageId\":\"\",\"twitterCardType\":\"summary\",\"openGraphType\":\"website\",\"robots\":\"\"},\"12\":[\"76\"]}}', '2016-06-03 18:44:14', '2016-06-03 18:44:14', 'a152b21d-6f80-43ea-a3d0-93f72a6794a8'),
 ('67', '79', '5', '1', 'en_us', '1', '', '{\"typeId\":null,\"authorId\":\"1\",\"title\":\"Data Appraisal Co. Ltd\",\"slug\":\"data-appraisal-co-ltd\",\"postDate\":1464979573,\"expiryDate\":null,\"enabled\":1,\"parentId\":null,\"fields\":{\"1\":\"\\r\\n\\t\\t<div class=\\\"row m-pad column\\\">\\r\\n\\t\\t\\t<h2 class=\\\"medium-12 column c-p text-alt-light mb-0\\\">Data Appraisal Co. Ltd.<\\/h2>\\r\\n\\r\\n\\t\\t\\t\\t<div class=\\\"medium-11 large-12 column end\\\">\\r\\n\\t\\t\\t\\t\\t<img src=\\\"\\/assets\\/img\\/dacl.svg\\\" alt=\\\"Data Appraisal Co. Ltd\\\" class=\\\"medium-5 large-6\\\">\\r\\n\\r\\n\\t\\t\\t\\t\\t<img src=\\\"\\/assets\\/img\\/seismic-data.jpg\\\" alt=\\\"Seismic data\\\" class=\\\"medium-5 float-right\\\">\\r\\n\\r\\n\\t\\t\\t\\t\\t<div class=\\\"row medium-10 mt-60 column end\\\">\\r\\n\\t\\t\\t\\t\\t\\t<h5 class=\\\"text-light c-g\\\">\\r\\n\\t\\t\\t\\t\\t\\tDACL is an affiliate of Brittania-U Group with focus in subsurface engineering.<\\/h5>\\r\\n\\t\\t\\t\\t\\t\\t\\r\\n\\t\\t\\t\\t\\t\\t<p>DACL\\u2019s operations are fully automated with all the modern facilities and technologies needed for comprehensive oil and energy appraisal \\u2013 from engineering to static modeling through dynamics to complete field appraisal, DACL was established to provide energy companies, including Brittania-U, technology and knowledge driven subsurface Engineering services.<\\/p>\\r\\n\\r\\n\\t\\t\\t\\t\\t\\t<p>With a team of experienced professionals, DACL enables companies to optimize exploitation of its assets at reduced costs, as well as provide them with the needed team of data analysts, geologists and engineers needed to run successful appraisal programs.<\\/p>\\r\\n\\r\\n\\t\\t\\t\\t\\t\\t<p>Due to the spare capacity and level of experience of Principals, the concept of Data Appraisal Company was able to utilize spare capacity in this area for clients and was able to sustain the high caliber of Nigerian professionals available to achieve Brittania-U growth aspirations. The company successfully appraised the mapping as well as identified the new coordinates for our new successful well completed in 2013 in collaboration with Schlumberger group. The appraisal discovered a new, previously unmapped zone. The team of seasoned geologists and petroleum engineers are poised to provide quality services to clients in and out of Nigeria. The management is exploring partnerships with companies with similar ethical and professional values.<\\/p>\\r\\n\\r\\n\\t\\t\\t\\t\\t\\t<h5 class=\\\"mt-60\\\">Scope of services provided by DACL includes:<\\/h5>\\r\\n\\r\\n\\t\\t\\t\\t\\t\\t<p><strong>Geological and Geophysical Studies<\\/strong><\\/p>\\r\\n\\t\\t\\t\\t\\t\\t<ul class=\\\"chevron\\\">\\r\\n\\t\\t\\t\\t\\t\\t\\t<li>Seismic Data Quality Control<\\/li>\\r\\n\\t\\t\\t\\t\\t\\t\\t<li>Geophysical &amp; Geological Interpretation<\\/li>\\r\\n\\t\\t\\t\\t\\t\\t\\t<li>Integrated G &amp; G Studies<\\/li>\\r\\n\\t\\t\\t\\t\\t\\t\\t<li>Static Modeling<\\/li>\\r\\n\\t\\t\\t\\t\\t\\t\\t<li>Workstation Services<\\/li>\\r\\n\\r\\n\\t\\t\\t\\t\\t\\t<\\/ul>\\r\\n\\r\\n\\t\\t\\t\\t\\t\\t<p><strong>3D Geological &amp; reservoir Static Modeling<\\/strong><\\/p>\\r\\n\\t\\t\\t\\t\\t\\t<ul class=\\\"chevron\\\">\\r\\n\\t\\t\\t\\t\\t\\t\\t<li>Extensive experience with Petrel<\\/li>\\r\\n\\t\\t\\t\\t\\t\\t\\t<li>Integration of Petrophysics, Geological, Geophysics, and Well Engineering data<\\/li>\\r\\n\\t\\t\\t\\t\\t\\t\\t<li>Stochastic modeling<\\/li>\\r\\n\\r\\n\\t\\t\\t\\t\\t\\t<\\/ul>\\r\\n\\r\\n\\t\\t\\t\\t\\t\\t<p><strong>Reservoir Engineering<\\/strong><\\/p>\\r\\n\\t\\t\\t\\t\\t\\t<ul class=\\\"chevron\\\">\\r\\n\\t\\t\\t\\t\\t\\t\\t<li>Field Development planning<\\/li>\\r\\n\\t\\t\\t\\t\\t\\t\\t<li>Depletion Performance prediction<\\/li>\\r\\n\\t\\t\\t\\t\\t\\t\\t<li>Water-flooding<\\/li>\\r\\n\\t\\t\\t\\t\\t\\t\\t<li>EOR studies &amp; Miscible flooding<\\/li>\\r\\n\\t\\t\\t\\t\\t\\t\\t<li>Material Blance using MBALTM<\\/li>\\r\\n\\t\\t\\t\\t\\t\\t\\t<li>3DStatic Modeling: PETRELTM<\\/li>\\r\\n\\t\\t\\t\\t\\t\\t\\t<li>Reservoir Simulation usin black oil, composition or thermal in IMEXTM Eclipse TM<\\/li>\\r\\n\\t\\t\\t\\t\\t\\t<\\/ul>\\r\\n\\t\\t\\t\\t\\t\\t\\r\\n\\t\\t\\t\\t\\t\\t<p><strong>Technology and Systems<\\/strong><\\/p>\\r\\n\\r\\n\\t\\t\\t\\t\\t\\t<ul class=\\\"chevron\\\">\\r\\n\\t\\t\\t\\t\\t\\t\\t<li>Seismic Interpretation Workstations \\u2013 Open Works<\\/li>\\r\\n\\t\\t\\t\\t\\t\\t\\t<li>Petrophysics Workstation \\u2013 Powerlog &amp; Interactive Petrophysics<\\/li>\\r\\n\\t\\t\\t\\t\\t\\t\\t<li>Geological Modeling Worksation \\u2013 Petrel<\\/li>\\r\\n\\t\\t\\t\\t\\t\\t\\t<li>Reservoir Modeling Workstation \\u2013 Eclipse<\\/li>\\r\\n\\t\\t\\t\\t\\t\\t\\t<li>Petroleum Egineering Analysis using : MBAL, PROSPER, WELFLO,FORRGAS, PIE, MONTE CARLO<\\/li>\\r\\n\\t\\t\\t\\t\\t\\t<\\/ul>\\r\\n\\t\\t\\t\\t\\t\\t\\r\\n\\t\\t\\t\\t\\t\\t<p>\\r\\n\\t\\t\\t\\t\\t\\t\\t<strong>The DACL sub-surface engineering group is the first of its kind to be owned by indigenous Oil and Gas Company. The company has all the latest software and services that any international company can provide.<\\/strong>\\r\\n\\t\\t\\t\\t\\t\\t<\\/p>\\r\\n\\r\\n\\t\\t\\t\\t\\t<\\/div>\\r\\n\\t\\t\\t\\t<\\/div>\\r\\n\\t\\t<\\/div>\",\"3\":{\"seoTitleSource\":\"field\",\"seoTitleSourceField\":\"title\",\"seoTitle\":\"\",\"seoDescriptionSource\":\"custom\",\"seoDescriptionSourceField\":\"title\",\"seoDescription\":\"\",\"seoKeywordsSource\":\"custom\",\"seoKeywordsSourceField\":\"title\",\"seoKeywords\":\"\",\"seoImageIdSource\":\"custom\",\"seoImageIdSourceField\":\"thumbnail\",\"seoImageId\":\"\",\"twitterCardType\":\"summary\",\"openGraphType\":\"website\",\"robots\":\"\"},\"12\":[\"78\"]}}', '2016-06-03 18:46:13', '2016-06-03 18:46:13', '3f63ec33-8a38-47a2-ba9e-1d3ddd69eca7'),
 ('68', '81', '5', '1', 'en_us', '1', '', '{\"typeId\":null,\"authorId\":\"1\",\"title\":\"Nextee Oil and Gas\",\"slug\":\"nextee-oil-and-gas\",\"postDate\":1464979649,\"expiryDate\":null,\"enabled\":1,\"parentId\":null,\"fields\":{\"1\":\"\\r\\n\\t\\t<div class=\\\"row m-pad column\\\">\\r\\n\\t\\t\\t<h2 class=\\\"medium-12 column c-p text-alt-light mb-0\\\">Nexttee Oil and Gas Co. Ltd.<\\/h2>\\r\\n\\r\\n\\t\\t\\t\\t<div class=\\\"medium-11 large-12 column end\\\">\\r\\n\\t\\t\\t\\t\\t<img src=\\\"\\/assets\\/img\\/nexttee.svg\\\" alt=\\\"Data Appraisal Co. Ltd\\\" class=\\\"medium-5 large-6\\\">\\r\\n\\r\\n\\t\\t\\t\\t\\t<img src=\\\"\\/assets\\/img\\/brittania-u-what-we-do.jpg\\\" alt=\\\"Oil and Gas Trading\\\" class=\\\"medium-5 float-right\\\">\\r\\n\\r\\n\\t\\t\\t\\t\\t<div class=\\\"row medium-10 mt-60 column end\\\">\\r\\n\\t\\t\\t\\t\\t\\t<h5 class=\\\"text-light c-g mb-40\\\">\\r\\n\\t\\t\\t\\t\\t\\tNexttee Oil and Gas Trading Company is an indigenous integrated company and a key player in our downstream operations, Nexttee Oil &amp; Gas Trading Company Nigeria Limited\\u2019s main business is Oil trading marketing which includes the sale of crude, refined products, and condensates. <\\/h5>\\r\\n\\t\\t\\t\\t\\t\\t\\r\\n\\t\\t\\t\\t\\t\\t<p>In a very short period, the company has established a logistics and offshore support vessels division of our downstream sector. The company was the first indigenous company to bring in all full four (8) cargoes of between 10,000mts, 32-35,000 Metric\\u00a0tonnes\\u00a0of premium motor spirit, within the past two years of our operation.<\\/p>\\r\\n\\r\\n\\t\\t\\t\\t\\t\\t<p>Nexttee\\u00a0Oil &amp; Gas Trading Company Nigeria Limited has demonstrated enough capability to handle bigger projects. We are funded locally for all our trading and vessel charter operations which are Nigerian flagged to the tune of over $200million dollars for both trading and expansion of our vessel fleet. With our partnership with refineries in both United State and Russia, with whom we have signed off-taker agreements to the tune of between 30,000 -200,000bbls per day (between 1 million to Six million barrels) monthly,\\u00a0Nexttee\\u00a0is poised to take our operations to the next level within and outside the African sub-region.<\\/p>\\r\\n\\r\\n\\t\\t\\t\\t\\t\\t<img src=\\\"\\/assets\\/img\\/nexttee-vessels.jpg\\\" alt=\\\"Nexttee Fleet of Vessels\\\" class=\\\"mt-20\\\">\\r\\n\\r\\n\\t\\t\\t\\t\\t\\t<h4 class=\\\"c-p mt-40\\\">Fleet Operations<\\/h4>\\r\\n\\r\\n\\t\\t\\t\\t\\t\\t<h5 class=\\\"text-light\\\">\\r\\n\\t\\t\\t\\t\\t\\t\\tNextee runs a Fleet service for movement of people, materials and products from shore to offshore locations and the loading of crude to delivery destination. Our current fleet of vessels include:\\r\\n\\t\\t\\t\\t\\t\\t<\\/h5>\\r\\n\\t\\t\\t\\t\\t\\t<ul class=\\\"chevron\\\">\\r\\n\\t\\t\\t\\t\\t\\t\\t<li>A Nigerian Flagged - Dynamic Positioning Vessel (DP1)<\\/li>\\r\\n\\t\\t\\t\\t\\t\\t\\t<li>MV Northern Princess<\\/li>\\r\\n\\t\\t\\t\\t\\t\\t\\t<li>OSV Prince Edward<\\/li>\\r\\n\\t\\t\\t\\t\\t\\t\\t<li>OSV Princess Royale<\\/li>\\r\\n\\t\\t\\t\\t\\t\\t\\t<li>BU-II<\\/li>\\r\\n\\t\\t\\t\\t\\t\\t<\\/ul>\\r\\n\\t\\t\\t\\t\\t<\\/div>\\r\\n\\t\\t\\t\\t<\\/div>\\r\\n\\t\\t<\\/div>\",\"3\":{\"seoTitleSource\":\"field\",\"seoTitleSourceField\":\"title\",\"seoTitle\":\"\",\"seoDescriptionSource\":\"custom\",\"seoDescriptionSourceField\":\"title\",\"seoDescription\":\"\",\"seoKeywordsSource\":\"custom\",\"seoKeywordsSourceField\":\"title\",\"seoKeywords\":\"\",\"seoImageIdSource\":\"custom\",\"seoImageIdSourceField\":\"thumbnail\",\"seoImageId\":\"\",\"twitterCardType\":\"summary\",\"openGraphType\":\"website\",\"robots\":\"\"},\"12\":[\"80\"]}}', '2016-06-03 18:47:29', '2016-06-03 18:47:29', '49428f95-6287-4ecf-bcef-bd3c77e08045'),
 ('69', '82', '7', '1', 'en_us', '1', NULL, '{\"typeId\":\"11\",\"authorId\":null,\"title\":\"The Group Landing\",\"slug\":\"the-group-landing\",\"postDate\":1464979941,\"expiryDate\":null,\"enabled\":1,\"parentId\":null,\"fields\":[]}', '2016-06-03 18:52:21', '2016-06-03 18:52:21', '2d800c8c-f1d1-49a1-97e8-848f14caa5d1'),
 ('70', '82', '7', '1', 'en_us', '2', '', '{\"typeId\":null,\"authorId\":null,\"title\":\"The Group Landing\",\"slug\":\"the-group-landing\",\"postDate\":1464979941,\"expiryDate\":null,\"enabled\":1,\"parentId\":null,\"fields\":{\"1\":\"<h3 class=\\\"medium-12 mt-40 c-p\\\">Group Organisation<\\/h3>\\r\\n\\r\\n\\t\\t\\t\\t<p class=\\\"large-8\\\">\\r\\n\\t\\t\\t\\t\\tThe group is organized into three interrelated business segments: Upstream, Drilling, Trading &amp; Oil Services, Geology and Engineering Consultancy. These three business segments cover every aspect of the oil and gas industry, from exploration, development, production, refining and petrochemicals to marketing, trading and shipping.\\r\\n\\t\\t\\t\\t<\\/p>\\r\\n\\r\\n\\t\\t\\t\\t<p class=\\\"medium-8 large-6\\\"><strong>From the core, Brittania-U has sprung several independent but interrelated companies with concentrations in Sub-Surface Engineering (Data Appraisal Nigeria Ltd), Drilling Services (Brittania-U Drilling &amp; Oil Services Ltd), Shipping and Downstream Trading (Nextee Oil &amp; Gas Trading Company Nigeria Limited).<\\/strong><\\/p>\",\"16\":\"The Group operates an integrated business model, with operation across the oil and gas value chain, from Exploration to Consultancy.\",\"3\":{\"seoTitleSource\":\"field\",\"seoTitleSourceField\":\"title\",\"seoTitle\":\"\",\"seoDescriptionSource\":\"custom\",\"seoDescriptionSourceField\":\"title\",\"seoDescription\":\"\",\"seoKeywordsSource\":\"custom\",\"seoKeywordsSourceField\":\"title\",\"seoKeywords\":\"\",\"seoImageIdSource\":\"custom\",\"seoImageId\":\"\",\"twitterCardType\":\"summary\",\"openGraphType\":\"website\",\"robots\":\"\"}}}', '2016-06-03 18:57:50', '2016-06-03 18:57:50', 'd2e73294-74d1-4409-8649-fe34fdbf8eff'),
 ('71', '82', '7', '1', 'en_us', '3', '', '{\"typeId\":\"11\",\"authorId\":null,\"title\":\"The Group\",\"slug\":\"the-group-landing\",\"postDate\":1464980398,\"expiryDate\":null,\"enabled\":1,\"parentId\":null,\"fields\":{\"1\":\"<h3 class=\\\"medium-12 mt-40 c-p\\\">Group Organisation<\\/h3>\\r\\n\\r\\n<p class=\\\"large-8\\\">\\r\\n\\t\\t\\t\\t\\tThe group is organized into three interrelated business segments: Upstream, Drilling, Trading & Oil Services, Geology and Engineering Consultancy. These three business segments cover every aspect of the oil and gas industry, from exploration, development, production, refining and petrochemicals to marketing, trading and shipping.\\r\\n\\t\\t\\t\\t<\\/p>\\r\\n\\r\\n\\r\\n\\r\\n<p class=\\\"medium-8 large-6\\\"><strong>From the core, Brittania-U has sprung several independent but interrelated companies with concentrations in Sub-Surface Engineering (Data Appraisal Nigeria Ltd), Drilling Services (Brittania-U Drilling & Oil Services Ltd), Shipping and Downstream Trading (Nextee Oil & Gas Trading Company Nigeria Limited).<\\/strong><\\/p>\",\"16\":\"The Group operates an integrated business model, with operation across the oil and gas value chain, from Exploration to Consultancy.\",\"3\":{\"seoTitleSource\":\"field\",\"seoTitleSourceField\":\"title\",\"seoTitle\":\"\",\"seoDescriptionSource\":\"custom\",\"seoDescriptionSourceField\":\"title\",\"seoDescription\":\"\",\"seoKeywordsSource\":\"custom\",\"seoKeywordsSourceField\":\"title\",\"seoKeywords\":\"\",\"seoImageIdSource\":\"custom\",\"seoImageId\":\"\",\"twitterCardType\":\"summary\",\"openGraphType\":\"website\",\"robots\":\"\"}}}', '2016-06-03 19:17:27', '2016-06-03 19:17:27', '5d1f2d41-d195-4082-b10f-b53e23a0eae6');



DROP TABLE IF EXISTS `craft_fieldgroups`;


--
-- Schema for table `craft_fieldgroups`
--
CREATE TABLE `craft_fieldgroups` (
  `id` int(11) NOT NULL AUTO_INCREMENT,
  `name` varchar(255) COLLATE utf8_unicode_ci NOT NULL,
  `dateCreated` datetime NOT NULL,
  `dateUpdated` datetime NOT NULL,
  `uid` char(36) COLLATE utf8_unicode_ci NOT NULL DEFAULT '0',
  PRIMARY KEY (`id`),
  UNIQUE KEY `craft_fieldgroups_name_unq_idx` (`name`)
) ENGINE=InnoDB AUTO_INCREMENT=5 DEFAULT CHARSET=utf8 COLLATE=utf8_unicode_ci;

--
-- Data for table `craft_fieldgroups`
--

INSERT INTO `craft_fieldgroups` (`id`, `name`, `dateCreated`, `dateUpdated`, `uid`) VALUES
 ('1', 'Default', '2016-06-03 04:51:56', '2016-06-03 04:51:56', '79c6920c-a61d-4f9d-8534-934d2afa6fcf'),
 ('2', 'SEO', '2016-06-03 05:44:16', '2016-06-03 05:44:16', '664d473b-7935-4ffb-92e9-0790440a21f9'),
 ('3', 'Board Profile', '2016-06-03 05:59:27', '2016-06-03 05:59:45', '4fcc57f5-3182-4052-ace5-b0e1acd6a884'),
 ('4', 'About Landing', '2016-06-03 10:27:45', '2016-06-03 11:07:47', '54b8a1d1-329b-48e1-8916-311afd3ce0a4');



DROP TABLE IF EXISTS `craft_fieldlayoutfields`;


--
-- Schema for table `craft_fieldlayoutfields`
--
CREATE TABLE `craft_fieldlayoutfields` (
  `id` int(11) NOT NULL AUTO_INCREMENT,
  `layoutId` int(11) NOT NULL,
  `tabId` int(11) NOT NULL,
  `fieldId` int(11) NOT NULL,
  `required` tinyint(1) unsigned NOT NULL DEFAULT '0',
  `sortOrder` smallint(6) unsigned DEFAULT NULL,
  `dateCreated` datetime NOT NULL,
  `dateUpdated` datetime NOT NULL,
  `uid` char(36) COLLATE utf8_unicode_ci NOT NULL DEFAULT '0',
  PRIMARY KEY (`id`),
  UNIQUE KEY `craft_fieldlayoutfields_layoutId_fieldId_unq_idx` (`layoutId`,`fieldId`),
  KEY `craft_fieldlayoutfields_sortOrder_idx` (`sortOrder`),
  KEY `craft_fieldlayoutfields_tabId_fk` (`tabId`),
  KEY `craft_fieldlayoutfields_fieldId_fk` (`fieldId`)
) ENGINE=InnoDB AUTO_INCREMENT=111 DEFAULT CHARSET=utf8 COLLATE=utf8_unicode_ci;

--
-- Data for table `craft_fieldlayoutfields`
--

INSERT INTO `craft_fieldlayoutfields` (`id`, `layoutId`, `tabId`, `fieldId`, `required`, `sortOrder`, `dateCreated`, `dateUpdated`, `uid`) VALUES
 ('4', '7', '3', '1', '1', '1', '2016-06-03 05:45:53', '2016-06-03 05:45:53', '24e96111-5f74-4bdd-b6ec-4691ab1683ee'),
 ('5', '7', '4', '3', '0', '1', '2016-06-03 05:45:53', '2016-06-03 05:45:53', '27d95176-b19a-4e57-8600-d198385965fc'),
 ('6', '8', '5', '1', '1', '1', '2016-06-03 05:46:09', '2016-06-03 05:46:09', '7e7202c2-a01c-4b34-956f-1b79092a5bd4'),
 ('7', '8', '5', '2', '0', '2', '2016-06-03 05:46:09', '2016-06-03 05:46:09', 'f76bdcac-6824-4a0e-8b32-39d0baf2bce0'),
 ('8', '8', '6', '3', '0', '1', '2016-06-03 05:46:09', '2016-06-03 05:46:09', '975463a5-322c-45ae-8b5f-5bd997971e0c'),
 ('10', '11', '8', '6', '1', '1', '2016-06-03 06:02:26', '2016-06-03 06:02:26', 'f2a169e9-f1b2-49b0-aea7-fae243761e77'),
 ('11', '11', '8', '7', '0', '2', '2016-06-03 06:02:26', '2016-06-03 06:02:26', '3626f4da-488f-422a-af82-8d06f78e0831'),
 ('43', '33', '28', '9', '0', '1', '2016-06-03 06:55:26', '2016-06-03 06:55:26', '55d33d94-1fe8-41b3-9116-7faaf1146344'),
 ('44', '33', '28', '14', '0', '2', '2016-06-03 06:55:26', '2016-06-03 06:55:26', '602b6262-ae58-40b1-9316-eaab02f9ef44'),
 ('45', '33', '28', '15', '0', '3', '2016-06-03 06:55:26', '2016-06-03 06:55:26', 'f6c95a56-f5f4-4c87-8a8b-d2ac5f72f257'),
 ('46', '34', '29', '1', '0', '1', '2016-06-03 06:56:46', '2016-06-03 06:56:46', '167d616d-b9f2-452d-a519-56e59d56b66e'),
 ('54', '39', '33', '4', '0', '1', '2016-06-03 08:57:50', '2016-06-03 08:57:50', '447d75af-f1b7-4034-bc01-a5fcb8119a60'),
 ('55', '39', '33', '12', '0', '2', '2016-06-03 08:57:50', '2016-06-03 08:57:50', '67112dd6-42de-496f-9084-02d3ac7b9355'),
 ('56', '39', '33', '13', '0', '3', '2016-06-03 08:57:50', '2016-06-03 08:57:50', 'd6b59cb3-fd00-445c-bfc3-18473e3955fc'),
 ('57', '39', '33', '8', '0', '4', '2016-06-03 08:57:50', '2016-06-03 08:57:50', 'b0c3fc6f-d873-4673-9a71-ff47b4955c6d'),
 ('58', '39', '33', '5', '0', '5', '2016-06-03 08:57:50', '2016-06-03 08:57:50', '0b10c19d-144a-4221-ad11-ebfbed0e6329'),
 ('59', '39', '34', '3', '0', '1', '2016-06-03 08:57:50', '2016-06-03 08:57:50', '0dcab369-a2be-41f6-b2e6-b029fd35cfb3'),
 ('60', '40', '35', '1', '0', '1', '2016-06-03 09:01:36', '2016-06-03 09:01:36', 'f3f48d39-e5d1-4943-9000-cd5b42993d1f'),
 ('61', '40', '36', '3', '0', '1', '2016-06-03 09:01:36', '2016-06-03 09:01:36', 'c1acb9b8-b2cc-47c5-bea7-afd2bd071247'),
 ('62', '42', '37', '12', '0', '1', '2016-06-03 09:48:36', '2016-06-03 09:48:36', 'ee7b160f-7a06-4157-9532-376a67e32011'),
 ('63', '42', '37', '1', '0', '2', '2016-06-03 09:48:36', '2016-06-03 09:48:36', '78613bdf-c922-4f74-9ad2-150d58234134'),
 ('64', '42', '38', '3', '0', '1', '2016-06-03 09:48:36', '2016-06-03 09:48:36', '337b6eb7-af43-4911-93fb-4ab42bdb5547'),
 ('65', '43', '39', '19', '1', '1', '2016-06-03 10:39:28', '2016-06-03 10:39:28', 'e2dbeabf-1ed2-43c5-8a23-c848306cc324'),
 ('66', '43', '39', '20', '0', '2', '2016-06-03 10:39:28', '2016-06-03 10:39:28', '84b846cf-6df3-4ea0-984c-099bcc35ac3a'),
 ('67', '43', '39', '21', '0', '3', '2016-06-03 10:39:28', '2016-06-03 10:39:28', 'ad938729-1e30-4065-9366-9f94e35dadde'),
 ('75', '46', '42', '28', '1', '1', '2016-06-03 10:53:18', '2016-06-03 10:53:18', '832749b6-b538-49e7-99a3-77d6887c9d98'),
 ('76', '46', '42', '29', '0', '2', '2016-06-03 10:53:18', '2016-06-03 10:53:18', '73d65f6e-fae4-40a1-8656-3c8f821fa9fb'),
 ('77', '46', '42', '30', '0', '3', '2016-06-03 10:53:18', '2016-06-03 10:53:18', '5723bac0-63b7-4fa9-b555-d5d2e1ac7953'),
 ('88', '50', '46', '16', '0', '1', '2016-06-03 11:43:16', '2016-06-03 11:43:16', '756930c4-eff4-4a93-800d-ac55d053b41d'),
 ('89', '50', '46', '34', '0', '2', '2016-06-03 11:43:16', '2016-06-03 11:43:16', '88bb60ff-e4e7-4437-bb07-ba060e062829'),
 ('90', '50', '46', '1', '0', '3', '2016-06-03 11:43:16', '2016-06-03 11:43:16', '4cd3f374-209e-48b1-91a9-4c23ad751cc0'),
 ('91', '50', '46', '17', '0', '4', '2016-06-03 11:43:16', '2016-06-03 11:43:16', 'be67a741-c433-4587-be41-cbff774a1380'),
 ('92', '50', '46', '18', '0', '5', '2016-06-03 11:43:16', '2016-06-03 11:43:16', '21268b12-9617-4082-9f4d-b3905887ffe0'),
 ('93', '50', '46', '31', '0', '6', '2016-06-03 11:43:16', '2016-06-03 11:43:16', '491bbc01-215f-4fb9-82d2-62ece6094783'),
 ('94', '50', '46', '27', '0', '7', '2016-06-03 11:43:16', '2016-06-03 11:43:16', '5c5757cc-aab9-4077-aef6-de269451227b'),
 ('95', '50', '46', '22', '0', '8', '2016-06-03 11:43:16', '2016-06-03 11:43:16', 'af971765-0b1c-45e4-b9a0-96312b4e6c06'),
 ('96', '50', '47', '3', '0', '1', '2016-06-03 11:43:16', '2016-06-03 11:43:16', 'f16f7c7e-03a3-4149-a556-4c4d681227a9'),
 ('97', '51', '48', '23', '0', '1', '2016-06-03 12:29:31', '2016-06-03 12:29:31', 'e28f8add-1aac-46d1-9053-1e0d475c8fc8'),
 ('98', '51', '48', '24', '0', '2', '2016-06-03 12:29:31', '2016-06-03 12:29:31', 'baf45fed-6fa4-4907-9ad4-dc6c4d17100f'),
 ('99', '51', '48', '25', '0', '3', '2016-06-03 12:29:31', '2016-06-03 12:29:31', 'cb0f7a59-64ac-454d-b365-a9dbb1938621'),
 ('100', '51', '48', '26', '0', '4', '2016-06-03 12:29:31', '2016-06-03 12:29:31', 'd18bbd60-8379-4ede-a252-a59090f6a055'),
 ('101', '52', '49', '32', '0', '1', '2016-06-03 12:54:13', '2016-06-03 12:54:13', '965cf0de-06c5-4061-a5a8-75998325341f'),
 ('102', '52', '49', '33', '0', '2', '2016-06-03 12:54:13', '2016-06-03 12:54:13', 'fe810442-f604-4059-b5cf-8b2268c573e2'),
 ('103', '53', '50', '1', '0', '1', '2016-06-03 13:27:35', '2016-06-03 13:27:35', 'fc9d3616-712f-432f-bb54-6d8acfffe2b3'),
 ('104', '53', '51', '3', '0', '1', '2016-06-03 13:27:35', '2016-06-03 13:27:35', '8f5a73fb-777f-4f01-a655-5d57df23f840'),
 ('108', '58', '54', '16', '0', '1', '2016-06-03 19:17:17', '2016-06-03 19:17:17', '77ef5a9e-9ccf-4af7-a24a-d6bd27926662'),
 ('109', '58', '54', '1', '0', '2', '2016-06-03 19:17:17', '2016-06-03 19:17:17', 'ea4aca9b-3c35-4ead-a733-256f763ddaa5'),
 ('110', '58', '55', '3', '0', '1', '2016-06-03 19:17:17', '2016-06-03 19:17:17', '62ee8d2d-fa2f-45a9-9875-5d6c64a1c7cb');



DROP TABLE IF EXISTS `craft_fieldlayouts`;


--
-- Schema for table `craft_fieldlayouts`
--
CREATE TABLE `craft_fieldlayouts` (
  `id` int(11) NOT NULL AUTO_INCREMENT,
  `type` varchar(150) COLLATE utf8_unicode_ci NOT NULL,
  `dateCreated` datetime NOT NULL,
  `dateUpdated` datetime NOT NULL,
  `uid` char(36) COLLATE utf8_unicode_ci NOT NULL DEFAULT '0',
  PRIMARY KEY (`id`),
  KEY `craft_fieldlayouts_type_idx` (`type`)
) ENGINE=InnoDB AUTO_INCREMENT=60 DEFAULT CHARSET=utf8 COLLATE=utf8_unicode_ci;

--
-- Data for table `craft_fieldlayouts`
--

INSERT INTO `craft_fieldlayouts` (`id`, `type`, `dateCreated`, `dateUpdated`, `uid`) VALUES
 ('1', 'Tag', '2016-06-03 04:51:56', '2016-06-03 04:51:56', 'ab674290-2a06-43c6-b467-1963429dc579'),
 ('7', 'Entry', '2016-06-03 05:45:53', '2016-06-03 05:45:53', '419e21f4-c497-45d3-b910-2cddfd188817'),
 ('8', 'Entry', '2016-06-03 05:46:09', '2016-06-03 05:46:09', '5452fac9-fb21-4cd0-aef8-4df3f64fec19'),
 ('11', 'MatrixBlock', '2016-06-03 06:02:26', '2016-06-03 06:02:26', 'ce03a927-d590-471c-9a46-8cb655440d35'),
 ('21', 'Asset', '2016-06-03 06:15:06', '2016-06-03 06:15:06', '83b05827-781f-4b2e-bf9a-36ed5fd3d0a4'),
 ('23', 'Asset', '2016-06-03 06:15:19', '2016-06-03 06:15:19', '2c0c615c-535e-4448-8f4b-3e5699e99d80'),
 ('33', 'MatrixBlock', '2016-06-03 06:55:26', '2016-06-03 06:55:26', '31275964-d2ba-4df8-895c-15e03d675a21'),
 ('34', 'Asset', '2016-06-03 06:56:46', '2016-06-03 06:56:46', '76e56f87-f33b-4fe4-9f9f-087aab4f4614'),
 ('35', 'Navee_Node', '2016-06-03 07:05:07', '2016-06-03 07:05:07', 'ac3dc4ed-d65a-4877-ad98-ad29fce24399'),
 ('39', 'Entry', '2016-06-03 08:57:50', '2016-06-03 08:57:50', '74b9fffd-3ea8-4f61-b577-0db618f7a1ec'),
 ('40', 'Entry', '2016-06-03 09:01:36', '2016-06-03 09:01:36', '3171544d-23e0-40f3-b6e9-d78a8ec7399f'),
 ('42', 'Entry', '2016-06-03 09:48:36', '2016-06-03 09:48:36', '712f5b1d-5b7a-4717-90ed-4445f4f11b18'),
 ('43', 'MatrixBlock', '2016-06-03 10:39:28', '2016-06-03 10:39:28', '12867604-b1f4-4c39-b0f3-336081bcf549'),
 ('46', 'MatrixBlock', '2016-06-03 10:53:18', '2016-06-03 10:53:18', '826b11a0-7ef2-4ca7-95a3-4b3b1596b144'),
 ('50', 'Entry', '2016-06-03 11:43:16', '2016-06-03 11:43:16', 'effc5930-0177-44de-97d8-326b3ac90510'),
 ('51', 'MatrixBlock', '2016-06-03 12:29:31', '2016-06-03 12:29:31', '9cdda2a4-7e95-472b-91ff-2a43d91d971d'),
 ('52', 'MatrixBlock', '2016-06-03 12:54:13', '2016-06-03 12:54:13', '4e8dfdf2-b3e3-4940-8863-d55214f4ebc4'),
 ('53', 'Entry', '2016-06-03 13:27:35', '2016-06-03 13:27:35', '0f09a9ce-7ca3-4961-8574-9adea77198fd'),
 ('54', 'Navee_Node', '2016-06-03 13:53:41', '2016-06-03 13:53:41', 'ab1aff4d-bc12-4a5a-a851-7760866a289e'),
 ('57', 'Navee_Node', '2016-06-03 19:11:31', '2016-06-03 19:11:31', '38f54aa4-86ce-4f84-b5e3-ac26fd26f1cb'),
 ('58', 'Entry', '2016-06-03 19:17:17', '2016-06-03 19:17:17', 'c052a3b3-128c-4a9e-8094-f76af7e7ff32'),
 ('59', 'Entry', '2016-06-08 13:12:47', '2016-06-08 13:12:47', 'a232acd8-162c-4cf1-919f-e2b25859015c');



DROP TABLE IF EXISTS `craft_fieldlayouttabs`;


--
-- Schema for table `craft_fieldlayouttabs`
--
CREATE TABLE `craft_fieldlayouttabs` (
  `id` int(11) NOT NULL AUTO_INCREMENT,
  `layoutId` int(11) NOT NULL,
  `name` varchar(255) COLLATE utf8_unicode_ci NOT NULL,
  `sortOrder` smallint(6) unsigned DEFAULT NULL,
  `dateCreated` datetime NOT NULL,
  `dateUpdated` datetime NOT NULL,
  `uid` char(36) COLLATE utf8_unicode_ci NOT NULL DEFAULT '0',
  PRIMARY KEY (`id`),
  KEY `craft_fieldlayouttabs_sortOrder_idx` (`sortOrder`),
  KEY `craft_fieldlayouttabs_layoutId_fk` (`layoutId`)
) ENGINE=InnoDB AUTO_INCREMENT=56 DEFAULT CHARSET=utf8 COLLATE=utf8_unicode_ci;

--
-- Data for table `craft_fieldlayouttabs`
--

INSERT INTO `craft_fieldlayouttabs` (`id`, `layoutId`, `name`, `sortOrder`, `dateCreated`, `dateUpdated`, `uid`) VALUES
 ('3', '7', 'Content', '1', '2016-06-03 05:45:53', '2016-06-03 05:45:53', '1b98201f-fb75-4bbb-9794-368454d85939'),
 ('4', '7', 'SEO', '2', '2016-06-03 05:45:53', '2016-06-03 05:45:53', '197e639d-6ce4-43f3-9214-c48577808d0f'),
 ('5', '8', 'Content', '1', '2016-06-03 05:46:09', '2016-06-03 05:46:09', '2d07fa0e-bede-4db9-8fd1-5f86db66f8cc'),
 ('6', '8', 'SEO', '2', '2016-06-03 05:46:09', '2016-06-03 05:46:09', '9c15e1c8-0c0f-4b04-b273-874526faba25'),
 ('8', '11', 'Content', '1', '2016-06-03 06:02:26', '2016-06-03 06:02:26', '246c6a36-5955-43c5-a524-d5d5c4b827dc'),
 ('28', '33', 'Content', '1', '2016-06-03 06:55:26', '2016-06-03 06:55:26', 'd8f41514-f9c7-43c4-9815-6febcfc297fd'),
 ('29', '34', 'Content', '1', '2016-06-03 06:56:46', '2016-06-03 06:56:46', '608f24f9-89b2-4af8-b3b8-5b5541da894e'),
 ('33', '39', 'Board Profile', '1', '2016-06-03 08:57:50', '2016-06-03 08:57:50', '3ed13ab1-cf33-4af6-a707-6c23480f6e73'),
 ('34', '39', 'SEO', '2', '2016-06-03 08:57:50', '2016-06-03 08:57:50', '64dec132-da4f-41b3-a6b6-a54f95e6fa0f'),
 ('35', '40', 'Board and Executive Team', '1', '2016-06-03 09:01:36', '2016-06-03 09:01:36', '98be1d75-8cc4-42de-b6db-d5325652ea3f'),
 ('36', '40', 'SEO', '2', '2016-06-03 09:01:36', '2016-06-03 09:01:36', '5c4aee88-5a67-4309-884d-7be939c7f741'),
 ('37', '42', 'Default', '1', '2016-06-03 09:48:36', '2016-06-03 09:48:36', 'dd098ea1-9e04-4169-89fd-3549467144c2'),
 ('38', '42', 'SEO', '2', '2016-06-03 09:48:36', '2016-06-03 09:48:36', 'd471c1f8-fa40-4d49-ac28-2d6e39c3b51d'),
 ('39', '43', 'Content', '1', '2016-06-03 10:39:28', '2016-06-03 10:39:28', 'b0424d38-dd1d-4d8c-9039-90eb21399644'),
 ('42', '46', 'Content', '1', '2016-06-03 10:53:18', '2016-06-03 10:53:18', 'dcb71b58-0c8e-4c92-82a4-69654be479e2'),
 ('46', '50', 'The Group', '1', '2016-06-03 11:43:16', '2016-06-03 11:43:16', '41c173bf-afde-460d-b6d3-be3c26fb4b78'),
 ('47', '50', 'SEO', '2', '2016-06-03 11:43:16', '2016-06-03 11:43:16', '5f857057-6b94-40cc-8e7c-bdbab514bd1d'),
 ('48', '51', 'Content', '1', '2016-06-03 12:29:31', '2016-06-03 12:29:31', '4d836136-3591-4b5a-ba0a-a73b1a21f6b5'),
 ('49', '52', 'Content', '1', '2016-06-03 12:54:13', '2016-06-03 12:54:13', '4a593c6b-5e86-4655-8a66-c840559c27f4'),
 ('50', '53', 'Default', '1', '2016-06-03 13:27:35', '2016-06-03 13:27:35', 'c0f9a6ca-d621-499f-a550-6a56ac8ea352'),
 ('51', '53', 'SEO', '2', '2016-06-03 13:27:35', '2016-06-03 13:27:35', '2b5e2200-3c0c-452d-b8cd-c746f2a2f692'),
 ('54', '58', 'Default', '1', '2016-06-03 19:17:17', '2016-06-03 19:17:17', 'd3117ed5-aa51-4300-818e-323b47b47188'),
 ('55', '58', 'SEO', '2', '2016-06-03 19:17:17', '2016-06-03 19:17:17', '721cef52-c033-4ca4-ba97-9b9fac7a9245');



DROP TABLE IF EXISTS `craft_fields`;


--
-- Schema for table `craft_fields`
--
CREATE TABLE `craft_fields` (
  `id` int(11) NOT NULL AUTO_INCREMENT,
  `groupId` int(11) DEFAULT NULL,
  `name` varchar(255) COLLATE utf8_unicode_ci NOT NULL,
  `handle` varchar(58) COLLATE utf8_unicode_ci NOT NULL,
  `context` varchar(255) COLLATE utf8_unicode_ci NOT NULL DEFAULT 'global',
  `instructions` text COLLATE utf8_unicode_ci,
  `translatable` tinyint(1) unsigned NOT NULL DEFAULT '0',
  `type` varchar(150) COLLATE utf8_unicode_ci NOT NULL,
  `settings` text COLLATE utf8_unicode_ci,
  `dateCreated` datetime NOT NULL,
  `dateUpdated` datetime NOT NULL,
  `uid` char(36) COLLATE utf8_unicode_ci NOT NULL DEFAULT '0',
  PRIMARY KEY (`id`),
  UNIQUE KEY `craft_fields_handle_context_unq_idx` (`handle`,`context`),
  KEY `craft_fields_context_idx` (`context`),
  KEY `craft_fields_groupId_fk` (`groupId`)
) ENGINE=InnoDB AUTO_INCREMENT=35 DEFAULT CHARSET=utf8 COLLATE=utf8_unicode_ci;

--
-- Data for table `craft_fields`
--

INSERT INTO `craft_fields` (`id`, `groupId`, `name`, `handle`, `context`, `instructions`, `translatable`, `type`, `settings`, `dateCreated`, `dateUpdated`, `uid`) VALUES
 ('1', '1', 'Body', 'body', 'global', '', '0', 'RichText', '{\"configFile\":\"Standard.json\",\"availableAssetSources\":\"*\",\"availableTransforms\":\"*\",\"cleanupHtml\":\"\",\"purifyHtml\":\"\",\"columnType\":\"text\"}', '2016-06-03 04:51:56', '2016-06-03 13:36:38', '78033d8c-d986-47b8-8b6d-c63c3a26db43'),
 ('2', '1', 'Tags', 'tags', 'global', NULL, '0', 'Tags', '{\"source\":\"taggroup:1\"}', '2016-06-03 04:51:56', '2016-06-03 04:51:56', '65da060f-2502-4e24-9d20-c9abe829e4d7'),
 ('3', '2', 'SEO', 'seo', 'global', '', '0', 'Seomatic_Meta', '{\"assetSources\":\"*\",\"seoTitleSource\":\"field\",\"seoTitleSourceField\":\"title\",\"seoTitle\":\"\",\"seoTitleSourceChangeable\":\"1\",\"seoDescriptionSource\":\"custom\",\"seoDescriptionSourceField\":\"title\",\"seoDescription\":\"\",\"seoDescriptionSourceChangeable\":\"1\",\"seoKeywordsSource\":\"custom\",\"seoKeywordsSourceField\":\"title\",\"seoKeywords\":\"\",\"seoKeywordsSourceChangeable\":\"1\",\"seoImageIdSource\":\"custom\",\"seoImageIdSourceChangeable\":\"1\",\"twitterCardType\":\"summary\",\"twitterCardTypeChangeable\":\"1\",\"openGraphType\":\"website\",\"openGraphTypeChangeable\":\"1\",\"robots\":\"\",\"robotsChangeable\":\"1\"}', '2016-06-03 05:45:38', '2016-06-03 05:45:38', 'fa4a04a0-476b-474e-994c-d4cea615bca5'),
 ('4', '3', 'Position', 'position', 'global', '', '0', 'PlainText', '{\"placeholder\":\"\",\"maxLength\":\"\",\"multiline\":\"\",\"initialRows\":\"4\"}', '2016-06-03 06:00:14', '2016-06-03 06:00:14', 'aa7ec704-c5b6-47fc-8d98-c7684640834f'),
 ('5', '3', 'Profile', 'profile', 'global', '', '0', 'Matrix', '{\"maxBlocks\":\"1\"}', '2016-06-03 06:02:26', '2016-06-03 06:02:26', 'ef5a419e-14a1-4ce9-9a20-e6cdb674e0a1'),
 ('6', NULL, 'Column1', 'column1', 'matrixBlockType:1', '', '0', 'RichText', '{\"configFile\":\"Simple.json\",\"availableAssetSources\":\"*\",\"availableTransforms\":\"*\",\"cleanupHtml\":\"1\",\"purifyHtml\":\"1\",\"columnType\":\"text\"}', '2016-06-03 06:02:26', '2016-06-03 06:02:26', '2cc9a57d-c938-4a6c-abf4-aa3c96e85f79'),
 ('7', NULL, 'Column2', 'column2', 'matrixBlockType:1', '', '0', 'RichText', '{\"configFile\":\"Simple.json\",\"availableAssetSources\":\"*\",\"availableTransforms\":\"*\",\"cleanupHtml\":\"1\",\"purifyHtml\":\"1\",\"columnType\":\"text\"}', '2016-06-03 06:02:26', '2016-06-03 06:02:26', 'fbe0d48e-8ec8-4bad-aeb8-09fdaa0784c4'),
 ('8', '3', 'Awards', 'awards', 'global', 'Board member\'s award if any', '0', 'Matrix', '{\"maxBlocks\":\"1\"}', '2016-06-03 06:09:03', '2016-06-03 06:55:26', 'a4035d1f-9fb8-43d1-b828-6023762e2472'),
 ('9', NULL, 'Award Summary', 'awardSummary', 'matrixBlockType:2', '', '0', 'RichText', '{\"configFile\":\"Standard.json\",\"availableAssetSources\":\"*\",\"availableTransforms\":\"*\",\"cleanupHtml\":\"\",\"purifyHtml\":\"\",\"columnType\":\"text\"}', '2016-06-03 06:09:03', '2016-06-03 06:55:26', '5ea8a196-64c3-45c6-9df8-8096d19fb97a'),
 ('12', '3', 'Thumbnail', 'thumbnail', 'global', '', '0', 'Assets', '{\"useSingleFolder\":\"1\",\"sources\":\"*\",\"defaultUploadLocationSource\":\"1\",\"defaultUploadLocationSubpath\":\"\",\"singleUploadLocationSource\":\"3\",\"singleUploadLocationSubpath\":\"\",\"restrictFiles\":\"\",\"limit\":\"1\",\"viewMode\":\"large\",\"selectionLabel\":\"\"}', '2016-06-03 06:09:33', '2016-06-03 06:17:26', '86d3482b-ad78-4d16-9c36-c38ac5608db2'),
 ('13', '3', 'Main Image', 'mainImage', 'global', '', '0', 'Assets', '{\"useSingleFolder\":\"1\",\"sources\":\"*\",\"defaultUploadLocationSource\":\"1\",\"defaultUploadLocationSubpath\":\"\",\"singleUploadLocationSource\":\"3\",\"singleUploadLocationSubpath\":\"\",\"restrictFiles\":\"\",\"limit\":\"1\",\"viewMode\":\"large\",\"selectionLabel\":\"\"}', '2016-06-03 06:17:54', '2016-06-03 06:17:54', '6c766ddd-b67b-4c17-80a9-57e994daf0f7'),
 ('14', NULL, 'Other Awards', 'otherAwards', 'matrixBlockType:2', '', '0', 'Table', '{\"columns\":{\"col1\":{\"heading\":\"Award Item\",\"handle\":\"awardItem\",\"width\":\"\",\"type\":\"singleline\"}},\"defaults\":{\"row1\":{\"col1\":\"\"}}}', '2016-06-03 06:53:29', '2016-06-03 06:55:26', '9d7b9cd0-5cbe-466b-85e7-e063fb3977f8'),
 ('15', NULL, 'Awards', 'awards', 'matrixBlockType:2', '', '0', 'Assets', '{\"useSingleFolder\":\"1\",\"sources\":\"*\",\"defaultUploadLocationSource\":\"1\",\"defaultUploadLocationSubpath\":\"\",\"singleUploadLocationSource\":\"2\",\"singleUploadLocationSubpath\":\"\",\"restrictFiles\":\"\",\"limit\":\"\",\"viewMode\":\"large\",\"selectionLabel\":\"\"}', '2016-06-03 06:53:29', '2016-06-03 06:55:26', '3db3d8ca-abdd-47c0-9d67-08c16ec6dbe5'),
 ('16', '4', 'Intro', 'intro', 'global', '', '0', 'PlainText', '{\"placeholder\":\"\",\"maxLength\":\"\",\"multiline\":\"1\",\"initialRows\":\"4\"}', '2016-06-03 10:28:19', '2016-06-03 10:28:19', '0ee51609-8889-4a80-9fef-8d1e06d62b93'),
 ('17', '4', 'Message From The Editor Image', 'messageFromTheEditorImage', 'global', '', '0', 'Assets', '{\"useSingleFolder\":\"1\",\"sources\":\"*\",\"defaultUploadLocationSource\":\"1\",\"defaultUploadLocationSubpath\":\"\",\"singleUploadLocationSource\":\"1\",\"singleUploadLocationSubpath\":\"\",\"restrictFiles\":\"\",\"limit\":\"1\",\"viewMode\":\"large\",\"selectionLabel\":\"\"}', '2016-06-03 10:30:22', '2016-06-03 10:30:22', 'ace49e3f-b187-4b08-a8fd-b1c91b03ac9c'),
 ('18', '4', 'Row one', 'rowOne', 'global', 'Upload featured images', '0', 'Matrix', '{\"maxBlocks\":\"2\"}', '2016-06-03 10:39:28', '2016-06-03 10:39:28', '122a7ad0-e2e5-4401-99ec-d6c0eaf5675d'),
 ('19', NULL, 'Item Image', 'itemImage', 'matrixBlockType:5', '', '0', 'Assets', '{\"useSingleFolder\":\"1\",\"sources\":\"*\",\"defaultUploadLocationSource\":\"1\",\"defaultUploadLocationSubpath\":\"\",\"singleUploadLocationSource\":\"1\",\"singleUploadLocationSubpath\":\"\",\"restrictFiles\":\"\",\"limit\":\"1\",\"viewMode\":\"list\",\"selectionLabel\":\"\"}', '2016-06-03 10:39:28', '2016-06-03 10:39:28', '4f125171-5802-4687-97c3-6bd6525560e9'),
 ('20', NULL, 'Item Title', 'itemTitle', 'matrixBlockType:5', '', '0', 'PlainText', '{\"placeholder\":\"\",\"maxLength\":\"\",\"multiline\":\"\",\"initialRows\":\"4\"}', '2016-06-03 10:39:28', '2016-06-03 10:39:28', 'e29a8306-57b0-4974-ae90-d7577213c625'),
 ('21', NULL, 'Item Link', 'itemLink', 'matrixBlockType:5', '', '0', 'Entries', '{\"sources\":\"*\",\"limit\":\"1\",\"selectionLabel\":\"\"}', '2016-06-03 10:39:28', '2016-06-03 10:39:28', '6ecaab05-b30e-49ab-97f2-d33e39fc9bab'),
 ('22', '4', 'Row Two', 'rowTwo', 'global', '', '0', 'Matrix', '{\"maxBlocks\":\"1\"}', '2016-06-03 10:42:11', '2016-06-03 12:29:31', 'c7764c9e-7e35-4ef3-801b-49eb4ff91826'),
 ('23', NULL, 'Column One', 'columnOne', 'matrixBlockType:6', '', '0', 'PlainText', '{\"placeholder\":\"\",\"maxLength\":\"\",\"multiline\":\"\",\"initialRows\":\"4\"}', '2016-06-03 10:42:11', '2016-06-03 12:29:31', '04f5cdeb-df2b-4ed2-9874-79ed6c88d5df'),
 ('24', NULL, 'Column Two', 'columnTwo', 'matrixBlockType:6', '', '0', 'Assets', '{\"useSingleFolder\":\"\",\"sources\":\"*\",\"defaultUploadLocationSource\":\"1\",\"defaultUploadLocationSubpath\":\"\",\"singleUploadLocationSource\":\"1\",\"singleUploadLocationSubpath\":\"\",\"restrictFiles\":\"\",\"limit\":\"1\",\"viewMode\":\"list\",\"selectionLabel\":\"\"}', '2016-06-03 10:42:11', '2016-06-03 12:29:31', 'b0c49894-b9ab-4328-a4de-2ad24fefcb81'),
 ('25', NULL, 'Column Three', 'columnThree', 'matrixBlockType:6', '', '0', 'RichText', '{\"configFile\":\"Standard.json\",\"availableAssetSources\":\"*\",\"availableTransforms\":\"*\",\"cleanupHtml\":\"\",\"purifyHtml\":\"\",\"columnType\":\"text\"}', '2016-06-03 10:42:11', '2016-06-03 12:29:31', 'f56f0ca9-9c1d-4c67-9f2d-d66b141c01bb'),
 ('26', NULL, 'Links', 'links', 'matrixBlockType:6', '', '0', 'Table', '{\"columns\":{\"col1\":{\"heading\":\"Link Title\",\"handle\":\"linkTitle\",\"width\":\"\",\"type\":\"singleline\"},\"col2\":{\"heading\":\"Link URL\",\"handle\":\"linkURL\",\"width\":\"\",\"type\":\"singleline\"}},\"defaults\":{\"row1\":{\"col1\":\"\",\"col2\":\"\"}}}', '2016-06-03 10:49:00', '2016-06-03 12:29:31', 'fb9e1a28-a072-4d5c-a846-ca6b496b98fa'),
 ('27', '4', 'Row Three Images', 'rowThreeImages', 'global', '', '0', 'Matrix', '{\"maxBlocks\":\"2\"}', '2016-06-03 10:53:18', '2016-06-03 10:53:18', 'f0aaf121-4a68-49ed-a0a9-765cabbe1482'),
 ('28', NULL, 'Item Image', 'itemImage', 'matrixBlockType:7', '', '0', 'Assets', '{\"useSingleFolder\":\"1\",\"sources\":\"*\",\"defaultUploadLocationSource\":\"1\",\"defaultUploadLocationSubpath\":\"\",\"singleUploadLocationSource\":\"1\",\"singleUploadLocationSubpath\":\"\",\"restrictFiles\":\"\",\"limit\":\"1\",\"viewMode\":\"list\",\"selectionLabel\":\"\"}', '2016-06-03 10:53:18', '2016-06-03 10:53:18', '7a8b9e13-51fb-404f-a249-52fb38359bf4'),
 ('29', NULL, 'Item Title', 'itemTitle', 'matrixBlockType:7', '', '0', 'PlainText', '{\"placeholder\":\"\",\"maxLength\":\"\",\"multiline\":\"\",\"initialRows\":\"4\"}', '2016-06-03 10:53:18', '2016-06-03 10:53:18', '821e148f-396b-4b81-8b43-d419cd7afabb'),
 ('30', NULL, 'Item Links', 'itemLinks', 'matrixBlockType:7', '', '0', 'Entries', '{\"sources\":\"*\",\"limit\":\"1\",\"selectionLabel\":\"\"}', '2016-06-03 10:53:18', '2016-06-03 10:53:18', 'b3197200-ddb9-41c6-99e1-f84fc878e5d3'),
 ('31', '4', 'Row Three Content', 'rowThreeContent', 'global', '', '0', 'Matrix', '{\"maxBlocks\":\"1\"}', '2016-06-03 10:55:44', '2016-06-03 12:54:12', 'a9bf47ed-2ba6-49a7-8a18-c340bf83167e'),
 ('32', NULL, 'Item Content', 'itemContent', 'matrixBlockType:8', '', '0', 'RichText', '{\"configFile\":\"Standard.json\",\"availableAssetSources\":\"*\",\"availableTransforms\":\"*\",\"cleanupHtml\":\"\",\"purifyHtml\":\"\",\"columnType\":\"text\"}', '2016-06-03 10:55:44', '2016-06-03 12:54:12', '7a7d8c54-d6c0-4257-abf9-cc8792c4d85e'),
 ('33', NULL, 'Content Links', 'itemContentLinks', 'matrixBlockType:8', '', '0', 'Table', '{\"columns\":{\"col1\":{\"heading\":\"Link Title\",\"handle\":\"linkTitle\",\"width\":\"\",\"type\":\"singleline\"},\"col2\":{\"heading\":\"Link URL\",\"handle\":\"linkURL\",\"width\":\"\",\"type\":\"singleline\"}},\"defaults\":{\"row1\":{\"col1\":\"\",\"col2\":\"\"}}}', '2016-06-03 10:55:44', '2016-06-03 12:54:13', 'cfd758cf-66e2-4fab-abf5-7481b49b6aa6'),
 ('34', '4', 'Intro Video Thumbnail', 'introVideoThumbnail', 'global', '', '0', 'Assets', '{\"useSingleFolder\":\"\",\"sources\":\"*\",\"defaultUploadLocationSource\":\"1\",\"defaultUploadLocationSubpath\":\"\",\"singleUploadLocationSource\":\"1\",\"singleUploadLocationSubpath\":\"\",\"restrictFiles\":\"\",\"limit\":\"1\",\"viewMode\":\"large\",\"selectionLabel\":\"\"}', '2016-06-03 10:59:01', '2016-06-03 10:59:01', 'ce3d720a-e5f3-4007-93c9-1fbf0c064d3b');



DROP TABLE IF EXISTS `craft_globalsets`;


--
-- Schema for table `craft_globalsets`
--
CREATE TABLE `craft_globalsets` (
  `id` int(11) NOT NULL,
  `name` varchar(255) COLLATE utf8_unicode_ci NOT NULL,
  `handle` varchar(255) COLLATE utf8_unicode_ci NOT NULL,
  `fieldLayoutId` int(10) DEFAULT NULL,
  `dateCreated` datetime NOT NULL,
  `dateUpdated` datetime NOT NULL,
  `uid` char(36) COLLATE utf8_unicode_ci NOT NULL DEFAULT '0',
  PRIMARY KEY (`id`),
  UNIQUE KEY `craft_globalsets_name_unq_idx` (`name`),
  UNIQUE KEY `craft_globalsets_handle_unq_idx` (`handle`),
  KEY `craft_globalsets_fieldLayoutId_fk` (`fieldLayoutId`)
) ENGINE=InnoDB DEFAULT CHARSET=utf8 COLLATE=utf8_unicode_ci;

DROP TABLE IF EXISTS `craft_info`;


--
-- Schema for table `craft_info`
--
CREATE TABLE `craft_info` (
  `id` int(11) NOT NULL AUTO_INCREMENT,
  `version` varchar(15) COLLATE utf8_unicode_ci NOT NULL,
  `build` int(11) unsigned NOT NULL,
  `schemaVersion` varchar(15) COLLATE utf8_unicode_ci NOT NULL,
  `releaseDate` datetime NOT NULL,
  `edition` tinyint(1) unsigned NOT NULL DEFAULT '0',
  `siteName` varchar(100) COLLATE utf8_unicode_ci NOT NULL,
  `siteUrl` varchar(255) COLLATE utf8_unicode_ci NOT NULL,
  `timezone` varchar(30) COLLATE utf8_unicode_ci DEFAULT NULL,
  `on` tinyint(1) unsigned NOT NULL DEFAULT '0',
  `maintenance` tinyint(1) unsigned NOT NULL DEFAULT '0',
  `track` varchar(40) COLLATE utf8_unicode_ci NOT NULL,
  `dateCreated` datetime NOT NULL,
  `dateUpdated` datetime NOT NULL,
  `uid` char(36) COLLATE utf8_unicode_ci NOT NULL DEFAULT '0',
  PRIMARY KEY (`id`)
) ENGINE=InnoDB AUTO_INCREMENT=2 DEFAULT CHARSET=utf8 COLLATE=utf8_unicode_ci;

--
-- Data for table `craft_info`
--

INSERT INTO `craft_info` (`id`, `version`, `build`, `schemaVersion`, `releaseDate`, `edition`, `siteName`, `siteUrl`, `timezone`, `on`, `maintenance`, `track`, `dateCreated`, `dateUpdated`, `uid`) VALUES
 ('1', '2.6', '2789', '2.6.5', '2016-05-26 08:10:05', '2', 'Brittania', 'http://craft.dev', 'UTC', '1', '1', 'stable', '2016-06-03 04:51:51', '2016-06-08 13:15:08', 'c7bb099b-487f-4ffd-bc59-86fa49b2add9');



DROP TABLE IF EXISTS `craft_locales`;


--
-- Schema for table `craft_locales`
--
CREATE TABLE `craft_locales` (
  `locale` char(12) COLLATE utf8_unicode_ci NOT NULL,
  `sortOrder` smallint(6) unsigned DEFAULT NULL,
  `dateCreated` datetime NOT NULL,
  `dateUpdated` datetime NOT NULL,
  `uid` char(36) COLLATE utf8_unicode_ci NOT NULL DEFAULT '0',
  PRIMARY KEY (`locale`),
  KEY `craft_locales_sortOrder_idx` (`sortOrder`)
) ENGINE=InnoDB DEFAULT CHARSET=utf8 COLLATE=utf8_unicode_ci;

--
-- Data for table `craft_locales`
--

INSERT INTO `craft_locales` (`locale`, `sortOrder`, `dateCreated`, `dateUpdated`, `uid`) VALUES
 ('en_us', '1', '2016-06-03 04:51:51', '2016-06-03 04:51:51', '2e37e589-029e-403b-b742-ac7510a845da');



DROP TABLE IF EXISTS `craft_matrixblocks`;


--
-- Schema for table `craft_matrixblocks`
--
CREATE TABLE `craft_matrixblocks` (
  `id` int(11) NOT NULL,
  `ownerId` int(11) NOT NULL,
  `fieldId` int(11) NOT NULL,
  `typeId` int(11) DEFAULT NULL,
  `sortOrder` smallint(6) unsigned DEFAULT NULL,
  `ownerLocale` char(12) COLLATE utf8_unicode_ci DEFAULT NULL,
  `dateCreated` datetime NOT NULL,
  `dateUpdated` datetime NOT NULL,
  `uid` char(36) COLLATE utf8_unicode_ci NOT NULL DEFAULT '0',
  PRIMARY KEY (`id`),
  KEY `craft_matrixblocks_ownerId_idx` (`ownerId`),
  KEY `craft_matrixblocks_fieldId_idx` (`fieldId`),
  KEY `craft_matrixblocks_typeId_idx` (`typeId`),
  KEY `craft_matrixblocks_sortOrder_idx` (`sortOrder`),
  KEY `craft_matrixblocks_ownerLocale_fk` (`ownerLocale`)
) ENGINE=InnoDB DEFAULT CHARSET=utf8 COLLATE=utf8_unicode_ci;

--
-- Data for table `craft_matrixblocks`
--

INSERT INTO `craft_matrixblocks` (`id`, `ownerId`, `fieldId`, `typeId`, `sortOrder`, `ownerLocale`, `dateCreated`, `dateUpdated`, `uid`) VALUES
 ('29', '5', '5', '1', '1', NULL, '2016-06-03 06:31:29', '2016-06-03 09:02:29', '616c8e79-e82e-4423-a01a-6115a6db4ad4'),
 ('30', '5', '8', '2', '1', NULL, '2016-06-03 06:48:21', '2016-06-03 09:02:29', 'd7b6223b-8420-40d1-9e7d-041be43c8d74'),
 ('32', '31', '5', '1', '1', NULL, '2016-06-03 07:08:56', '2016-06-03 09:02:41', 'f106895f-01bf-49be-bd0a-1728e3fdcd2d'),
 ('34', '33', '5', '1', '1', NULL, '2016-06-03 07:10:01', '2016-06-03 09:02:51', 'd8f2552d-ca2e-4795-a1e0-9f1c444d6142'),
 ('36', '35', '5', '1', '1', NULL, '2016-06-03 07:11:12', '2016-06-03 09:03:01', 'b298a98c-615a-4528-8f13-c2eee3e4f160'),
 ('38', '37', '5', '1', '1', NULL, '2016-06-03 07:13:59', '2016-06-03 09:03:11', 'e5fe5f7d-13ae-44fb-a451-7ed5675e35c0'),
 ('40', '39', '5', '1', '1', NULL, '2016-06-03 07:15:33', '2016-06-03 09:03:23', '5aac64e7-4b6d-4f49-a4f2-458379fe3c02'),
 ('50', '44', '18', '5', '1', NULL, '2016-06-03 11:19:09', '2016-06-03 13:51:15', '4defb673-b98a-4615-8874-3161671baefc'),
 ('51', '44', '18', '5', '2', NULL, '2016-06-03 11:19:09', '2016-06-03 13:51:15', '3510cdc3-2275-4d4d-9216-8e4b171c7b27'),
 ('52', '44', '31', '8', '1', NULL, '2016-06-03 11:19:09', '2016-06-03 13:51:15', 'f5742068-5acb-4470-aafa-c587ed0f12bb'),
 ('53', '44', '22', '6', '1', NULL, '2016-06-03 11:19:09', '2016-06-03 13:51:15', '4562cc49-26c3-4690-a155-ee5fd2559ada'),
 ('56', '44', '27', '7', '1', NULL, '2016-06-03 12:43:41', '2016-06-03 13:51:15', 'ab0e1b75-c6c7-4ec2-8b80-2738fc6444bf'),
 ('57', '44', '27', '7', '2', NULL, '2016-06-03 12:43:41', '2016-06-03 13:51:15', 'a38a833d-6d1c-4cf0-8048-1a707e6e6f3f');



DROP TABLE IF EXISTS `craft_matrixblocktypes`;


--
-- Schema for table `craft_matrixblocktypes`
--
CREATE TABLE `craft_matrixblocktypes` (
  `id` int(11) NOT NULL AUTO_INCREMENT,
  `fieldId` int(11) NOT NULL,
  `fieldLayoutId` int(11) DEFAULT NULL,
  `name` varchar(255) COLLATE utf8_unicode_ci NOT NULL,
  `handle` varchar(255) COLLATE utf8_unicode_ci NOT NULL,
  `sortOrder` smallint(6) unsigned DEFAULT NULL,
  `dateCreated` datetime NOT NULL,
  `dateUpdated` datetime NOT NULL,
  `uid` char(36) COLLATE utf8_unicode_ci NOT NULL DEFAULT '0',
  PRIMARY KEY (`id`),
  UNIQUE KEY `craft_matrixblocktypes_name_fieldId_unq_idx` (`name`,`fieldId`),
  UNIQUE KEY `craft_matrixblocktypes_handle_fieldId_unq_idx` (`handle`,`fieldId`),
  KEY `craft_matrixblocktypes_fieldId_fk` (`fieldId`),
  KEY `craft_matrixblocktypes_fieldLayoutId_fk` (`fieldLayoutId`)
) ENGINE=InnoDB AUTO_INCREMENT=9 DEFAULT CHARSET=utf8 COLLATE=utf8_unicode_ci;

--
-- Data for table `craft_matrixblocktypes`
--

INSERT INTO `craft_matrixblocktypes` (`id`, `fieldId`, `fieldLayoutId`, `name`, `handle`, `sortOrder`, `dateCreated`, `dateUpdated`, `uid`) VALUES
 ('1', '5', '11', 'Columns', 'columns', '1', '2016-06-03 06:02:26', '2016-06-03 06:02:26', 'f1a80a33-7c8d-46ab-a932-b72f097de6a2'),
 ('2', '8', '33', 'Awards', 'awards', '1', '2016-06-03 06:09:03', '2016-06-03 06:55:26', '16fb1871-4319-457f-9057-4078057ef45b'),
 ('5', '18', '43', 'Item', 'item', '1', '2016-06-03 10:39:28', '2016-06-03 10:39:28', '35bb7fb2-5ab1-4702-9922-8fe6093e3a00'),
 ('6', '22', '51', 'Item', 'item', '1', '2016-06-03 10:42:11', '2016-06-03 12:29:31', '06636fdd-88e8-46be-8ec7-6fba9a5d5928'),
 ('7', '27', '46', 'item', 'item', '1', '2016-06-03 10:53:18', '2016-06-03 10:53:18', '6369d88f-dd4f-4797-a4c0-3b8371121197'),
 ('8', '31', '52', 'Item', 'item', '1', '2016-06-03 10:55:44', '2016-06-03 12:54:13', '25c61f70-2e65-44fd-91de-bf89b66e1003');



DROP TABLE IF EXISTS `craft_matrixcontent_awards`;


--
-- Schema for table `craft_matrixcontent_awards`
--
CREATE TABLE `craft_matrixcontent_awards` (
  `id` int(11) NOT NULL AUTO_INCREMENT,
  `elementId` int(11) NOT NULL,
  `locale` char(12) COLLATE utf8_unicode_ci NOT NULL,
  `field_awards_awardSummary` text COLLATE utf8_unicode_ci,
  `field_awards_otherAwards` text COLLATE utf8_unicode_ci,
  `dateCreated` datetime NOT NULL,
  `dateUpdated` datetime NOT NULL,
  `uid` char(36) COLLATE utf8_unicode_ci NOT NULL DEFAULT '0',
  PRIMARY KEY (`id`),
  UNIQUE KEY `craft_matrixcontent_awards_elementId_locale_unq_idx` (`elementId`,`locale`),
  KEY `craft_matrixcontent_awards_locale_fk` (`locale`)
) ENGINE=InnoDB AUTO_INCREMENT=2 DEFAULT CHARSET=utf8 COLLATE=utf8_unicode_ci;

--
-- Data for table `craft_matrixcontent_awards`
--

INSERT INTO `craft_matrixcontent_awards` (`id`, `elementId`, `locale`, `field_awards_awardSummary`, `field_awards_otherAwards`, `dateCreated`, `dateUpdated`, `uid`) VALUES
 ('1', '30', 'en_us', '<h5 class=\"text-light c-g\">Mrs. Ifejika has been recognised for her various achievements in the energy sector and in different organisations.</h5>\r\n\r\n<p>In recognition of her sterling leadership/managerial achievements, she has been recognised and won many accolades, some of which are:</p>', '[{\"col1\":\"2012 African Female Energy Leaders of the Year Award in the United - Kingdom by the Center for Economic & Leadership Development\"},{\"col1\":\"The Nigerian Trailblazers Award\"},{\"col1\":\"Montage African Woman of Excellence Award - 2013\"}]', '2016-06-03 06:48:21', '2016-06-03 09:02:29', 'a255a2e6-4149-4380-80d8-dc13f5d37682');



DROP TABLE IF EXISTS `craft_matrixcontent_profile`;


--
-- Schema for table `craft_matrixcontent_profile`
--
CREATE TABLE `craft_matrixcontent_profile` (
  `id` int(11) NOT NULL AUTO_INCREMENT,
  `elementId` int(11) NOT NULL,
  `locale` char(12) COLLATE utf8_unicode_ci NOT NULL,
  `field_columns_column1` text COLLATE utf8_unicode_ci,
  `field_columns_column2` text COLLATE utf8_unicode_ci,
  `dateCreated` datetime NOT NULL,
  `dateUpdated` datetime NOT NULL,
  `uid` char(36) COLLATE utf8_unicode_ci NOT NULL DEFAULT '0',
  PRIMARY KEY (`id`),
  UNIQUE KEY `craft_matrixcontent_profile_elementId_locale_unq_idx` (`elementId`,`locale`),
  KEY `craft_matrixcontent_profile_locale_fk` (`locale`)
) ENGINE=InnoDB AUTO_INCREMENT=7 DEFAULT CHARSET=utf8 COLLATE=utf8_unicode_ci;

--
-- Data for table `craft_matrixcontent_profile`
--

INSERT INTO `craft_matrixcontent_profile` (`id`, `elementId`, `locale`, `field_columns_column1`, `field_columns_column2`, `dateCreated`, `dateUpdated`, `uid`) VALUES
 ('1', '29', 'en_us', '<p>Catherine is the first and so far, the only woman to become chair and CEO of an Upstream E&amp;P Company in Nigeria. A graduate of  Ahmadu Bello University, Zaria, Catherine obtained a Diploma in Law and an LLB (Hons.) in 1985 and promptly called to the Nigerian Bar in 1986. She is a member of the Nigerian Bar Association, a fellow of the Institute of Arbitration and Conciliation, as well as a member of the Institute of Chartered Secretaries and Administrators.<br /></p>\n\n<p>Her career in the petroleum industry started when she joined Texaco’s Legal Department as Junior Counsel in 1987 and rose swiftly to become Company Secretary in 1997. In 2003, her Government and Public Affairs responsibilities were extended to Cameroon, Togo, Benin, Cote D’Ivoire, and the Democratic Republic of Congo. She joined Brittania-U Nigeria Limited in 2007 as Chair/CEO and has since steered the indigenous company to its current market leading position.</p>', '<p>Formerly on the Board of Directors of the Federal Ministry of Arts and Culture (2001-2002), Catherine’s leadership of Brittania-U has brought a number significant ‘firsts’. The Ajapa Floating Production Storage Unit, 100% owned and operated by the company, produced its first oil from drilling in 17 months; a feat yet to be equaled by any other company of its kind in Nigeria. She has set up six subsidiary companies in seven years, receiving numerous awards for good governance and management in Nigeria, the US, China, and Europe.</p>', '2016-06-03 06:31:29', '2016-06-03 09:02:29', '1f5aadd0-9a22-4f1c-871e-86cf49242c85'),
 ('2', '32', 'en_us', '<p>Currently the Chief Financial Officer at Brittania-U, Ahmed’s career found root at Schlumberger in Sedco Forex (A Schlumberger Drilling Company) in Oman as Manager Finance &amp; Administration from 1993 – 1996, after which he proceeded to Indonesia as the Division Controller from 1996 to 1998. He then went on to hold several positions as Controller and Finance Manager for Schlumberger Aberdeen (UK), Libya, Algeria, Saudi Arabia and Pakistan before moving to Iran in 2005. Prior to joining Schlumberger, Qazi had spent eight years in A. F. Ferguson amp;Co Chartered Accountants (PricewaterhouseCoopers- Pakistan) from 1979 to 1986 and then joined Shell Pakistan Limited (formerly Pakistan Burma Shell) as Assistant Chief Accountant from 1986 to 1993.</p>\n\n<p>He became the Group Finance Director of Nigeria &amp; Gulf of Guinea countries for Schlumberger in June 2011, after spending six years in Iran &amp; Kazakhstan as the Group Finance Controller, also serving as Financial Controller with Fortune 500 and high-tech companies.</p>', '<p> Ahmed holds a Bachelor’s degree in Commerce from the University of Karachi. He is also a Fellow of the Institute of Chartered Accountants of Pakistan (ICAP) and a Fellow Member of the Institute of Taxation Management of Pakistan. He has also undertaken business administration courses from Institute of Business Administration, Karachi and an advanced financial program from the Wharton School of Business, Pennsylvania. In addition, he was an active member of various social clubs at College level and was an active member of PEG( Pakistan Executive Group-Saudi Arabia).</p>', '2016-06-03 07:08:56', '2016-06-03 09:02:41', '17801fe3-0c2e-40c7-a92c-f81abd3a814f'),
 ('3', '34', 'en_us', '<p>Nwafor is the Manager, Exploration and Production. With over 16 years’ experience garnered from the Oil &amp; Gas industry in Nigeria and across the globe, Simon is an expert in managing risk complex projects (Hydrocarbon Assets), projects relating to reservoir studies, drilling, on site application supports which includes Seismic interpretation and Reservoir modeling, Coordination of geology &amp; Geophysics seismic interpretation unit, training of the new interpreters, report writing and presentations, Setting up of workstations unit and decision making relating to well proposal, drilling and completions.</p>', '<p>He started his career with a two-year stint at Nigeria Agip oil Company as a  geologist , after which he spent three years with Dege Conek Nigeria Limited (Oil &amp; Gas Service Provider) as a Senior Geologist and six years at AnKorPoinTe Integrated Limited, Subsidiary of HBT Consulting, Houston Texas(Oil &amp; Gas Services Provider) as  Manager Geology &amp; Geophysicist before joining Brittania-U as Manager, Exploration &amp; Production.</p>', '2016-06-03 07:10:01', '2016-06-03 09:02:51', '348a29cf-10e0-4c81-bc7a-119e99e05342'),
 ('4', '36', 'en_us', '<p>Julius is the manager of Brittania-U’s Warri Operations. A certified Public Accountant and a certified Information Systems Auditor, He graduated from New Jersey Institute of Technology with a BSc in Management Studies. He further took an MSc. in Accounting from Kean University, New Jersey, after being hired out of college by insurer State Farm as a Senior Insurance Auditor.</p>', '<p>He has worked in the United States for some of the biggest firms in banking, accounting, and insurance – State Farm, KPMG, Deloitte, and UBS. He has also provided advisory services to multi-national corporations, including SAS 70, Sarbanes-Oxley, and Integrated Audit covering IT General &amp; Application Controls for clients within the Financial Services &amp; Entertainment Industries.</p>', '2016-06-03 07:11:12', '2016-06-03 09:03:01', '951dbca0-c813-44a0-913d-7d8c68dc9700'),
 ('5', '38', 'en_us', '<p>Oluremi is the Manager for Compensation and benefits. A graduate of Ladoke Akintola University of Technology, Oyo State, with a Master of Business Administration (MBA) degree in Human Resources Management, Oluremi started her human resources management career with the defunct Midas Bank plc. in 2001. She later joined Network News 24 (NN24), before joining Brittania-U as compensation and benefits manager and later reassigned as Human Resources Manager.</p>', '<p>In addition to professional experience, she is a member of various local and international human resources bodies.</p>', '2016-06-03 07:13:59', '2016-06-03 09:03:11', 'fef86b5f-7149-4f4a-ba91-614ee3ab7fd1'),
 ('6', '40', 'en_us', '<p>Chibuzo is Supply Chain Manager for Procurement and Inventory, and he currently heads the Supply Chain &amp; Procurement unit at BUNL.<br /></p>\n\n<p>He started his career in 1998 as Procurement Officer with Eastern Bulkcem Company Ltd Port Harcourt. He then worked in 2 world class Projects in the Oil and Gas industry: Chevron Nigeria Agbami FPSO Project and Chevron Nigeria Escravos Gas to Liquid Project (EGTL). He joined Chevron Nigeria Agbami FPSO Project in 2007 and later was drafted into the SCM group of Chevron EGTL Project first as a Logistics Specialist and later as Materials De-Inventory coordinator until June 2014. He spent the last 9 years with Chevron Deep Water Agbami FPSO Project and Chevron Escravos Gas to Liquid Project (EGTL).</p>\n\n\n\n<p>With about 18 years in Procurement and Logistics Management, he joined the BUNL team as Supply Chain Coordinator: Procurement &amp; Inventory in January 2015.</p>', '<p>He started consulting for Brittania-U on Supply chain management from October 2014 where he built an efficient workflow process to coordinate and manage Procurement; tracking materials movement / usage and maintaining adequate inventory management and control across locations. Very passionate about meeting and exceeding expectations, his dedication and very extensive knowledge of the industry has resulted in the improved performance of BUNL supply chain, creating net value, building a very competitive infrastructure and measuring performance globally.</p>\n\n<p>A member of American Production and Inventory Control Society – APICS, Chartered Institute of Purchasing and Supply – CIPS and Associate Member, Nigeria Institute of Management, he wields extensive experience in Supply Chain Management, Procurement, Logistics solutions, Inventory management and Operations.</p>', '2016-06-03 07:15:33', '2016-06-03 09:03:23', '79dddbe1-380d-4455-b693-ddec00ee9ffc');



DROP TABLE IF EXISTS `craft_matrixcontent_rowone`;


--
-- Schema for table `craft_matrixcontent_rowone`
--
CREATE TABLE `craft_matrixcontent_rowone` (
  `id` int(11) NOT NULL AUTO_INCREMENT,
  `elementId` int(11) NOT NULL,
  `locale` char(12) COLLATE utf8_unicode_ci NOT NULL,
  `field_item_itemTitle` text COLLATE utf8_unicode_ci,
  `dateCreated` datetime NOT NULL,
  `dateUpdated` datetime NOT NULL,
  `uid` char(36) COLLATE utf8_unicode_ci NOT NULL DEFAULT '0',
  PRIMARY KEY (`id`),
  UNIQUE KEY `craft_matrixcontent_rowone_elementId_locale_unq_idx` (`elementId`,`locale`),
  KEY `craft_matrixcontent_rowone_locale_fk` (`locale`)
) ENGINE=InnoDB AUTO_INCREMENT=3 DEFAULT CHARSET=utf8 COLLATE=utf8_unicode_ci;

--
-- Data for table `craft_matrixcontent_rowone`
--

INSERT INTO `craft_matrixcontent_rowone` (`id`, `elementId`, `locale`, `field_item_itemTitle`, `dateCreated`, `dateUpdated`, `uid`) VALUES
 ('1', '50', 'en_us', 'The Group', '2016-06-03 11:19:09', '2016-06-03 13:51:15', 'da14e9b0-22b2-4e16-af05-27c459309b5e'),
 ('2', '51', 'en_us', 'Our Vision & Mission', '2016-06-03 11:19:09', '2016-06-03 13:51:15', '909e1463-a02c-4953-89e4-028d92865f82');



DROP TABLE IF EXISTS `craft_matrixcontent_rowthreecontent`;


--
-- Schema for table `craft_matrixcontent_rowthreecontent`
--
CREATE TABLE `craft_matrixcontent_rowthreecontent` (
  `id` int(11) NOT NULL AUTO_INCREMENT,
  `elementId` int(11) NOT NULL,
  `locale` char(12) COLLATE utf8_unicode_ci NOT NULL,
  `field_item_itemContent` text COLLATE utf8_unicode_ci,
  `field_item_itemContentLinks` text COLLATE utf8_unicode_ci,
  `dateCreated` datetime NOT NULL,
  `dateUpdated` datetime NOT NULL,
  `uid` char(36) COLLATE utf8_unicode_ci NOT NULL DEFAULT '0',
  PRIMARY KEY (`id`),
  UNIQUE KEY `craft_matrixcontent_rowthreecontent_elementId_locale_unq_idx` (`elementId`,`locale`),
  KEY `craft_matrixcontent_rowthreecontent_locale_fk` (`locale`)
) ENGINE=InnoDB AUTO_INCREMENT=2 DEFAULT CHARSET=utf8 COLLATE=utf8_unicode_ci;

--
-- Data for table `craft_matrixcontent_rowthreecontent`
--

INSERT INTO `craft_matrixcontent_rowthreecontent` (`id`, `elementId`, `locale`, `field_item_itemContent`, `field_item_itemContentLinks`, `dateCreated`, `dateUpdated`, `uid`) VALUES
 ('1', '52', 'en_us', '<h3 class=\"c-p\">Achievements & Awards</h3>\r\n\r\n<p>During our years of operation, we have continued to achieve a number of firsts in petroleum production, while breaking old industry records.</p>', '[{\"col1\":\"View Our Achievements & Awards\",\"col2\":\"\\/about\\/awards-and-recognition\"}]', '2016-06-03 11:19:09', '2016-06-03 13:51:15', '177517ad-8d08-49ce-b653-4ee1f8100f6f');



DROP TABLE IF EXISTS `craft_matrixcontent_rowthreeimages`;


--
-- Schema for table `craft_matrixcontent_rowthreeimages`
--
CREATE TABLE `craft_matrixcontent_rowthreeimages` (
  `id` int(11) NOT NULL AUTO_INCREMENT,
  `elementId` int(11) NOT NULL,
  `locale` char(12) COLLATE utf8_unicode_ci NOT NULL,
  `field_item_itemTitle` text COLLATE utf8_unicode_ci,
  `dateCreated` datetime NOT NULL,
  `dateUpdated` datetime NOT NULL,
  `uid` char(36) COLLATE utf8_unicode_ci NOT NULL DEFAULT '0',
  PRIMARY KEY (`id`),
  UNIQUE KEY `craft_matrixcontent_rowthreeimages_elementId_locale_unq_idx` (`elementId`,`locale`),
  KEY `craft_matrixcontent_rowthreeimages_locale_fk` (`locale`)
) ENGINE=InnoDB AUTO_INCREMENT=3 DEFAULT CHARSET=utf8 COLLATE=utf8_unicode_ci;

--
-- Data for table `craft_matrixcontent_rowthreeimages`
--

INSERT INTO `craft_matrixcontent_rowthreeimages` (`id`, `elementId`, `locale`, `field_item_itemTitle`, `dateCreated`, `dateUpdated`, `uid`) VALUES
 ('1', '56', 'en_us', 'What We Do', '2016-06-03 12:43:41', '2016-06-03 13:51:15', '16983cfc-5630-4937-b099-0ea778e5ec5e'),
 ('2', '57', 'en_us', 'Our People And Values', '2016-06-03 12:43:41', '2016-06-03 13:51:15', '3d5b8f6e-1383-4044-a61e-4e49cc9e42f4');



DROP TABLE IF EXISTS `craft_matrixcontent_rowtwo`;


--
-- Schema for table `craft_matrixcontent_rowtwo`
--
CREATE TABLE `craft_matrixcontent_rowtwo` (
  `id` int(11) NOT NULL AUTO_INCREMENT,
  `elementId` int(11) NOT NULL,
  `locale` char(12) COLLATE utf8_unicode_ci NOT NULL,
  `field_item_columnOne` text COLLATE utf8_unicode_ci,
  `field_item_columnThree` text COLLATE utf8_unicode_ci,
  `field_item_links` text COLLATE utf8_unicode_ci,
  `dateCreated` datetime NOT NULL,
  `dateUpdated` datetime NOT NULL,
  `uid` char(36) COLLATE utf8_unicode_ci NOT NULL DEFAULT '0',
  PRIMARY KEY (`id`),
  UNIQUE KEY `craft_matrixcontent_rowtwo_elementId_locale_unq_idx` (`elementId`,`locale`),
  KEY `craft_matrixcontent_rowtwo_locale_fk` (`locale`)
) ENGINE=InnoDB AUTO_INCREMENT=2 DEFAULT CHARSET=utf8 COLLATE=utf8_unicode_ci;

--
-- Data for table `craft_matrixcontent_rowtwo`
--

INSERT INTO `craft_matrixcontent_rowtwo` (`id`, `elementId`, `locale`, `field_item_columnOne`, `field_item_columnThree`, `field_item_links`, `dateCreated`, `dateUpdated`, `uid`) VALUES
 ('1', '53', 'en_us', '​Our business is Africa; our growth model is sustainable and depends on local content for that growth. With over 500 indigenous people working in our offices across Nigeria and Ghana.', '<h3 class=\"c-p\">Strategy & Leadership</h3>\r\n\r\n<p>Our goal is to be a focused oil and gas company that delivers value through the chains we operate. We are pursuing this strategy by setting clear priorities, and using our distinct capabilities to achieve them.</p>', '[{\"col1\":\"Our Strategy\",\"col2\":\"\\/about\\/our-strategy\"},{\"col1\":\"Our Leadership Team\",\"col2\":\"\\/about\\/board-and-executive-team\"}]', '2016-06-03 11:19:09', '2016-06-03 13:51:15', 'cf6dbc35-a1b2-4b3a-87b4-37901c0f4c23');



DROP TABLE IF EXISTS `craft_migrations`;


--
-- Schema for table `craft_migrations`
--
CREATE TABLE `craft_migrations` (
  `id` int(11) NOT NULL AUTO_INCREMENT,
  `pluginId` int(11) DEFAULT NULL,
  `version` varchar(255) COLLATE utf8_unicode_ci NOT NULL,
  `applyTime` datetime NOT NULL,
  `dateCreated` datetime NOT NULL,
  `dateUpdated` datetime NOT NULL,
  `uid` char(36) COLLATE utf8_unicode_ci NOT NULL DEFAULT '0',
  PRIMARY KEY (`id`),
  UNIQUE KEY `craft_migrations_version_unq_idx` (`version`),
  KEY `craft_migrations_pluginId_fk` (`pluginId`)
) ENGINE=InnoDB AUTO_INCREMENT=53 DEFAULT CHARSET=utf8 COLLATE=utf8_unicode_ci;

--
-- Data for table `craft_migrations`
--

INSERT INTO `craft_migrations` (`id`, `pluginId`, `version`, `applyTime`, `dateCreated`, `dateUpdated`, `uid`) VALUES
 ('1', NULL, 'm000000_000000_base', '2016-06-03 04:51:51', '2016-06-03 04:51:51', '2016-06-03 04:51:51', '3134e596-5160-4b50-8735-50297ecde673'),
 ('2', NULL, 'm140730_000001_add_filename_and_format_to_transformindex', '2016-06-03 04:51:51', '2016-06-03 04:51:51', '2016-06-03 04:51:51', '7295cb36-d5d8-4f5e-ad25-d02e72e5facc'),
 ('3', NULL, 'm140815_000001_add_format_to_transforms', '2016-06-03 04:51:51', '2016-06-03 04:51:51', '2016-06-03 04:51:51', 'e360ffd2-134d-4077-9f17-31aef1cc0b95'),
 ('4', NULL, 'm140822_000001_allow_more_than_128_items_per_field', '2016-06-03 04:51:51', '2016-06-03 04:51:51', '2016-06-03 04:51:51', '91ed3862-69a2-412a-8e67-3ee26b6a57c6'),
 ('5', NULL, 'm140829_000001_single_title_formats', '2016-06-03 04:51:51', '2016-06-03 04:51:51', '2016-06-03 04:51:51', '230e590e-56ed-42f9-82cb-c27c9051ff05'),
 ('6', NULL, 'm140831_000001_extended_cache_keys', '2016-06-03 04:51:51', '2016-06-03 04:51:51', '2016-06-03 04:51:51', 'edbd4306-abab-4c6c-a331-9df1d77aaed7'),
 ('7', NULL, 'm140922_000001_delete_orphaned_matrix_blocks', '2016-06-03 04:51:51', '2016-06-03 04:51:51', '2016-06-03 04:51:51', 'c37b3615-412b-4410-92b0-d05158d50516'),
 ('8', NULL, 'm141008_000001_elements_index_tune', '2016-06-03 04:51:51', '2016-06-03 04:51:51', '2016-06-03 04:51:51', '2a52d06e-eb5f-4f18-9c14-6b213e0c524a'),
 ('9', NULL, 'm141009_000001_assets_source_handle', '2016-06-03 04:51:51', '2016-06-03 04:51:51', '2016-06-03 04:51:51', '43c3bee6-1886-4241-90fd-1b2ef773dfe7'),
 ('10', NULL, 'm141024_000001_field_layout_tabs', '2016-06-03 04:51:51', '2016-06-03 04:51:51', '2016-06-03 04:51:51', '5e8946e9-7585-4724-a808-448035b5bbc6'),
 ('11', NULL, 'm141030_000000_plugin_schema_versions', '2016-06-03 04:51:51', '2016-06-03 04:51:51', '2016-06-03 04:51:51', '8c65d51b-7a77-4908-9a84-0c586f9c6f5e'),
 ('12', NULL, 'm141030_000001_drop_structure_move_permission', '2016-06-03 04:51:51', '2016-06-03 04:51:51', '2016-06-03 04:51:51', 'ffa99f08-6e94-4975-ac79-7819f3b8e96e'),
 ('13', NULL, 'm141103_000001_tag_titles', '2016-06-03 04:51:51', '2016-06-03 04:51:51', '2016-06-03 04:51:51', '5c5fdbc4-b705-4033-959a-26d650dd79dc'),
 ('14', NULL, 'm141109_000001_user_status_shuffle', '2016-06-03 04:51:51', '2016-06-03 04:51:51', '2016-06-03 04:51:51', '22fab4ad-d3c9-43e1-84e5-b47602941be1'),
 ('15', NULL, 'm141126_000001_user_week_start_day', '2016-06-03 04:51:51', '2016-06-03 04:51:51', '2016-06-03 04:51:51', '58813180-d5bd-4232-a8cf-d65543f0d860'),
 ('16', NULL, 'm150210_000001_adjust_user_photo_size', '2016-06-03 04:51:51', '2016-06-03 04:51:51', '2016-06-03 04:51:51', '5c37b339-cde9-4efe-9e8b-6ac9d0fcc63b'),
 ('17', NULL, 'm150724_000001_adjust_quality_settings', '2016-06-03 04:51:51', '2016-06-03 04:51:51', '2016-06-03 04:51:51', '01953575-865d-46c7-8df5-ac2283c3343e'),
 ('18', NULL, 'm150827_000000_element_index_settings', '2016-06-03 04:51:51', '2016-06-03 04:51:51', '2016-06-03 04:51:51', '68d85531-9ae3-4f6c-ad37-0bd246ae2a6f'),
 ('19', NULL, 'm150918_000001_add_colspan_to_widgets', '2016-06-03 04:51:51', '2016-06-03 04:51:51', '2016-06-03 04:51:51', '6ae5cabe-68ec-4c80-9a51-6e4cac75dd15'),
 ('20', NULL, 'm151007_000000_clear_asset_caches', '2016-06-03 04:51:51', '2016-06-03 04:51:51', '2016-06-03 04:51:51', '08ca44c3-ebd8-4b3a-a90d-e7fcb60dc35c'),
 ('21', NULL, 'm151109_000000_text_url_formats', '2016-06-03 04:51:51', '2016-06-03 04:51:51', '2016-06-03 04:51:51', 'ee133352-40eb-40fe-ad2c-75cf6c8a91b8'),
 ('22', NULL, 'm151110_000000_move_logo', '2016-06-03 04:51:51', '2016-06-03 04:51:51', '2016-06-03 04:51:51', '4c6490e8-89d5-4746-bd0f-f9eb299c8de7'),
 ('23', NULL, 'm151117_000000_adjust_image_widthheight', '2016-06-03 04:51:51', '2016-06-03 04:51:51', '2016-06-03 04:51:51', 'd8a871e1-4ee1-4180-9f6b-70296cf54c4b'),
 ('24', NULL, 'm151127_000000_clear_license_key_status', '2016-06-03 04:51:51', '2016-06-03 04:51:51', '2016-06-03 04:51:51', '64b81e6a-7d52-475c-a730-42a3904e97cc'),
 ('25', NULL, 'm151127_000000_plugin_license_keys', '2016-06-03 04:51:51', '2016-06-03 04:51:51', '2016-06-03 04:51:51', '5486883d-754f-494f-b73f-c2fba6319d86'),
 ('26', NULL, 'm151130_000000_update_pt_widget_feeds', '2016-06-03 04:51:51', '2016-06-03 04:51:51', '2016-06-03 04:51:51', 'bdfe5eb7-2dff-4667-8ab4-97981cff4e80'),
 ('27', NULL, 'm160114_000000_asset_sources_public_url_default_true', '2016-06-03 04:51:51', '2016-06-03 04:51:51', '2016-06-03 04:51:51', 'bbf470fe-7b7e-4b6d-b615-1c570b14b174'),
 ('28', NULL, 'm160223_000000_sortorder_to_smallint', '2016-06-03 04:51:51', '2016-06-03 04:51:51', '2016-06-03 04:51:51', 'f1a1dd99-67bf-420b-af0a-e86d9c9008af'),
 ('29', NULL, 'm160229_000000_set_default_entry_statuses', '2016-06-03 04:51:51', '2016-06-03 04:51:51', '2016-06-03 04:51:51', 'd13a7e5a-332e-49eb-b355-5da8eac48c7f'),
 ('30', NULL, 'm160304_000000_client_permissions', '2016-06-03 04:51:51', '2016-06-03 04:51:51', '2016-06-03 04:51:51', '8a8e46c7-7a4d-4457-b915-06feb4c404f2'),
 ('31', NULL, 'm160322_000000_asset_filesize', '2016-06-03 04:51:51', '2016-06-03 04:51:51', '2016-06-03 04:51:51', '3db0843a-073a-419d-b594-6cea11744171'),
 ('32', NULL, 'm160503_000000_orphaned_fieldlayouts', '2016-06-03 04:51:51', '2016-06-03 04:51:51', '2016-06-03 04:51:51', '17110652-bebe-48f1-9e14-f62964251663'),
 ('33', NULL, 'm160510_000000_tasksettings', '2016-06-03 04:51:51', '2016-06-03 04:51:51', '2016-06-03 04:51:51', '4c592a13-5b63-45d4-8b93-45cde7fa6fe5'),
 ('34', '2', 'm151225_000000_seomatic_addHumansField', '2016-06-03 04:58:07', '2016-06-03 04:58:07', '2016-06-03 04:58:07', 'fe5a50c4-9eeb-4da1-9963-eb0cafda1dd5'),
 ('35', '2', 'm151226_000000_seomatic_addTwitterFacebookFields', '2016-06-03 04:58:07', '2016-06-03 04:58:07', '2016-06-03 04:58:07', '24d74690-1d87-4862-89a8-4f9823b043f1'),
 ('36', '2', 'm160101_000000_seomatic_addRobotsFields', '2016-06-03 04:58:07', '2016-06-03 04:58:07', '2016-06-03 04:58:07', '9a2cb131-525a-4e6a-a9d6-ab4fa3c41ef6'),
 ('37', '2', 'm160111_000000_seomatic_addTitleFields', '2016-06-03 04:58:07', '2016-06-03 04:58:07', '2016-06-03 04:58:07', '35d2d875-1309-4295-9fbd-29c06e5e592a'),
 ('38', '2', 'm160122_000000_seomatic_addTypeFields', '2016-06-03 04:58:07', '2016-06-03 04:58:07', '2016-06-03 04:58:07', '2efd1165-8285-4c60-bb80-76ea44316b04'),
 ('39', '2', 'm160123_000000_seomatic_addOpeningHours', '2016-06-03 04:58:07', '2016-06-03 04:58:07', '2016-06-03 04:58:07', 'aedb7d8c-9895-44e6-a3a9-fc5d3b6b3b2b'),
 ('40', '2', 'm160202_000000_seomatic_addSocialHandles', '2016-06-03 04:58:07', '2016-06-03 04:58:07', '2016-06-03 04:58:07', 'c2f79c4b-b18b-46cb-873f-90f84f28155e'),
 ('41', '2', 'm160204_000000_seomatic_addGoogleAnalytics', '2016-06-03 04:58:07', '2016-06-03 04:58:07', '2016-06-03 04:58:07', 'aae04c51-98d1-437c-a5c9-8d1762fb408d'),
 ('42', '2', 'm160205_000000_seomatic_addResturantMenu', '2016-06-03 04:58:07', '2016-06-03 04:58:07', '2016-06-03 04:58:07', '04dd234f-8861-475d-83af-07d86a05c014'),
 ('43', '2', 'm160206_000000_seomatic_addGoogleAnalyticsPlugins', '2016-06-03 04:58:07', '2016-06-03 04:58:07', '2016-06-03 04:58:07', '8bad927a-3018-47e6-878f-fad2d457d0f3'),
 ('44', '2', 'm160206_000000_seomatic_addGoogleAnalyticsSendPageView', '2016-06-03 04:58:07', '2016-06-03 04:58:07', '2016-06-03 04:58:07', 'd0663a42-8472-487c-b26a-d2434b3b0b0d'),
 ('45', '2', 'm160209_000000_seomatic_alterDescriptionsColumns', '2016-06-03 04:58:07', '2016-06-03 04:58:07', '2016-06-03 04:58:07', 'e60d59a7-b7d6-4e72-a552-cadf331c5ae0'),
 ('46', '2', 'm160209_000001_seomatic_addRobotsTxt', '2016-06-03 04:58:07', '2016-06-03 04:58:07', '2016-06-03 04:58:07', '7fb544b6-bd08-4533-ab9f-c7179b5e65d8'),
 ('47', '2', 'm160227_000000_seomatic_addFacebookAppId', '2016-06-03 04:58:07', '2016-06-03 04:58:07', '2016-06-03 04:58:07', 'c5898e1c-d39f-4d70-ad81-282292c55d80'),
 ('48', '2', 'm160416_000000_seomatic_addContactPoints', '2016-06-03 04:58:07', '2016-06-03 04:58:07', '2016-06-03 04:58:07', '4f66dddc-b65a-4f66-be6a-d7e391747a33'),
 ('49', '2', 'm160509_000000_seomatic_addSiteLinksBing', '2016-06-03 04:58:07', '2016-06-03 04:58:07', '2016-06-03 04:58:07', '5ca87b05-f35c-4d0e-bb0f-8f2397c3ab89'),
 ('50', '3', 'm160426_020311_retour_FixIndexes', '2016-06-03 05:40:27', '2016-06-03 05:40:27', '2016-06-03 05:40:27', 'a7806c93-0028-43d6-917a-69a0352afa44'),
 ('51', '3', 'm160427_000000_retour_addHandledStats', '2016-06-03 05:40:27', '2016-06-03 05:40:27', '2016-06-03 05:40:27', 'bf57a383-fe99-4797-a694-f7253d61f2cd'),
 ('52', '3', 'm160514_000000_retour_convertToElementId', '2016-06-03 05:40:27', '2016-06-03 05:40:27', '2016-06-03 05:40:27', '501a5f8d-a41d-4c3c-bec9-0a48d84a2982');



DROP TABLE IF EXISTS `craft_navee_navigations`;


--
-- Schema for table `craft_navee_navigations`
--
CREATE TABLE `craft_navee_navigations` (
  `id` int(11) NOT NULL AUTO_INCREMENT,
  `creatorId` int(11) DEFAULT NULL,
  `name` varchar(255) COLLATE utf8_unicode_ci NOT NULL,
  `handle` varchar(255) COLLATE utf8_unicode_ci NOT NULL,
  `maxLevels` int(10) DEFAULT NULL,
  `fieldLayoutId` int(10) DEFAULT NULL,
  `structureId` int(10) DEFAULT NULL,
  `dateCreated` datetime NOT NULL,
  `dateUpdated` datetime NOT NULL,
  `uid` char(36) COLLATE utf8_unicode_ci NOT NULL DEFAULT '0',
  PRIMARY KEY (`id`),
  UNIQUE KEY `craft_navee_navigations_name_unq_idx` (`name`),
  UNIQUE KEY `craft_navee_navigations_handle_unq_idx` (`handle`),
  KEY `craft_navee_navigations_fieldLayoutId_fk` (`fieldLayoutId`),
  KEY `craft_navee_navigations_creatorId_fk` (`creatorId`)
) ENGINE=InnoDB AUTO_INCREMENT=4 DEFAULT CHARSET=utf8 COLLATE=utf8_unicode_ci;

--
-- Data for table `craft_navee_navigations`
--

INSERT INTO `craft_navee_navigations` (`id`, `creatorId`, `name`, `handle`, `maxLevels`, `fieldLayoutId`, `structureId`, `dateCreated`, `dateUpdated`, `uid`) VALUES
 ('1', '1', 'Main Navigation', 'mainNavigation', NULL, '35', '2', '2016-06-03 07:05:07', '2016-06-03 07:05:07', 'e3c89c83-aa6f-4bf4-b949-cef58016879d'),
 ('2', '1', 'About ', 'about', NULL, '54', '4', '2016-06-03 13:53:41', '2016-06-03 13:53:41', 'da9e2380-ef42-476d-9091-4415e4cc813f'),
 ('3', '1', 'The Group', 'theGroup', NULL, '57', '6', '2016-06-03 19:11:31', '2016-06-03 19:11:31', '8a8e05da-a6e5-4fb2-83cb-0f239c7b5fd2');



DROP TABLE IF EXISTS `craft_navee_nodes`;


--
-- Schema for table `craft_navee_nodes`
--
CREATE TABLE `craft_navee_nodes` (
  `id` int(11) NOT NULL,
  `navigationId` int(11) NOT NULL,
  `linkType` enum('entryId','assetId','categoryId','customUri','none') COLLATE utf8_unicode_ci DEFAULT NULL,
  `entryId` int(10) DEFAULT NULL,
  `assetId` int(10) DEFAULT NULL,
  `categoryId` int(10) DEFAULT NULL,
  `customUri` varchar(255) COLLATE utf8_unicode_ci DEFAULT NULL,
  `class` varchar(255) COLLATE utf8_unicode_ci DEFAULT NULL,
  `idAttr` varchar(255) COLLATE utf8_unicode_ci DEFAULT NULL,
  `rel` varchar(255) COLLATE utf8_unicode_ci DEFAULT NULL,
  `name` varchar(255) COLLATE utf8_unicode_ci DEFAULT NULL,
  `titleAttr` varchar(255) COLLATE utf8_unicode_ci DEFAULT NULL,
  `accessKey` varchar(255) COLLATE utf8_unicode_ci DEFAULT NULL,
  `target` varchar(255) COLLATE utf8_unicode_ci DEFAULT NULL,
  `includeInNavigation` tinyint(1) unsigned NOT NULL DEFAULT '0',
  `passive` tinyint(1) unsigned NOT NULL DEFAULT '0',
  `userGroups` text COLLATE utf8_unicode_ci,
  `dateCreated` datetime NOT NULL,
  `dateUpdated` datetime NOT NULL,
  `uid` char(36) COLLATE utf8_unicode_ci NOT NULL DEFAULT '0',
  PRIMARY KEY (`id`),
  KEY `craft_navee_nodes_navigationId_fk` (`navigationId`)
) ENGINE=InnoDB DEFAULT CHARSET=utf8 COLLATE=utf8_unicode_ci;

--
-- Data for table `craft_navee_nodes`
--

INSERT INTO `craft_navee_nodes` (`id`, `navigationId`, `linkType`, `entryId`, `assetId`, `categoryId`, `customUri`, `class`, `idAttr`, `rel`, `name`, `titleAttr`, `accessKey`, `target`, `includeInNavigation`, `passive`, `userGroups`, `dateCreated`, `dateUpdated`, `uid`) VALUES
 ('66', '2', 'entryId', '44', NULL, NULL, '', 'landing-page', '', '', '', '', '', '', '1', '0', '[]', '2016-06-03 13:54:21', '2016-06-03 13:57:53', '7d1764be-19f3-48bd-a39d-1f133f26ed5d'),
 ('67', '2', 'entryId', '59', NULL, NULL, '', '', '', '', '', '', '', '', '1', '0', '[]', '2016-06-03 13:54:54', '2016-06-03 13:54:54', '4ab21d04-270b-4d8a-a40f-1328cb86adc5'),
 ('68', '2', 'entryId', '61', NULL, NULL, '', '', '', '', '', '', '', '', '1', '0', '[]', '2016-06-03 13:55:33', '2016-06-03 14:08:37', '7ef9222a-35b2-4870-8fd2-01f4664a3a90'),
 ('70', '2', 'entryId', '43', NULL, NULL, '', '', '', '', '', '', '', '', '1', '0', '[]', '2016-06-03 13:56:17', '2016-06-03 13:56:17', 'b6628ee6-37ea-43af-be62-e5fe5976e13c'),
 ('71', '2', 'entryId', '60', NULL, NULL, '', '', '', '', '', '', '', '', '1', '0', '[]', '2016-06-03 13:56:45', '2016-06-03 13:56:45', '80130309-c3ee-4493-9b51-4679ace290f4'),
 ('72', '2', 'entryId', '62', NULL, NULL, '', '', '', '', '', '', '', '', '1', '0', '[]', '2016-06-03 13:57:05', '2016-06-03 13:57:05', 'f8331e1f-6679-43b1-8fec-03c130514376'),
 ('73', '2', 'entryId', '63', NULL, NULL, '', '', '', '', '', '', '', '', '1', '0', '[]', '2016-06-03 13:57:32', '2016-06-03 13:57:32', 'da739ed6-cac3-4eb8-a717-6bdae8505e7a'),
 ('83', '3', 'entryId', '82', NULL, NULL, '', 'landing-page', '', '', '', '', '', '', '1', '0', '[]', '2016-06-03 19:12:12', '2016-06-03 19:12:22', '1f89feaf-367f-415a-85c4-99affd7bb4e6'),
 ('84', '3', 'entryId', '75', NULL, NULL, '', '', '', '', '', '', '', '', '1', '0', '[]', '2016-06-03 19:12:41', '2016-06-03 19:12:41', '684a03b0-bd5b-488d-90ae-fdd556db309c'),
 ('85', '3', 'entryId', '77', NULL, NULL, '', '', '', '', '', '', '', '', '1', '0', '[]', '2016-06-03 19:13:07', '2016-06-03 19:13:07', 'a5331d6b-ade6-42c4-9dc2-e3f243d2a142'),
 ('86', '3', 'entryId', '79', NULL, NULL, '', '', '', '', '', '', '', '', '1', '0', '[]', '2016-06-03 19:13:25', '2016-06-03 19:13:25', 'd289259d-46be-4506-8c48-aa0088a2fc0b'),
 ('87', '3', 'entryId', '81', NULL, NULL, '', '', '', '', '', '', '', '', '1', '0', '[]', '2016-06-03 19:13:49', '2016-06-03 19:13:49', '7a9e5160-e02b-4e88-bcaf-848e3dd71dfa');



DROP TABLE IF EXISTS `craft_plugins`;


--
-- Schema for table `craft_plugins`
--
CREATE TABLE `craft_plugins` (
  `id` int(11) NOT NULL AUTO_INCREMENT,
  `class` varchar(150) COLLATE utf8_unicode_ci NOT NULL,
  `version` varchar(15) COLLATE utf8_unicode_ci NOT NULL,
  `schemaVersion` varchar(15) COLLATE utf8_unicode_ci DEFAULT NULL,
  `licenseKey` char(24) COLLATE utf8_unicode_ci DEFAULT NULL,
  `licenseKeyStatus` enum('valid','invalid','mismatched','unknown') COLLATE utf8_unicode_ci NOT NULL DEFAULT 'unknown',
  `enabled` tinyint(1) unsigned NOT NULL DEFAULT '0',
  `settings` text COLLATE utf8_unicode_ci,
  `installDate` datetime NOT NULL,
  `dateCreated` datetime NOT NULL,
  `dateUpdated` datetime NOT NULL,
  `uid` char(36) COLLATE utf8_unicode_ci NOT NULL DEFAULT '0',
  PRIMARY KEY (`id`)
) ENGINE=InnoDB AUTO_INCREMENT=6 DEFAULT CHARSET=utf8 COLLATE=utf8_unicode_ci;

--
-- Data for table `craft_plugins`
--

INSERT INTO `craft_plugins` (`id`, `class`, `version`, `schemaVersion`, `licenseKey`, `licenseKeyStatus`, `enabled`, `settings`, `installDate`, `dateCreated`, `dateUpdated`, `uid`) VALUES
 ('2', 'Seomatic', '1.1.20', '1.1.15', NULL, 'unknown', '1', NULL, '2016-06-03 04:58:07', '2016-06-03 04:58:07', '2016-06-08 13:15:03', '62a27027-079b-4f21-b795-372e4b14f04d'),
 ('3', 'Retour', '1.0.9', '1.0.3', NULL, 'unknown', '1', NULL, '2016-06-03 05:40:27', '2016-06-03 05:40:27', '2016-06-08 13:15:03', '2ceb8d60-3dde-427a-a480-4fc69e95c69d'),
 ('4', 'Minify', '1.1.0', '1.0.0', NULL, 'unknown', '1', NULL, '2016-06-03 05:50:47', '2016-06-03 05:50:47', '2016-06-08 13:15:03', '56a9708b-0ac9-4fbf-81fc-f575a7bc2510'),
 ('5', 'Navee', '1.0.4', NULL, NULL, 'unknown', '1', NULL, '2016-06-03 07:04:38', '2016-06-03 07:04:38', '2016-06-08 13:15:03', '9602ce6d-eb07-4bd5-8a6a-5214cbdf8baa');



DROP TABLE IF EXISTS `craft_rackspaceaccess`;


--
-- Schema for table `craft_rackspaceaccess`
--
CREATE TABLE `craft_rackspaceaccess` (
  `id` int(11) NOT NULL AUTO_INCREMENT,
  `connectionKey` varchar(255) COLLATE utf8_unicode_ci NOT NULL,
  `token` varchar(255) COLLATE utf8_unicode_ci NOT NULL,
  `storageUrl` varchar(255) COLLATE utf8_unicode_ci NOT NULL,
  `cdnUrl` varchar(255) COLLATE utf8_unicode_ci NOT NULL,
  `dateCreated` datetime NOT NULL,
  `dateUpdated` datetime NOT NULL,
  `uid` char(36) COLLATE utf8_unicode_ci NOT NULL DEFAULT '0',
  PRIMARY KEY (`id`),
  UNIQUE KEY `craft_rackspaceaccess_connectionKey_unq_idx` (`connectionKey`)
) ENGINE=InnoDB DEFAULT CHARSET=utf8 COLLATE=utf8_unicode_ci;

DROP TABLE IF EXISTS `craft_relations`;


--
-- Schema for table `craft_relations`
--
CREATE TABLE `craft_relations` (
  `id` int(11) NOT NULL AUTO_INCREMENT,
  `fieldId` int(11) NOT NULL,
  `sourceId` int(11) NOT NULL,
  `sourceLocale` char(12) COLLATE utf8_unicode_ci DEFAULT NULL,
  `targetId` int(11) NOT NULL,
  `sortOrder` smallint(6) DEFAULT NULL,
  `dateCreated` datetime NOT NULL,
  `dateUpdated` datetime NOT NULL,
  `uid` char(36) COLLATE utf8_unicode_ci NOT NULL DEFAULT '0',
  PRIMARY KEY (`id`),
  UNIQUE KEY `craft_relations_fieldId_sourceId_sourceLocale_targetId_unq_idx` (`fieldId`,`sourceId`,`sourceLocale`,`targetId`),
  KEY `craft_relations_sourceId_fk` (`sourceId`),
  KEY `craft_relations_sourceLocale_fk` (`sourceLocale`),
  KEY `craft_relations_targetId_fk` (`targetId`)
) ENGINE=InnoDB AUTO_INCREMENT=227 DEFAULT CHARSET=utf8 COLLATE=utf8_unicode_ci;

--
-- Data for table `craft_relations`
--

INSERT INTO `craft_relations` (`id`, `fieldId`, `sourceId`, `sourceLocale`, `targetId`, `sortOrder`, `dateCreated`, `dateUpdated`, `uid`) VALUES
 ('91', '12', '5', NULL, '18', '1', '2016-06-03 09:02:29', '2016-06-03 09:02:29', '00888989-ce3e-415a-ae9d-4ad1c2e44191'),
 ('92', '13', '5', NULL, '17', '1', '2016-06-03 09:02:29', '2016-06-03 09:02:29', '8f786efa-7dad-4856-a0cb-72c281ef01de'),
 ('93', '15', '30', NULL, '13', '1', '2016-06-03 09:02:29', '2016-06-03 09:02:29', '8ab923d0-15c3-48dc-beed-b3371bca882c'),
 ('94', '15', '30', NULL, '12', '2', '2016-06-03 09:02:29', '2016-06-03 09:02:29', 'f47eabbd-0eda-4f87-a4a7-49b0c3cf0cfa'),
 ('95', '15', '30', NULL, '14', '3', '2016-06-03 09:02:29', '2016-06-03 09:02:29', '35e1f5cc-f3dd-4f2a-bcbb-ca26197a90a2'),
 ('96', '15', '30', NULL, '11', '4', '2016-06-03 09:02:29', '2016-06-03 09:02:29', '90476268-e23d-42d7-b666-ce59e1b83bad'),
 ('97', '15', '30', NULL, '10', '5', '2016-06-03 09:02:29', '2016-06-03 09:02:29', '39ffcafc-924e-48c3-ba30-69cd2150f211'),
 ('98', '15', '30', NULL, '9', '6', '2016-06-03 09:02:29', '2016-06-03 09:02:29', '6e99bdca-a4e2-4245-9a7f-22b5c505a7ba'),
 ('99', '12', '31', NULL, '16', '1', '2016-06-03 09:02:41', '2016-06-03 09:02:41', '9dae5cc7-def5-414d-882a-ced2611fac8c'),
 ('100', '13', '31', NULL, '15', '1', '2016-06-03 09:02:41', '2016-06-03 09:02:41', '5f4c4015-99dc-418b-882a-680d23873d20'),
 ('101', '12', '33', NULL, '21', '1', '2016-06-03 09:02:51', '2016-06-03 09:02:51', '32ca6384-36d0-415f-9be9-4690f5f0ea5e'),
 ('102', '13', '33', NULL, '27', '1', '2016-06-03 09:02:51', '2016-06-03 09:02:51', '1f96df4f-62a9-4aa9-b50a-4051c0052e4b'),
 ('103', '12', '35', NULL, '20', '1', '2016-06-03 09:03:01', '2016-06-03 09:03:01', '6808dff9-a012-4eeb-b2a7-c820ed7acd0b'),
 ('104', '13', '35', NULL, '26', '1', '2016-06-03 09:03:01', '2016-06-03 09:03:01', '66165065-16de-4d10-8eca-e5ce8665b644'),
 ('105', '12', '37', NULL, '22', '1', '2016-06-03 09:03:11', '2016-06-03 09:03:11', 'a72bf47a-747f-4576-bb50-cbd69c2be930'),
 ('106', '13', '37', NULL, '28', '1', '2016-06-03 09:03:11', '2016-06-03 09:03:11', 'b1f02b03-ce11-4060-a798-255ce5b232e5'),
 ('107', '12', '39', NULL, '19', '1', '2016-06-03 09:03:23', '2016-06-03 09:03:23', 'c427db29-9307-4a31-9e3a-6f35891a7ae2'),
 ('108', '13', '39', NULL, '25', '1', '2016-06-03 09:03:23', '2016-06-03 09:03:23', '47193859-3171-444c-854f-fbad7190082f'),
 ('150', '26', '53', NULL, '44', '1', '2016-06-03 12:05:04', '2016-06-03 12:05:04', 'fca3189c-2620-4122-8bb7-a49a788f8440'),
 ('151', '26', '53', NULL, '43', '2', '2016-06-03 12:05:04', '2016-06-03 12:05:04', '9be40ceb-ced9-4772-95f2-17eb88400b1e'),
 ('183', '33', '52', NULL, '37', '1', '2016-06-03 12:49:16', '2016-06-03 12:49:16', '4253a970-8ba4-4a1c-9a94-3e85a38dabc5'),
 ('211', '34', '44', NULL, '45', '1', '2016-06-03 13:51:15', '2016-06-03 13:51:15', 'aa1bef83-86b4-461a-a7bf-69b5dd822a91'),
 ('212', '17', '44', NULL, '46', '1', '2016-06-03 13:51:15', '2016-06-03 13:51:15', '48dbc714-5923-421e-87dc-e0b1be1f886c'),
 ('213', '19', '50', NULL, '47', '1', '2016-06-03 13:51:15', '2016-06-03 13:51:15', '796e2cc1-9538-4962-a5ff-a87dd9f46588'),
 ('214', '21', '50', NULL, '33', '1', '2016-06-03 13:51:15', '2016-06-03 13:51:15', 'bf004475-0fa0-4569-a70d-7c09b91fa998'),
 ('215', '19', '51', NULL, '48', '1', '2016-06-03 13:51:15', '2016-06-03 13:51:15', '9160cebd-c19d-4221-aa5e-453b0255497f'),
 ('216', '21', '51', NULL, '61', '1', '2016-06-03 13:51:15', '2016-06-03 13:51:15', 'b4eaa448-f4c3-43c6-934e-e187bb44276a'),
 ('217', '28', '56', NULL, '58', '1', '2016-06-03 13:51:15', '2016-06-03 13:51:15', '5c3f01e2-86a1-4db9-a569-5c1ff164e2d4'),
 ('218', '30', '56', NULL, '60', '1', '2016-06-03 13:51:15', '2016-06-03 13:51:15', '6fe68eea-d8c8-4c2b-9ff4-ce0d92adb99c'),
 ('219', '28', '57', NULL, '55', '1', '2016-06-03 13:51:15', '2016-06-03 13:51:15', 'b8fa833a-a58c-4cd9-bc45-f26593593da1'),
 ('220', '30', '57', NULL, '62', '1', '2016-06-03 13:51:15', '2016-06-03 13:51:15', '9e168c03-b473-41cd-953f-404b748ea5df'),
 ('221', '24', '53', NULL, '49', '1', '2016-06-03 13:51:15', '2016-06-03 13:51:15', '729e3713-85bd-4daf-a589-eefca03bfeb4'),
 ('223', '12', '75', NULL, '74', '1', '2016-06-03 18:38:47', '2016-06-03 18:38:47', 'c3390ca8-5afb-4408-9b19-f88f37d7a0df'),
 ('224', '12', '77', NULL, '76', '1', '2016-06-03 18:44:14', '2016-06-03 18:44:14', 'c4c3044b-2890-45c6-8fcc-16b02c7ea636'),
 ('225', '12', '79', NULL, '78', '1', '2016-06-03 18:46:13', '2016-06-03 18:46:13', 'a82ce7f8-522a-461c-8093-333e94dda7cd'),
 ('226', '12', '81', NULL, '80', '1', '2016-06-03 18:47:29', '2016-06-03 18:47:29', '00801ea6-3810-4b46-a973-244ba940ffbf');



DROP TABLE IF EXISTS `craft_retour_redirects`;


--
-- Schema for table `craft_retour_redirects`
--
CREATE TABLE `craft_retour_redirects` (
  `id` int(11) NOT NULL AUTO_INCREMENT,
  `associatedElementId` int(11) NOT NULL,
  `redirectSrcUrl` varchar(255) COLLATE utf8_unicode_ci DEFAULT '',
  `redirectSrcUrlParsed` varchar(255) COLLATE utf8_unicode_ci DEFAULT '',
  `redirectMatchType` varchar(255) COLLATE utf8_unicode_ci DEFAULT 'match',
  `redirectDestUrl` varchar(255) COLLATE utf8_unicode_ci DEFAULT '',
  `redirectHttpCode` int(10) DEFAULT '301',
  `hitCount` int(10) DEFAULT '0',
  `hitLastTime` datetime DEFAULT '2016-06-03 05:40:27',
  `locale` char(12) COLLATE utf8_unicode_ci NOT NULL,
  `dateCreated` datetime NOT NULL,
  `dateUpdated` datetime NOT NULL,
  `uid` char(36) COLLATE utf8_unicode_ci NOT NULL DEFAULT '0',
  PRIMARY KEY (`id`),
  UNIQUE KEY `craft_retour_redirects_redirectSrcUrlParsed_unq_idx` (`redirectSrcUrlParsed`),
  KEY `craft_retour_redirects_locale_associatedElementId_idx` (`locale`,`associatedElementId`),
  KEY `craft_retour_redirects_associatedElementId_fk` (`associatedElementId`)
) ENGINE=InnoDB DEFAULT CHARSET=utf8 COLLATE=utf8_unicode_ci;

DROP TABLE IF EXISTS `craft_retour_static_redirects`;


--
-- Schema for table `craft_retour_static_redirects`
--
CREATE TABLE `craft_retour_static_redirects` (
  `id` int(11) NOT NULL AUTO_INCREMENT,
  `redirectSrcUrl` varchar(255) COLLATE utf8_unicode_ci DEFAULT '',
  `redirectSrcUrlParsed` varchar(255) COLLATE utf8_unicode_ci DEFAULT '',
  `redirectMatchType` varchar(255) COLLATE utf8_unicode_ci DEFAULT 'match',
  `redirectDestUrl` varchar(255) COLLATE utf8_unicode_ci DEFAULT '',
  `redirectHttpCode` int(10) DEFAULT '301',
  `hitCount` int(10) DEFAULT '0',
  `hitLastTime` datetime DEFAULT '2016-06-03 05:40:27',
  `locale` char(12) COLLATE utf8_unicode_ci NOT NULL,
  `associatedElementId` int(10) DEFAULT '0',
  `dateCreated` datetime NOT NULL,
  `dateUpdated` datetime NOT NULL,
  `uid` char(36) COLLATE utf8_unicode_ci NOT NULL DEFAULT '0',
  PRIMARY KEY (`id`),
  UNIQUE KEY `craft_retour_static_redirects_redirectSrcUrlParsed_unq_idx` (`redirectSrcUrlParsed`),
  KEY `craft_retour_static_redirects_locale_id_idx` (`locale`,`id`)
) ENGINE=InnoDB DEFAULT CHARSET=utf8 COLLATE=utf8_unicode_ci;

DROP TABLE IF EXISTS `craft_retour_stats`;


--
-- Schema for table `craft_retour_stats`
--
CREATE TABLE `craft_retour_stats` (
  `id` int(11) NOT NULL AUTO_INCREMENT,
  `redirectSrcUrl` varchar(255) COLLATE utf8_unicode_ci DEFAULT '',
  `hitCount` int(10) DEFAULT '0',
  `hitLastTime` datetime DEFAULT '2016-06-03 05:40:27',
  `handledByRetour` tinyint(1) unsigned NOT NULL DEFAULT '0',
  `dateCreated` datetime NOT NULL,
  `dateUpdated` datetime NOT NULL,
  `uid` char(36) COLLATE utf8_unicode_ci NOT NULL DEFAULT '0',
  PRIMARY KEY (`id`),
  UNIQUE KEY `craft_retour_stats_redirectSrcUrl_unq_idx` (`redirectSrcUrl`),
  KEY `craft_retour_stats_hitCount_id_idx` (`hitCount`,`id`)
) ENGINE=InnoDB AUTO_INCREMENT=25 DEFAULT CHARSET=utf8 COLLATE=utf8_unicode_ci;

--
-- Data for table `craft_retour_stats`
--

INSERT INTO `craft_retour_stats` (`id`, `redirectSrcUrl`, `hitCount`, `hitLastTime`, `handledByRetour`, `dateCreated`, `dateUpdated`, `uid`) VALUES
 ('1', '/about', '8', '2016-06-03 10:03:05', '0', '2016-06-03 05:47:22', '2016-06-03 10:03:05', 'dbecf3fc-b9ae-4cff-895e-72f7124c38a2'),
 ('2', '/about/', '2', '2016-06-03 09:56:55', '0', '2016-06-03 08:43:41', '2016-06-03 09:56:55', '199bf425-3262-4a77-817c-f5080664f827'),
 ('3', '/about/what-we-do.html', '14', '2016-06-03 18:48:31', '0', '2016-06-03 08:44:57', '2016-06-03 18:48:31', '66452abd-fb0a-4f50-81e1-55a27c2e6e50'),
 ('4', '/index.php/about/ahmed-akhter-qazi', '1', '2016-06-03 08:59:16', '0', '2016-06-03 08:59:16', '2016-06-03 08:59:16', 'aecdd826-e2a6-4ec9-bd30-739c2929b381'),
 ('5', '/about/board/julius-e-sea.html', '1', '2016-06-03 09:22:34', '0', '2016-06-03 09:22:34', '2016-06-03 09:22:34', '26a7dd78-fc67-4fd6-b4d2-e52dce3f76e8'),
 ('6', '/about/board-and-executive-team.html', '4', '2016-06-03 12:32:26', '0', '2016-06-03 09:35:48', '2016-06-03 12:32:26', '90039da5-8c26-4256-a3b4-33dc4417ed5a'),
 ('7', '/the-group', '8', '2016-06-03 18:58:52', '0', '2016-06-03 09:46:53', '2016-06-03 18:58:52', '3d354b96-2e15-49af-bd75-3cfa91565f6f'),
 ('8', '/about/vision-and-mission.html', '3', '2016-06-03 14:08:49', '0', '2016-06-03 09:55:32', '2016-06-03 14:08:49', 'a9b03079-30a5-4951-9894-5f7d808875d1'),
 ('9', '/about/message-from-the-ceo', '3', '2016-06-03 18:54:35', '0', '2016-06-03 11:51:52', '2016-06-03 18:54:35', 'c218e861-2cc5-4153-8503-fe4c71d3a269'),
 ('10', '/about/our-strategy', '2', '2016-06-03 18:54:02', '0', '2016-06-03 12:32:38', '2016-06-03 18:54:02', 'c417a8c4-9623-4dc1-a95d-9cf8374588db'),
 ('11', '/index.php/about/message-from-the-ceo', '1', '2016-06-03 13:25:52', '0', '2016-06-03 13:25:52', '2016-06-03 13:25:52', 'faf24a58-4b71-4db7-83b2-dc566e3d271f'),
 ('12', '/about/people-and-values.html', '2', '2016-06-03 13:40:43', '0', '2016-06-03 13:26:03', '2016-06-03 13:40:43', '16997967-e196-4ee9-8e59-973f78084852'),
 ('13', '/index.php/about/awards-and-recognition-1', '1', '2016-06-03 13:44:36', '0', '2016-06-03 13:44:36', '2016-06-03 13:44:36', '2d250778-7c84-48de-a085-9f6cd87ea9bd'),
 ('14', '/about/our-achievements-and-awards', '1', '2016-06-03 13:50:22', '0', '2016-06-03 13:50:22', '2016-06-03 13:50:22', '816c1196-9077-4c51-83ee-22016c8511cf'),
 ('15', '/about/awards-and-recognition.html', '1', '2016-06-03 14:13:47', '0', '2016-06-03 14:13:47', '2016-06-03 14:13:47', '046920b4-ef77-4c0a-88a2-7cd3e3f75904'),
 ('16', '/index.php/the-group', '2', '2016-06-03 18:58:48', '0', '2016-06-03 18:58:44', '2016-06-03 18:58:48', 'c85a9f89-dd95-49df-9304-682847095b98'),
 ('17', '/Nexttee', '1', '2016-06-03 19:08:05', '0', '2016-06-03 19:08:05', '2016-06-03 19:08:05', 'c736ed1e-1d2f-46dc-84c8-c66b6199a2f9'),
 ('18', '/Dacl', '1', '2016-06-03 19:08:06', '0', '2016-06-03 19:08:06', '2016-06-03 19:08:06', '559b9520-402d-48ac-98d7-df8147dd545e'),
 ('19', '/Brittania%20U%20Drilling', '1', '2016-06-03 19:08:06', '0', '2016-06-03 19:08:06', '2016-06-03 19:08:06', '213559d8-3ac5-40b1-a78d-ce2bc104e89e'),
 ('20', '/Brittania%20U%20Small', '1', '2016-06-03 19:08:06', '0', '2016-06-03 19:08:06', '2016-06-03 19:08:06', 'a21b4083-4d61-45ed-86eb-e7f98bc22b2c'),
 ('21', '/the-group/the-group', '1', '2016-06-03 19:26:27', '0', '2016-06-03 19:26:27', '2016-06-03 19:26:27', 'c7486b6f-eb7b-499e-91e0-3f2985f68cf4'),
 ('22', '/the-group/group-organisation.html', '1', '2016-06-03 19:31:17', '0', '2016-06-03 19:31:17', '2016-06-03 19:31:17', '4f93cb65-cfbf-4167-9fc0-2d6f1c7a62d7'),
 ('23', '/our-committment', '3', '2016-06-08 07:39:34', '0', '2016-06-08 07:39:23', '2016-06-08 07:39:34', 'f51c204b-0043-4063-b24b-eef3239f8abd'),
 ('24', '/contact', '2', '2016-06-08 07:39:32', '0', '2016-06-08 07:39:27', '2016-06-08 07:39:32', 'd1b7bc30-7857-4e75-a05e-a3b097619ddd');



DROP TABLE IF EXISTS `craft_routes`;


--
-- Schema for table `craft_routes`
--
CREATE TABLE `craft_routes` (
  `id` int(11) NOT NULL AUTO_INCREMENT,
  `locale` char(12) COLLATE utf8_unicode_ci DEFAULT NULL,
  `urlParts` varchar(255) COLLATE utf8_unicode_ci NOT NULL,
  `urlPattern` varchar(255) COLLATE utf8_unicode_ci NOT NULL,
  `template` varchar(255) COLLATE utf8_unicode_ci NOT NULL,
  `sortOrder` smallint(6) unsigned DEFAULT NULL,
  `dateCreated` datetime NOT NULL,
  `dateUpdated` datetime NOT NULL,
  `uid` char(36) COLLATE utf8_unicode_ci NOT NULL DEFAULT '0',
  PRIMARY KEY (`id`),
  UNIQUE KEY `craft_routes_urlPattern_unq_idx` (`urlPattern`),
  KEY `craft_routes_locale_idx` (`locale`)
) ENGINE=InnoDB DEFAULT CHARSET=utf8 COLLATE=utf8_unicode_ci;

DROP TABLE IF EXISTS `craft_searchindex`;


--
-- Schema for table `craft_searchindex`
--
CREATE TABLE `craft_searchindex` (
  `elementId` int(11) NOT NULL,
  `attribute` varchar(25) COLLATE utf8_unicode_ci NOT NULL,
  `fieldId` int(11) NOT NULL,
  `locale` char(12) COLLATE utf8_unicode_ci NOT NULL,
  `keywords` text COLLATE utf8_unicode_ci NOT NULL,
  PRIMARY KEY (`elementId`,`attribute`,`fieldId`,`locale`),
  FULLTEXT KEY `craft_searchindex_keywords_idx` (`keywords`)
) ENGINE=MyISAM DEFAULT CHARSET=utf8 COLLATE=utf8_unicode_ci;

--
-- Data for table `craft_searchindex`
--

INSERT INTO `craft_searchindex` (`elementId`, `attribute`, `fieldId`, `locale`, `keywords`) VALUES
 ('1', 'username', '0', 'en_us', ' brittania '),
 ('1', 'firstname', '0', 'en_us', ''),
 ('1', 'lastname', '0', 'en_us', ''),
 ('1', 'fullname', '0', 'en_us', ''),
 ('1', 'email', '0', 'en_us', ' javik live com '),
 ('1', 'slug', '0', 'en_us', ''),
 ('2', 'slug', '0', 'en_us', ' homepage '),
 ('2', 'title', '0', 'en_us', ' brittania u '),
 ('2', 'field', '1', 'en_us', ' it s true this site doesn t have a whole lot of content yet but don t worry our web developers have just installed the cms and they re setting things up for the content editors this very moment soon craft dev will be an oasis of fresh perspectives sharp analyses and astute opinions that will keep you coming back again and again '),
 ('3', 'field', '1', 'en_us', ' craft is the cms that s powering craft dev it s beautiful powerful flexible and easy to use and it s made by pixel tonic we can t wait to dive in and see what it s capable of this is even more captivating content which you couldn t see on the news index page because it was entered after a page break and the news index template only likes to show the content on the first page craft a nice alternative to word if you re making a website '),
 ('3', 'field', '2', 'en_us', ''),
 ('3', 'slug', '0', 'en_us', ''),
 ('3', 'title', '0', 'en_us', ' we just installed craft '),
 ('4', 'slug', '0', 'en_us', ''),
 ('4', 'title', '0', 'en_us', ' seo tab '),
 ('2', 'field', '3', 'en_us', ' 1 en_us 1 0 template summary website field title custom title custom title custom '),
 ('5', 'field', '8', 'en_us', ' mrs ifejika has been recognised for her various achievements in the energy sector and in different organisations in recognition of her sterling leadership managerial achievements she has been recognised and won many accolades some of which are nigeria women 50 50 awards global business ambassador this day annual award recognition for 45 women of excellence and distinction african oil gas amazon of the year award 2011 african most outstanding businesswoman gold award of excellence african business woman of the year 2012 african female energy leaders of the year award in the united kingdom by the center for economic leadership development 2012 african female energy leaders of the year award in the united kingdom by the center for economic leadership development the nigerian trailblazers award the nigerian trailblazers award montage african woman of excellence award 2013 montage african woman of excellence award 2013 '),
 ('5', 'field', '12', 'en_us', ' catherine uju ifejika '),
 ('5', 'field', '4', 'en_us', ' chairman chief executive officer '),
 ('5', 'field', '5', 'en_us', ' catherine is the first and so far the only woman to become chair and ceo of an upstream ep company in nigeria a graduate of ahmadu bello university zaria catherine obtained a diploma in law and an llb hons in 1985 and promptly called to the nigerian bar in 1986 she is a member of the nigerian bar association a fellow of the institute of arbitration and conciliation as well as a member of the institute of chartered secretaries and administrators her career in the petroleum industry started when she joined texaco s legal department as junior counsel in 1987 and rose swiftly to become company secretary in 1997 in 2003 her government and public affairs responsibilities were extended to cameroon togo benin cote d ivoire and the democratic republic of congo she joined brittania u nigeria limited in 2007 as chair ceo and has since steered the indigenous company to its current market leading position formerly on the board of directors of the federal ministry of arts and culture 2001 2002 catherine s leadership of brittania u has brought a number significant firsts the ajapa floating production storage unit 100% owned and operated by the company produced its first oil from drilling in 17 months a feat yet to be equaled by any other company of its kind in nigeria she has set up six subsidiary companies in seven years receiving numerous awards for good governance and management in nigeria the us china and europe '),
 ('5', 'field', '3', 'en_us', ' 1 en_us 1 0 template catherine is the chairman chief executive officer of brittania u she is the first woman to become chair and ceo of an upstream e p company in nigeria catherine brittania u uju ifejika upstream e p summary website field title custom title custom title field mainimage '),
 ('5', 'slug', '0', 'en_us', ' catherine uju ifejika '),
 ('5', 'title', '0', 'en_us', ' catherine uju ifejika '),
 ('6', 'filename', '0', 'en_us', ' award1 jpg '),
 ('6', 'extension', '0', 'en_us', ' jpg '),
 ('6', 'kind', '0', 'en_us', ' image '),
 ('6', 'slug', '0', 'en_us', ''),
 ('6', 'title', '0', 'en_us', ' award1 '),
 ('7', 'filename', '0', 'en_us', ' award2 jpg '),
 ('7', 'extension', '0', 'en_us', ' jpg '),
 ('7', 'kind', '0', 'en_us', ' image '),
 ('7', 'slug', '0', 'en_us', ''),
 ('7', 'title', '0', 'en_us', ' award2 '),
 ('8', 'filename', '0', 'en_us', ' award3 jpg '),
 ('8', 'extension', '0', 'en_us', ' jpg '),
 ('8', 'kind', '0', 'en_us', ' image '),
 ('8', 'slug', '0', 'en_us', ''),
 ('8', 'title', '0', 'en_us', ' award3 '),
 ('9', 'filename', '0', 'en_us', ' uju ifejika african business woman of the year jpg '),
 ('9', 'extension', '0', 'en_us', ' jpg '),
 ('9', 'kind', '0', 'en_us', ' image '),
 ('9', 'slug', '0', 'en_us', ' uju ifejika african business woman of the year '),
 ('9', 'title', '0', 'en_us', ' african business woman of the year '),
 ('10', 'filename', '0', 'en_us', ' uju ifejika african most outstanding business woman gold award of excelence jpg '),
 ('10', 'extension', '0', 'en_us', ' jpg '),
 ('10', 'kind', '0', 'en_us', ' image '),
 ('10', 'slug', '0', 'en_us', ' uju ifejika african most outstanding business woman gold award of excelence '),
 ('10', 'title', '0', 'en_us', ' african most outstanding businesswoman gold award of excellence '),
 ('11', 'filename', '0', 'en_us', ' uju ifejika african oil and gas amazon of the year award 2011 jpg '),
 ('11', 'extension', '0', 'en_us', ' jpg '),
 ('11', 'kind', '0', 'en_us', ' image '),
 ('11', 'slug', '0', 'en_us', ' uju ifejika african oil and gas amazon of the year award 2011 '),
 ('11', 'title', '0', 'en_us', ' african oil gas amazon of the year award 2011 '),
 ('12', 'filename', '0', 'en_us', ' uju ifejika global business ambassador jpg '),
 ('12', 'extension', '0', 'en_us', ' jpg '),
 ('12', 'kind', '0', 'en_us', ' image '),
 ('12', 'slug', '0', 'en_us', ' uju ifejika global business ambassador '),
 ('12', 'title', '0', 'en_us', ' global business ambassador '),
 ('13', 'filename', '0', 'en_us', ' uju ifejika nigeria 50 50 award jpg '),
 ('13', 'extension', '0', 'en_us', ' jpg '),
 ('13', 'kind', '0', 'en_us', ' image '),
 ('13', 'slug', '0', 'en_us', ' uju ifejika nigeria 50 50 award '),
 ('13', 'title', '0', 'en_us', ' nigeria women 50 50 awards '),
 ('14', 'filename', '0', 'en_us', ' uju ifejika this day award jpg '),
 ('14', 'extension', '0', 'en_us', ' jpg '),
 ('14', 'kind', '0', 'en_us', ' image '),
 ('14', 'slug', '0', 'en_us', ' uju ifejika this day award '),
 ('14', 'title', '0', 'en_us', ' this day annual award recognition for 45 women of excellence and distinction '),
 ('15', 'filename', '0', 'en_us', ' ahmed akhter qazi main jpg '),
 ('15', 'extension', '0', 'en_us', ' jpg '),
 ('15', 'kind', '0', 'en_us', ' image '),
 ('15', 'slug', '0', 'en_us', ' ahmed akhter qazi main '),
 ('15', 'title', '0', 'en_us', ' ahmed akhter qazi chief financial officer brittania u '),
 ('16', 'filename', '0', 'en_us', ' ahmed akhter qazi jpg '),
 ('16', 'extension', '0', 'en_us', ' jpg '),
 ('16', 'kind', '0', 'en_us', ' image '),
 ('16', 'slug', '0', 'en_us', ''),
 ('16', 'title', '0', 'en_us', ' ahmed akhter qazi '),
 ('17', 'filename', '0', 'en_us', ' catherine uju ifejika main jpg '),
 ('17', 'extension', '0', 'en_us', ' jpg '),
 ('17', 'kind', '0', 'en_us', ' image '),
 ('17', 'slug', '0', 'en_us', ' catherine uju ifejika main '),
 ('17', 'title', '0', 'en_us', ' catherine uju ifejika chairman chief executive officer brittania u '),
 ('18', 'filename', '0', 'en_us', ' catherine uju ifejika jpg '),
 ('18', 'extension', '0', 'en_us', ' jpg '),
 ('18', 'kind', '0', 'en_us', ' image '),
 ('18', 'slug', '0', 'en_us', ''),
 ('18', 'title', '0', 'en_us', ' catherine uju ifejika '),
 ('19', 'filename', '0', 'en_us', ' chibuzor steve nwaogu jpg '),
 ('19', 'extension', '0', 'en_us', ' jpg '),
 ('19', 'kind', '0', 'en_us', ' image '),
 ('19', 'slug', '0', 'en_us', ''),
 ('19', 'title', '0', 'en_us', ' chibuzor steve nwaogu '),
 ('20', 'filename', '0', 'en_us', ' julius e sea jpg '),
 ('20', 'extension', '0', 'en_us', ' jpg '),
 ('20', 'kind', '0', 'en_us', ' image '),
 ('20', 'slug', '0', 'en_us', ''),
 ('20', 'title', '0', 'en_us', ' julius e sea '),
 ('21', 'filename', '0', 'en_us', ' nwafor chukwuemeka jpg '),
 ('21', 'extension', '0', 'en_us', ' jpg ');
INSERT INTO `craft_searchindex` (`elementId`, `attribute`, `fieldId`, `locale`, `keywords`) VALUES
 ('21', 'kind', '0', 'en_us', ' image '),
 ('21', 'slug', '0', 'en_us', ''),
 ('21', 'title', '0', 'en_us', ' nwafor chukwuemeka '),
 ('22', 'filename', '0', 'en_us', ' oluremi odutola jpg '),
 ('22', 'extension', '0', 'en_us', ' jpg '),
 ('22', 'kind', '0', 'en_us', ' image '),
 ('22', 'slug', '0', 'en_us', ''),
 ('22', 'title', '0', 'en_us', ' oluremi odutola '),
 ('5', 'field', '13', 'en_us', ' catherine uju ifejika chairman chief executive officer brittania u '),
 ('25', 'filename', '0', 'en_us', ' chibuzor steve nwaogu main jpg '),
 ('25', 'extension', '0', 'en_us', ' jpg '),
 ('25', 'kind', '0', 'en_us', ' image '),
 ('25', 'slug', '0', 'en_us', ' chibuzor steve nwaogu main '),
 ('25', 'title', '0', 'en_us', ' chibuzor steve nwaogu supply chain manager procurement inventory brittania u '),
 ('26', 'filename', '0', 'en_us', ' julius e sea main jpg '),
 ('26', 'extension', '0', 'en_us', ' jpg '),
 ('26', 'kind', '0', 'en_us', ' image '),
 ('26', 'slug', '0', 'en_us', ' julius e sea main '),
 ('26', 'title', '0', 'en_us', ' julius e sea manager warri operations brittania u '),
 ('27', 'filename', '0', 'en_us', ' nwafor chukwuemeka main jpg '),
 ('27', 'extension', '0', 'en_us', ' jpg '),
 ('27', 'kind', '0', 'en_us', ' image '),
 ('27', 'slug', '0', 'en_us', ' nwafor chukwuemeka main '),
 ('27', 'title', '0', 'en_us', ' nwafor chukwuemeka manager exploration production brittania u '),
 ('28', 'filename', '0', 'en_us', ' oluremi odutola main jpg '),
 ('28', 'extension', '0', 'en_us', ' jpg '),
 ('28', 'kind', '0', 'en_us', ' image '),
 ('28', 'slug', '0', 'en_us', ' oluremi odutola main '),
 ('28', 'title', '0', 'en_us', ' oluremi odutola manager compensation benefits '),
 ('29', 'field', '6', 'en_us', ' catherine is the first and so far the only woman to become chair and ceo of an upstream ep company in nigeria a graduate of ahmadu bello university zaria catherine obtained a diploma in law and an llb hons in 1985 and promptly called to the nigerian bar in 1986 she is a member of the nigerian bar association a fellow of the institute of arbitration and conciliation as well as a member of the institute of chartered secretaries and administrators her career in the petroleum industry started when she joined texaco s legal department as junior counsel in 1987 and rose swiftly to become company secretary in 1997 in 2003 her government and public affairs responsibilities were extended to cameroon togo benin cote d ivoire and the democratic republic of congo she joined brittania u nigeria limited in 2007 as chair ceo and has since steered the indigenous company to its current market leading position '),
 ('29', 'field', '7', 'en_us', ' formerly on the board of directors of the federal ministry of arts and culture 2001 2002 catherine s leadership of brittania u has brought a number significant firsts the ajapa floating production storage unit 100% owned and operated by the company produced its first oil from drilling in 17 months a feat yet to be equaled by any other company of its kind in nigeria she has set up six subsidiary companies in seven years receiving numerous awards for good governance and management in nigeria the us china and europe '),
 ('29', 'slug', '0', 'en_us', ''),
 ('30', 'field', '9', 'en_us', ' mrs ifejika has been recognised for her various achievements in the energy sector and in different organisations in recognition of her sterling leadership managerial achievements she has been recognised and won many accolades some of which are '),
 ('30', 'slug', '0', 'en_us', ''),
 ('30', 'field', '14', 'en_us', ' 2012 african female energy leaders of the year award in the united kingdom by the center for economic leadership development 2012 african female energy leaders of the year award in the united kingdom by the center for economic leadership development the nigerian trailblazers award the nigerian trailblazers award montage african woman of excellence award 2013 montage african woman of excellence award 2013 '),
 ('30', 'field', '15', 'en_us', ' nigeria women 50 50 awards global business ambassador this day annual award recognition for 45 women of excellence and distinction african oil gas amazon of the year award 2011 african most outstanding businesswoman gold award of excellence african business woman of the year '),
 ('13', 'field', '1', 'en_us', ' ministry of women affairs '),
 ('12', 'field', '1', 'en_us', ' nigeria usa chamber of commerce '),
 ('14', 'field', '1', 'en_us', ' wimbiz '),
 ('11', 'field', '1', 'en_us', ' african business leadership awards '),
 ('10', 'field', '1', 'en_us', ' all industrialists businessmen association of turkey '),
 ('9', 'field', '1', 'en_us', ' black pumps '),
 ('31', 'field', '4', 'en_us', ' chief financial officer '),
 ('31', 'field', '12', 'en_us', ' ahmed akhter qazi '),
 ('31', 'field', '13', 'en_us', ' ahmed akhter qazi chief financial officer brittania u '),
 ('31', 'field', '8', 'en_us', ''),
 ('31', 'field', '5', 'en_us', ' currently the chief financial officer at brittania u ahmed s career found root at schlumberger in sedco forex a schlumberger drilling company in oman as manager finance administration from 1993 1996 after which he proceeded to indonesia as the division controller from 1996 to 1998 he then went on to hold several positions as controller and finance manager for schlumberger aberdeen uk libya algeria saudi arabia and pakistan before moving to iran in 2005 prior to joining schlumberger qazi had spent eight years in a f ferguson amp co chartered accountants pricewaterhousecoopers pakistan from 1979 to 1986 and then joined shell pakistan limited formerly pakistan burma shell as assistant chief accountant from 1986 to 1993 he became the group finance director of nigeria gulf of guinea countries for schlumberger in june 2011 after spending six years in iran kazakhstan as the group finance controller also serving as financial controller with fortune 500 and high tech companies ahmed holds a bachelor s degree in commerce from the university of karachi he is also a fellow of the institute of chartered accountants of pakistan icap and a fellow member of the institute of taxation management of pakistan he has also undertaken business administration courses from institute of business administration karachi and an advanced financial program from the wharton school of business pennsylvania in addition he was an active member of various social clubs at college level and was an active member of peg pakistan executive group saudi arabia '),
 ('31', 'field', '3', 'en_us', ' 1 en_us 1 0 template ahmed akhter qazi is the chief financial office of brittania u summary website field title custom title custom title field mainimage '),
 ('31', 'slug', '0', 'en_us', ' ahmed akhter qazi '),
 ('31', 'title', '0', 'en_us', ' ahmed akhter qazi '),
 ('32', 'field', '6', 'en_us', ' currently the chief financial officer at brittania u ahmed s career found root at schlumberger in sedco forex a schlumberger drilling company in oman as manager finance administration from 1993 1996 after which he proceeded to indonesia as the division controller from 1996 to 1998 he then went on to hold several positions as controller and finance manager for schlumberger aberdeen uk libya algeria saudi arabia and pakistan before moving to iran in 2005 prior to joining schlumberger qazi had spent eight years in a f ferguson amp co chartered accountants pricewaterhousecoopers pakistan from 1979 to 1986 and then joined shell pakistan limited formerly pakistan burma shell as assistant chief accountant from 1986 to 1993 he became the group finance director of nigeria gulf of guinea countries for schlumberger in june 2011 after spending six years in iran kazakhstan as the group finance controller also serving as financial controller with fortune 500 and high tech companies '),
 ('32', 'field', '7', 'en_us', '  ahmed holds a bachelor s degree in commerce from the university of karachi he is also a fellow of the institute of chartered accountants of pakistan icap and a fellow member of the institute of taxation management of pakistan he has also undertaken business administration courses from institute of business administration karachi and an advanced financial program from the wharton school of business pennsylvania in addition he was an active member of various social clubs at college level and was an active member of peg pakistan executive group saudi arabia '),
 ('32', 'slug', '0', 'en_us', ''),
 ('33', 'field', '4', 'en_us', ' manager exploration production '),
 ('33', 'field', '12', 'en_us', ' nwafor chukwuemeka '),
 ('33', 'field', '13', 'en_us', ' nwafor chukwuemeka manager exploration production brittania u '),
 ('33', 'field', '8', 'en_us', ''),
 ('33', 'field', '5', 'en_us', ' nwafor is the manager exploration and production with over 16 years experience garnered from the oil gas industry in nigeria and across the globe simon is an expert in managing risk complex projects hydrocarbon assets projects relating to reservoir studies drilling on site application supports which includes seismic interpretation and reservoir modeling coordination of geology geophysics seismic interpretation unit training of the new interpreters report writing and presentations setting up of workstations unit and decision making relating to well proposal drilling and completions he started his career with a two year stint at nigeria agip oil company as a geologist after which he spent three years with dege conek nigeria limited oil gas service provider as a senior geologist and six years at ankorpointe integrated limited subsidiary of hbt consulting houston texas oil gas services provider as manager geology geophysicist before joining brittania u as manager exploration production '),
 ('33', 'field', '3', 'en_us', ' 1 en_us 1 0 template summary website field title custom title custom title custom thumbnail '),
 ('33', 'slug', '0', 'en_us', ' nwafor chukwuemeka simon '),
 ('33', 'title', '0', 'en_us', ' nwafor chukwuemeka simon '),
 ('34', 'field', '6', 'en_us', ' nwafor is the manager exploration and production with over 16 years experience garnered from the oil gas industry in nigeria and across the globe simon is an expert in managing risk complex projects hydrocarbon assets projects relating to reservoir studies drilling on site application supports which includes seismic interpretation and reservoir modeling coordination of geology geophysics seismic interpretation unit training of the new interpreters report writing and presentations setting up of workstations unit and decision making relating to well proposal drilling and completions '),
 ('34', 'field', '7', 'en_us', ' he started his career with a two year stint at nigeria agip oil company as a geologist after which he spent three years with dege conek nigeria limited oil gas service provider as a senior geologist and six years at ankorpointe integrated limited subsidiary of hbt consulting houston texas oil gas services provider as manager geology geophysicist before joining brittania u as manager exploration production '),
 ('34', 'slug', '0', 'en_us', ''),
 ('35', 'field', '4', 'en_us', ' manager warri operations '),
 ('35', 'field', '12', 'en_us', ' julius e sea '),
 ('35', 'field', '13', 'en_us', ' julius e sea manager warri operations brittania u '),
 ('35', 'field', '8', 'en_us', ''),
 ('35', 'field', '5', 'en_us', ' julius is the manager of brittania u s warri operations a certified public accountant and a certified information systems auditor he graduated from new jersey institute of technology with a bsc in management studies he further took an msc in accounting from kean university new jersey after being hired out of college by insurer state farm as a senior insurance auditor he has worked in the united states for some of the biggest firms in banking accounting and insurance state farm kpmg deloitte and ubs he has also provided advisory services to multi national corporations including sas 70 sarbanes oxley and integrated audit covering it general application controls for clients within the financial services entertainment industries '),
 ('35', 'field', '3', 'en_us', ' 1 en_us 1 0 template summary website field title custom title custom title custom thumbnail '),
 ('35', 'slug', '0', 'en_us', ' julius e sea '),
 ('35', 'title', '0', 'en_us', ' julius e sea '),
 ('36', 'field', '6', 'en_us', ' julius is the manager of brittania u s warri operations a certified public accountant and a certified information systems auditor he graduated from new jersey institute of technology with a bsc in management studies he further took an msc in accounting from kean university new jersey after being hired out of college by insurer state farm as a senior insurance auditor '),
 ('36', 'field', '7', 'en_us', ' he has worked in the united states for some of the biggest firms in banking accounting and insurance state farm kpmg deloitte and ubs he has also provided advisory services to multi national corporations including sas 70 sarbanes oxley and integrated audit covering it general application controls for clients within the financial services entertainment industries '),
 ('36', 'slug', '0', 'en_us', ''),
 ('37', 'field', '4', 'en_us', ' manager compensation benefits '),
 ('37', 'field', '12', 'en_us', ' oluremi odutola '),
 ('37', 'field', '13', 'en_us', ' oluremi odutola manager compensation benefits '),
 ('37', 'field', '8', 'en_us', ''),
 ('37', 'field', '5', 'en_us', ' oluremi is the manager for compensation and benefits a graduate of ladoke akintola university of technology oyo state with a master of business administration mba degree in human resources management oluremi started her human resources management career with the defunct midas bank plc in 2001 she later joined network news 24 nn24 before joining brittania u as compensation and benefits manager and later reassigned as human resources manager in addition to professional experience she is a member of various local and international human resources bodies '),
 ('37', 'field', '3', 'en_us', ' 1 en_us 1 0 template summary website field title custom title custom title custom thumbnail '),
 ('37', 'slug', '0', 'en_us', ' oluremi odutola '),
 ('37', 'title', '0', 'en_us', ' oluremi odutola '),
 ('38', 'field', '6', 'en_us', ' oluremi is the manager for compensation and benefits a graduate of ladoke akintola university of technology oyo state with a master of business administration mba degree in human resources management oluremi started her human resources management career with the defunct midas bank plc in 2001 she later joined network news 24 nn24 before joining brittania u as compensation and benefits manager and later reassigned as human resources manager '),
 ('38', 'field', '7', 'en_us', ' in addition to professional experience she is a member of various local and international human resources bodies '),
 ('38', 'slug', '0', 'en_us', ''),
 ('39', 'field', '4', 'en_us', ' supply chain manager procurement inventory '),
 ('39', 'field', '12', 'en_us', ' chibuzor steve nwaogu '),
 ('39', 'field', '13', 'en_us', ' chibuzor steve nwaogu supply chain manager procurement inventory brittania u '),
 ('39', 'field', '8', 'en_us', ''),
 ('39', 'field', '5', 'en_us', ' chibuzo is supply chain manager for procurement and inventory and he currently heads the supply chain procurement unit at bunl he started his career in 1998 as procurement officer with eastern bulkcem company ltd port harcourt he then worked in 2 world class projects in the oil and gas industry chevron nigeria agbami fpso project and chevron nigeria escravos gas to liquid project egtl he joined chevron nigeria agbami fpso project in 2007 and later was drafted into the scm group of chevron egtl project first as a logistics specialist and later as materials de inventory coordinator until june 2014 he spent the last 9 years with chevron deep water agbami fpso project and chevron escravos gas to liquid project egtl with about 18 years in procurement and logistics management he joined the bunl team as supply chain coordinator procurement inventory in january 2015 he started consulting for brittania u on supply chain management from october 2014 where he built an efficient workflow process to coordinate and manage procurement tracking materials movement usage and maintaining adequate inventory management and control across locations very passionate about meeting and exceeding expectations his dedication and very extensive knowledge of the industry has resulted in the improved performance of bunl supply chain creating net value building a very competitive infrastructure and measuring performance globally a member of american production and inventory control society apics chartered institute of purchasing and supply cips and associate member nigeria institute of management he wields extensive experience in supply chain management procurement logistics solutions inventory management and operations '),
 ('39', 'field', '3', 'en_us', ' 1 en_us 1 0 template summary website field title custom title custom title custom thumbnail '),
 ('39', 'slug', '0', 'en_us', ' chibuzor steve nwaogu '),
 ('39', 'title', '0', 'en_us', ' chibuzor steve nwaogu '),
 ('40', 'field', '6', 'en_us', ' chibuzo is supply chain manager for procurement and inventory and he currently heads the supply chain procurement unit at bunl he started his career in 1998 as procurement officer with eastern bulkcem company ltd port harcourt he then worked in 2 world class projects in the oil and gas industry chevron nigeria agbami fpso project and chevron nigeria escravos gas to liquid project egtl he joined chevron nigeria agbami fpso project in 2007 and later was drafted into the scm group of chevron egtl project first as a logistics specialist and later as materials de inventory coordinator until june 2014 he spent the last 9 years with chevron deep water agbami fpso project and chevron escravos gas to liquid project egtl with about 18 years in procurement and logistics management he joined the bunl team as supply chain coordinator procurement inventory in january 2015 '),
 ('40', 'field', '7', 'en_us', ' he started consulting for brittania u on supply chain management from october 2014 where he built an efficient workflow process to coordinate and manage procurement tracking materials movement usage and maintaining adequate inventory management and control across locations very passionate about meeting and exceeding expectations his dedication and very extensive knowledge of the industry has resulted in the improved performance of bunl supply chain creating net value building a very competitive infrastructure and measuring performance globally a member of american production and inventory control society apics chartered institute of purchasing and supply cips and associate member nigeria institute of management he wields extensive experience in supply chain management procurement logistics solutions inventory management and operations '),
 ('40', 'slug', '0', 'en_us', ''),
 ('43', 'field', '1', 'en_us', ' the brittania u board is comprised of industry leaders and key management personnel well versed in their chosen fields and expertise our team is diverse but united by a common goal to build a sustainable company and maintain a strong operational capacity to accomplish this mission the executive team sets the company s goals policies and objectives they provide the framework for governance and steer the company s business affairs and provide management with guidance in determining the company s long term strategy and assess company prospects risks and controls for risk mitigation '),
 ('43', 'field', '3', 'en_us', ' 1 en_us 1 0 template summary website field title custom title custom title custom '),
 ('43', 'slug', '0', 'en_us', ' board and executive team ');
INSERT INTO `craft_searchindex` (`elementId`, `attribute`, `fieldId`, `locale`, `keywords`) VALUES
 ('43', 'title', '0', 'en_us', ' board and executive team '),
 ('44', 'slug', '0', 'en_us', ' about landing '),
 ('44', 'title', '0', 'en_us', ' about landing '),
 ('45', 'filename', '0', 'en_us', ' about video placeholder jpg '),
 ('45', 'extension', '0', 'en_us', ' jpg '),
 ('45', 'kind', '0', 'en_us', ' image '),
 ('45', 'slug', '0', 'en_us', ''),
 ('45', 'title', '0', 'en_us', ' about video placeholder '),
 ('46', 'filename', '0', 'en_us', ' uju ifejika brittania u ceo jpg '),
 ('46', 'extension', '0', 'en_us', ' jpg '),
 ('46', 'kind', '0', 'en_us', ' image '),
 ('46', 'slug', '0', 'en_us', ''),
 ('46', 'title', '0', 'en_us', ' uju ifejika brittania u ceo '),
 ('47', 'filename', '0', 'en_us', ' the group jpg '),
 ('47', 'extension', '0', 'en_us', ' jpg '),
 ('47', 'kind', '0', 'en_us', ' image '),
 ('47', 'slug', '0', 'en_us', ''),
 ('47', 'title', '0', 'en_us', ' the group '),
 ('48', 'filename', '0', 'en_us', ' brittania u vision and mission jpg '),
 ('48', 'extension', '0', 'en_us', ' jpg '),
 ('48', 'kind', '0', 'en_us', ' image '),
 ('48', 'slug', '0', 'en_us', ''),
 ('48', 'title', '0', 'en_us', ' brittania u vision and mission '),
 ('49', 'filename', '0', 'en_us', ' strategy and leadership jpg '),
 ('49', 'extension', '0', 'en_us', ' jpg '),
 ('49', 'kind', '0', 'en_us', ' image '),
 ('49', 'slug', '0', 'en_us', ''),
 ('49', 'title', '0', 'en_us', ' strategy and leadership '),
 ('44', 'field', '16', 'en_us', ' brittania u is an indigenous integrated company that delivers energy services through exploration production subsurface engineering consultancy '),
 ('44', 'field', '34', 'en_us', ' about video placeholder '),
 ('44', 'field', '17', 'en_us', ' uju ifejika brittania u ceo '),
 ('44', 'field', '18', 'en_us', ' the group nwafor chukwuemeka simon the group brittania u vision and mission vision and mission our vision mission '),
 ('44', 'field', '31', 'en_us', ' view our achievements awards about awards and recognition view our achievements awards about awards and recognition achievements awards during our years of operation we have continued to achieve a number of firsts in petroleum production while breaking old industry records '),
 ('44', 'field', '27', 'en_us', ' brittania u what we do what we do what we do our people and values people and values our people and values '),
 ('44', 'field', '22', 'en_us', ' ​our business is africa our growth model is sustainable and depends on local content for that growth with over 500 indigenous people working in our offices across nigeria and ghana strategy leadership our goal is to be a focused oil and gas company that delivers value through the chains we operate we are pursuing this strategy by setting clear priorities and using our distinct capabilities to achieve them strategy and leadership our strategy about our strategy our strategy about our strategy our leadership team about board and executive team our leadership team about board and executive team '),
 ('44', 'field', '3', 'en_us', ' 1 en_us 1 0 template summary website field title custom title custom title custom introvideothumbnail '),
 ('50', 'field', '19', 'en_us', ' the group '),
 ('50', 'field', '20', 'en_us', ' the group '),
 ('50', 'field', '21', 'en_us', ' nwafor chukwuemeka simon '),
 ('50', 'slug', '0', 'en_us', ''),
 ('51', 'field', '19', 'en_us', ' brittania u vision and mission '),
 ('51', 'field', '20', 'en_us', ' our vision mission '),
 ('51', 'field', '21', 'en_us', ' vision and mission '),
 ('51', 'slug', '0', 'en_us', ''),
 ('52', 'field', '32', 'en_us', ' achievements awards during our years of operation we have continued to achieve a number of firsts in petroleum production while breaking old industry records '),
 ('52', 'field', '33', 'en_us', ' view our achievements awards about awards and recognition view our achievements awards about awards and recognition '),
 ('52', 'slug', '0', 'en_us', ''),
 ('53', 'field', '23', 'en_us', ' ​our business is africa our growth model is sustainable and depends on local content for that growth with over 500 indigenous people working in our offices across nigeria and ghana '),
 ('53', 'field', '24', 'en_us', ' strategy and leadership '),
 ('53', 'field', '25', 'en_us', ' strategy leadership our goal is to be a focused oil and gas company that delivers value through the chains we operate we are pursuing this strategy by setting clear priorities and using our distinct capabilities to achieve them '),
 ('53', 'field', '26', 'en_us', ' our strategy about our strategy our strategy about our strategy our leadership team about board and executive team our leadership team about board and executive team '),
 ('53', 'slug', '0', 'en_us', ''),
 ('44', 'field', '1', 'en_us', ' a leader in nigeria s petroleum industry brittania u is a major player in the upstream and downstream segments of the petroleum sector with a quality portfolio of oil and gas assets in nigeria our capabilities extend through upstream exploration production and drilling downstream trading of oil product sub surface engineering and data appraisal for geophysics and petroleum projects we have been operating in nigeria for over 20 years and our portfolio of solutions is well aligned with the country s infrastructure needs and is contributing to economic development and improved quality of life in nigeria through our extensive local operating capabilities we have partnerships with both indigenous and international oil companies and we hold interests in licenses for the exploration development and production of oil and gas assets located onshore swamp and offshore we deliver sustainable value to our stakeholders as we continually grow our reserves by harnessing the optimum potential from our existing range of oil and gas resources while also acquiring near term producing assets from international oil companies '),
 ('54', 'filename', '0', 'en_us', ' brittania u what we do jpg '),
 ('54', 'extension', '0', 'en_us', ' jpg '),
 ('54', 'kind', '0', 'en_us', ' image '),
 ('54', 'slug', '0', 'en_us', ''),
 ('54', 'title', '0', 'en_us', ' brittania u what we do '),
 ('55', 'filename', '0', 'en_us', ' our people and values thumb jpg '),
 ('55', 'extension', '0', 'en_us', ' jpg '),
 ('55', 'kind', '0', 'en_us', ' image '),
 ('55', 'slug', '0', 'en_us', ' our people and values thumb '),
 ('55', 'title', '0', 'en_us', ' our people and values '),
 ('56', 'field', '28', 'en_us', ' brittania u what we do '),
 ('56', 'field', '29', 'en_us', ' what we do '),
 ('56', 'field', '30', 'en_us', ' what we do '),
 ('56', 'slug', '0', 'en_us', ''),
 ('57', 'field', '28', 'en_us', ' our people and values '),
 ('57', 'field', '29', 'en_us', ' our people and values '),
 ('57', 'field', '30', 'en_us', ' people and values '),
 ('57', 'slug', '0', 'en_us', ''),
 ('58', 'filename', '0', 'en_us', ' brittania u what we do_160603_124833 jpg '),
 ('58', 'extension', '0', 'en_us', ' jpg '),
 ('58', 'kind', '0', 'en_us', ' image '),
 ('58', 'slug', '0', 'en_us', ''),
 ('58', 'title', '0', 'en_us', ' brittania u what we do '),
 ('59', 'field', '1', 'en_us', ' our history brittania u started from a humble beginning in nigeria in 1995 but ever since we have made giant strides in the energy industry in africa our growth has being meteoric and today those humble beginnings has led to various offshoots in the energy industry over the years we have grown the company has established affiliate entities that belong to either the hydrocarbon exploitation chain or provide services to the businesses in the hydrocarbon chain this has made brittania u become more integrated and versatile in the oil gas industry and allied services in that it has presence in the oil and gas chain from sub surface engineering data appraisal nigeria ltd to drilling services brittania u drilling and oil services ltd shipping and downstream trading is carried out by the affiliate company nexttee oilgas trading company nigeria limited throughout we have retained our spirit grit innovation perseverance and most of all our fundamental purpose to be a profitable and fully integrated nigerian oil and gas company of first choice in all aspects key timelines in brittania u s history 2001 brittania u submitted a bid for a marginal field award in response to the initiative of the federal government to involve indigenous petroleum companies in the upstream sector of the industry 2003 after the pre qualification presentation of the technical and commercial bids for the ajapa marginal field made by the company it was awarded 100% interest in and the operatorship of the ajapa marginal field in oil mining lease oml 90% as per ministry of petroleum resources letter reference no pigmc 1138 v 1 11 dated february 26th 2003 2004 brittania u entered into a farm out agreement foa dated 18th march 2004 with the leaseholders of oml 90 i e nigerian national petroleum corporation nnpc and chevron nigeria limited cnl on the one part as farmer and brittania u as the farmee on the other part 2006 as part of the requirements for the marginal field initiative i e encouraging foreign investment in nigeria through foreign technical partnership with successful nigerian marginal field operators brittania u in february 2006 negotiated and executed a participating agreement pa with syntroleum inc who at that time was into gas to liquid gtl operation divested interests all their assets in nigeria to equity energy resources eer the united kingdom under a joint venture arrangement with brittania u nigeria limited 2007 the company started full upstream operations the jv partners separately sourced funding totalling about us $120 million to embark on the first phase of the ajapa marginal field development comprising two side tracks and one appraisal bunl proudly reports that union bank plc fully funded her 60% equity contribution us $70 million and has become a business partner of first choice to bunl 2008 after technical reviews planning and programming and obtaining regulatory approvals the jv carried out its phase i drilling campaign using the noble drilling inc rig don walker farmed in from a shell nobel drilling contract during the campaign which lasted from february to april 2008 which saw the company drilling two sidetracks were executed one of which was successful and the other drilled off structure the planned early production facility a floating production storage and offloading fpso was fabricated commissioned in houma louisiana usa in august 2008 2009 energy equity resources wanted to divest its interest pan petroleum also of the united kingdom on 1st of july 2009 concluded the acquisition of eer s equity interest in the ajapa marginal field the fact that the two companies syntroleum and energy equity resources eer did nothing to improve the ajapa asset brittania u refused to ascent to the 3rd assignment it rather chose to buy back 40% interest to enable it to move the company forward the floating production storage and offloading fpso facility was completed in a record time of 7 months august march 16 2009 when we commissioned the complete fpso nextee oil and gas trading company nigeria limited formed to provide supplies of refined products premium motor spirit pms automotive gas oil ago to the multinationals and independent oil and gas companies within nigeria and the african sub region was incorporated on 23rd july 2009 2010 with the flow line installation and the fpso fully commissioned with the department of petroleum resources dpr active involvement with the well hook ups we commenced production on january 20th 2010 with six 6 weeks well testing which was witnessed by department of petroleum resources officials at the end of which approvals were given to the company to commence full production 2011 brittania u nigeria limited in november 2011 through a loan of 48million dollars obtain from first bank nigeria plc bought back its 40% equity it assigned to syntroleum in february of 2006 with the buyback of bunl 40% interest on the field brittania u now has 100% equity interest in ajapa field at oml 90 the operatorship of the field is and has been with brittania u nigeria limited from the inception of the partnership to date 2012 the company commenced its 2nd drilling campaign which was successful in the sense that the drilling identified two zone f1 which was new and g3 with a total cumulative production discovery of about 120ft oil down brittania u drilling and oil services company nig ltd was incorporated in june 2012 to provide rigs and drilling services to the parent company brittania u nigeria limited as well as provide rig on hire and bundle services to would be interested company the company was honored in 2012 with international trophy for quality award by global trade leaders club paris 2013 the 2nd drilling campaign was successfully completed on january 29th 2013 the company successfully appraised the mapping as well as identifying the new coordinates for our new successful well just completed in january 2013 in collaboration with schlumberger group the new appraisal which the company used for its latest drilling campaign discovered new zone which was not in the map by chevron or in dpr s lods or maps '),
 ('59', 'field', '3', 'en_us', ' 1 en_us 1 0 template summary website field title custom title custom title custom '),
 ('59', 'slug', '0', 'en_us', ' our history '),
 ('59', 'title', '0', 'en_us', ' our history '),
 ('60', 'field', '1', 'en_us', ' what we do our operations cover the entire chain of the oil and gas industry what we do involves identifying oil and natural gas deposits and exploration and drilling of those resources we import and distribute refined petroleum products for some multinationals and local independent product marketing companies as well as shipping and vessel operation services we are also involved in subsurface engineering for other energy companies using state of the art data collection and appraisals our involvement in energy is tied towards these three primary sections exploration production drilling oil services geology engineering consultancy exploration production our exploration production s segment is responsible for renewing our resource base through access exploration and appraisal and encompasses all the steps involved in finding producing processing oil and natural gas our teams in this segment continuously strive to renew and develop our portfolio of oil and gas assets in often complex environments to meet the nigeria s growing energy demand while we conduct activities against a backdrop of growing energy and environmental challenges we continue to actively manage our portfolio to play to our strengths divesting non core assets and finding alternative ways to create long term value we combine our substantial knowledge and insight to develop some of the most advanced technology in the country to assist us in finding additional petroleum reserves as well as maximize the recovery of these resources for the benefit of this generation and the generations to come technologies such as seismic imaging enhanced oil recovery and real time data support our upstream strategy by helping us gain new access increase recovery and reserves and improve production efficiency our production facility is a 10 000bbls per day with an expansion capacity of up to 20 000bbls per day a wise stewardship of our petroleum resources is our number one priority we continually seek new ways to find and produce these resources more efficiently from improving our understanding of subsurface dynamics to deploying cutting edge well completions drilling oil services we engage in oil and gas drilling and completion well servicing pressure pumping wireline geophysical civil engineering and transportation we provide rig on hire and bundle services to would be interested companies we currently have a 152ft rig for our drilling program on our current block at ajapa oml 90 field as well as offer rig lease charter services to independent companies on term contract our reputation for quality services in a safe working environment exceeds industry standards as our rig and other equipment s are all state of the art high specification drillships which benefit from a proven design and highly developed construction techniques also our team is performance oriented providing technologically advanced equipment extensive industry experience a safe operating environment and quality service to our clients in the worldwide oil and gas industry oil trading marketing brittania u is also involved in oil trading marketing which includes the sale of crude refined products and condensates the products we distribute includes but not limited automotive gas oil ago and premium motor spirit pms our storage capacity helps us to meet large orders to meet local business and national needs geology engineering consultancy our engineering consultancy segment offer the geological services expert advice and data appraisal services needed for the burgeoning energy industry our team provides a full range of engineering geologic services from feasibility studies and geologic investigations to professional reviews of projects we combine the expertise of industry specialists to help organizations make better decisions and reduce risks as we are able to offer a capacity to collect process interpret analyze and manage data quantify the physical environment and deliver optimized engineering solutions we are fully automated with all the notable software that ensures a most comprehensive appraisal work from engineering to static modeling through dynamics to complete field appraisal '),
 ('60', 'field', '3', 'en_us', ' 1 en_us 1 0 template summary website field title custom title custom title custom '),
 ('60', 'slug', '0', 'en_us', ' what we do '),
 ('60', 'title', '0', 'en_us', ' what we do '),
 ('61', 'field', '1', 'en_us', ' vision mission the way we operate and the activities we undertake are expressions of an energetic company operating in utmost sustainability and delivering great results these are embedded in our vision and our mission our vision is to be a profitable and fully integrated nigerian oil gas company of first choice in all aspects our mission is to deliver value in our core business area which covers the entire spectrum of exploration to production refining trading supply distribution our objectives are to contribute to the nation s value creation for the well being of the people better quality of life quality products fair price and job opportunities while ensuring we operate in a safe and clean environment with the aim of ensuring maximum return to our shareholders in this age of fluctuating oil prices we are positioned to adapt to the changing oil market dynamics by responding to local challenges and acting globally while maintaining international standards in our operations '),
 ('61', 'field', '3', 'en_us', ' 1 en_us 1 0 template summary website field title custom title custom title custom '),
 ('61', 'slug', '0', 'en_us', ' vision and mission '),
 ('61', 'title', '0', 'en_us', ' vision and mission '),
 ('62', 'field', '1', 'en_us', ' people values our people are talented in a wide range of disciplines our values guide us in the work we do every day our performance depends on a highly skilled and motivated people which is a reflection of our operating society our values at brittania u our five corporate values of safety respect integrity excellence and ingenuity express our understanding of what we believe how we behave and our objectives as an organization they also guide our business conduct enable us build healthy long term relationships with our stakeholders and reinforce all of our operations helping the company maintain our position as one of the most respected companies in the country safety safety is a core value and an integral part of brittania u we are committed to protecting our workforce by providing a safe working environment for all with the appropriate safety procedures and policies put in place onsite and within the community we also place a high priority on the protection of our assets and the environment respect respect is fundamental to the brittania culture we believe that respect begins with compliance with laws and regulations we hold ourselves to the highest ethical standards and we care about the effects of our decisions have on those around us we trust respect and support each other and we strive to earn the trust of our colleagues and partners we value the diversity of people excellence at brittania excellence translates into all aspects of our business we drive excellence by setting challenging goals rewarding top performance committing ourselves to developing our people and fostering teamwork as well as open communication we follow and uphold the rules and standards we set for our company and we are passionate about achieving results that exceed expectations our own and those of others ingenuity we encourage innovation creativity as well as diversity of thought and we continually seek new prospects and out of the ordinary solutions responsiveness flexibilty and novelty are important to us our experience technology and perseverance enable us to overcome challenges and deliver value integrity the integrity of business at brittania is one of our precious assets it is our reputation we act with openness fairness transparency honesty reliability high ethical standards professionalism accountability corporate thinking and ensure alignment to achieve our overall goals as a total rather than a segment our employees place authority where responsibility lies deliver on commitments and seek and provide constructive feedback '),
 ('62', 'field', '3', 'en_us', ' 1 en_us 1 0 template summary website field title custom title custom title custom '),
 ('62', 'slug', '0', 'en_us', ' people and values '),
 ('62', 'title', '0', 'en_us', ' people and values '),
 ('63', 'field', '1', 'en_us', ' achievements awards during our years of operation we have continued to achieve a number of firsts in petroleum production while breaking old industry records some of the achievements by brittania u to date include we are the first and only indigenous exploration and production company to be headed by a nigerian woman as its executive chairman chief executive officer we are the first indigenous oil and gas company to become the operator in a joint venture with a foreign company i e african energy equity resources united kingdom in its first year of operation brittania u nigeria limited is the first indigenous exploration production company to be funded 100% by a local bank union bank of nigeria plc and first bank of nigeria plc to the tune of about fifty million us dollars $120million for its offshore operation brittania u is the first company to drill three wells in three 3 months build our floating production storage and offloading fpso facility in seven and half months purchase an off take tanker barge 78 000bbls and a 4 200hp tug boat for our crude deliveries and produce our first oil from drilling to building our production facility and first oil in 17 months within two years we are amongst the five 5 our of 24 marginal field operators that emerged from the 2003 bid round that have been able to carry out the minimum activities required by the regulations brittania u nigeria became the first indigenous oil gas company to buy out our foreign partners within two years of operation these milestone achievements resulted in the united state consulate in nigeria awarding brittania u nigeria limited and its group a prestigious award by the united states commercial service international partner for improving trade relationship between nigerian and united states due to purchases of equipment and material from the united states within one year which for an indigenous company is unprecedented this is the first time that a company with two and half years operational history is conferred with the award the company was also honoured in 2012 with international trophy for quality award by global grade leaders club paris these we believe having been achieved by a first time indigenous operator is a success story for the federal government s marginal field initiative as well as the fact that brittania u nigeria limited is committed to its local content '),
 ('63', 'field', '3', 'en_us', ' 1 en_us 1 0 template summary website field title custom title custom title custom '),
 ('63', 'slug', '0', 'en_us', ' awards and recognition '),
 ('63', 'title', '0', 'en_us', ' awards and recognition '),
 ('66', 'title', '0', 'en_us', ' at a glance '),
 ('67', 'slug', '0', 'en_us', ''),
 ('67', 'title', '0', 'en_us', ' history of brittania u '),
 ('68', 'slug', '0', 'en_us', ' vision mission ');
INSERT INTO `craft_searchindex` (`elementId`, `attribute`, `fieldId`, `locale`, `keywords`) VALUES
 ('68', 'title', '0', 'en_us', ' vision mission '),
 ('71', 'title', '0', 'en_us', ' what we do '),
 ('71', 'slug', '0', 'en_us', ''),
 ('70', 'slug', '0', 'en_us', ''),
 ('70', 'title', '0', 'en_us', ' board executive team '),
 ('72', 'slug', '0', 'en_us', ''),
 ('72', 'title', '0', 'en_us', ' people values '),
 ('73', 'slug', '0', 'en_us', ''),
 ('73', 'title', '0', 'en_us', ' awards recognition '),
 ('74', 'filename', '0', 'en_us', ' brittania u small svg '),
 ('74', 'extension', '0', 'en_us', ' svg '),
 ('74', 'kind', '0', 'en_us', ' image '),
 ('74', 'slug', '0', 'en_us', ''),
 ('74', 'title', '0', 'en_us', ' brittania u small '),
 ('75', 'field', '12', 'en_us', ' brittania u small '),
 ('75', 'field', '1', 'en_us', ' brittania u brittania u is the group s parent company and focal point of all management and oversight operations brittania u nigeria brittania u nigeria oversees the operations of the group in nigeria and the upstream exploration production activities of the company for a short period of time brittania u nigeria s operations has led to establishment of other subsidiaries and affiliates in the hydrocarbon chain brittania u nigeria serves as the headquarters of the brittania u group and operates major assets such as the cnl ajapa marginal field oml 90 and the ajapa 1 sdtr2 and tripod wellhead including the fpso brittania u i brittania u ghana in furtherance of the brittania u vision the bunl group has started new business development and expansion in ghana with a view to explore new opportunities and expanding the current downstream operations brittania u usa llc brittania u usa serves as a research and development centre for the brittania u group and administrative hub for all brittania u s activities outside the shores of africa '),
 ('75', 'field', '3', 'en_us', ' 1 0 en_us 1 0 template summary website field title custom title custom title custom thumbnail '),
 ('75', 'slug', '0', 'en_us', ' brittania u '),
 ('75', 'title', '0', 'en_us', ' brittania u '),
 ('76', 'filename', '0', 'en_us', ' brittania u drilling svg '),
 ('66', 'slug', '0', 'en_us', ' overview '),
 ('76', 'extension', '0', 'en_us', ' svg '),
 ('76', 'kind', '0', 'en_us', ' image '),
 ('76', 'slug', '0', 'en_us', ''),
 ('76', 'title', '0', 'en_us', ' brittania u drilling '),
 ('77', 'field', '12', 'en_us', ' brittania u drilling '),
 ('77', 'field', '1', 'en_us', ' brittania u drilling co ltd brittania u drilling and oil services company nig ltd is a subsidiary of brittania u it provides drilling rigs and drilling services to the brittania u as well as provide rig on hire and bundle services to other oil and energy companies brittania u nigeria brittania u drilling oil services co ltd currently have a 152ft rig for our drilling program on brittania u s block at ajapa oml 90 field as well as offer rig lease charter services to independent companies on term contract our reputation for quality services in a safe working environment exceeds industry standards as our rig and other equipment s are all state of the art high specification drill ships which benefit from a proven design and highly developed construction techniques the brittania u drilling and oil services team is performance oriented providing technologically advanced equipment extensive industry experience a safe operating environment and quality service to our clients in the worldwide oil and gas industry '),
 ('77', 'field', '3', 'en_us', ' 1 0 en_us 1 0 template summary website field title custom title custom title custom thumbnail '),
 ('77', 'slug', '0', 'en_us', ' brittania u drilling co ltd '),
 ('77', 'title', '0', 'en_us', ' brittania u drilling co ltd '),
 ('78', 'filename', '0', 'en_us', ' dacl svg '),
 ('78', 'extension', '0', 'en_us', ' svg '),
 ('78', 'kind', '0', 'en_us', ' image '),
 ('78', 'slug', '0', 'en_us', ''),
 ('78', 'title', '0', 'en_us', ' dacl '),
 ('79', 'field', '12', 'en_us', ' dacl '),
 ('79', 'field', '1', 'en_us', ' data appraisal co ltd dacl is an affiliate of brittania u group with focus in subsurface engineering dacl s operations are fully automated with all the modern facilities and technologies needed for comprehensive oil and energy appraisal from engineering to static modeling through dynamics to complete field appraisal dacl was established to provide energy companies including brittania u technology and knowledge driven subsurface engineering services with a team of experienced professionals dacl enables companies to optimize exploitation of its assets at reduced costs as well as provide them with the needed team of data analysts geologists and engineers needed to run successful appraisal programs due to the spare capacity and level of experience of principals the concept of data appraisal company was able to utilize spare capacity in this area for clients and was able to sustain the high caliber of nigerian professionals available to achieve brittania u growth aspirations the company successfully appraised the mapping as well as identified the new coordinates for our new successful well completed in 2013 in collaboration with schlumberger group the appraisal discovered a new previously unmapped zone the team of seasoned geologists and petroleum engineers are poised to provide quality services to clients in and out of nigeria the management is exploring partnerships with companies with similar ethical and professional values scope of services provided by dacl includes geological and geophysical studies seismic data quality control geophysical geological interpretation integrated g g studies static modeling workstation services 3d geological reservoir static modeling extensive experience with petrel integration of petrophysics geological geophysics and well engineering data stochastic modeling reservoir engineering field development planning depletion performance prediction water flooding eor studies miscible flooding material blance using mbaltm 3dstatic modeling petreltm reservoir simulation usin black oil composition or thermal in imextm eclipse tm technology and systems seismic interpretation workstations open works petrophysics workstation powerlog interactive petrophysics geological modeling worksation petrel reservoir modeling workstation eclipse petroleum egineering analysis using mbal prosper welflo forrgas pie monte carlo the dacl sub surface engineering group is the first of its kind to be owned by indigenous oil and gas company the company has all the latest software and services that any international company can provide '),
 ('79', 'field', '3', 'en_us', ' 1 0 en_us 1 0 template summary website field title custom title custom title custom thumbnail '),
 ('79', 'slug', '0', 'en_us', ' data appraisal co ltd '),
 ('79', 'title', '0', 'en_us', ' data appraisal co ltd '),
 ('80', 'filename', '0', 'en_us', ' nexttee svg '),
 ('80', 'extension', '0', 'en_us', ' svg '),
 ('80', 'kind', '0', 'en_us', ' image '),
 ('80', 'slug', '0', 'en_us', ''),
 ('80', 'title', '0', 'en_us', ' nexttee '),
 ('81', 'field', '12', 'en_us', ' nexttee '),
 ('81', 'field', '1', 'en_us', ' nexttee oil and gas co ltd nexttee oil and gas trading company is an indigenous integrated company and a key player in our downstream operations nexttee oil gas trading company nigeria limited s main business is oil trading marketing which includes the sale of crude refined products and condensates in a very short period the company has established a logistics and offshore support vessels division of our downstream sector the company was the first indigenous company to bring in all full four 8 cargoes of between 10 000mts 32 35 000 metric tonnes of premium motor spirit within the past two years of our operation nexttee oil gas trading company nigeria limited has demonstrated enough capability to handle bigger projects we are funded locally for all our trading and vessel charter operations which are nigerian flagged to the tune of over $200million dollars for both trading and expansion of our vessel fleet with our partnership with refineries in both united state and russia with whom we have signed off taker agreements to the tune of between 30 000 200 000bbls per day between 1 million to six million barrels monthly nexttee is poised to take our operations to the next level within and outside the african sub region fleet operations nextee runs a fleet service for movement of people materials and products from shore to offshore locations and the loading of crude to delivery destination our current fleet of vessels include a nigerian flagged dynamic positioning vessel dp1 mv northern princess osv prince edward osv princess royale bu ii '),
 ('81', 'field', '3', 'en_us', ' 1 0 en_us 1 0 template summary website field title custom title custom title custom thumbnail '),
 ('81', 'slug', '0', 'en_us', ' nextee oil and gas '),
 ('81', 'title', '0', 'en_us', ' nextee oil and gas '),
 ('82', 'slug', '0', 'en_us', ' the group landing '),
 ('82', 'title', '0', 'en_us', ' the group '),
 ('82', 'field', '16', 'en_us', ' the group operates an integrated business model with operation across the oil and gas value chain from exploration to consultancy '),
 ('82', 'field', '1', 'en_us', ' group organisation the group is organized into three interrelated business segments upstream drilling trading oil services geology and engineering consultancy these three business segments cover every aspect of the oil and gas industry from exploration development production refining and petrochemicals to marketing trading and shipping from the core brittania u has sprung several independent but interrelated companies with concentrations in sub surface engineering data appraisal nigeria ltd drilling services brittania u drilling oil services ltd shipping and downstream trading nextee oil gas trading company nigeria limited '),
 ('82', 'field', '3', 'en_us', ' 1 en_us 1 0 template summary website field title custom title custom title custom '),
 ('83', 'slug', '0', 'en_us', ' group overview '),
 ('83', 'title', '0', 'en_us', ' group overview '),
 ('84', 'slug', '0', 'en_us', ''),
 ('84', 'title', '0', 'en_us', ' brittania u '),
 ('85', 'slug', '0', 'en_us', ''),
 ('85', 'title', '0', 'en_us', ' brittania u drilling '),
 ('86', 'slug', '0', 'en_us', ''),
 ('86', 'title', '0', 'en_us', ' dacl '),
 ('87', 'slug', '0', 'en_us', ''),
 ('87', 'title', '0', 'en_us', ' nextee oil gas trading ');



DROP TABLE IF EXISTS `craft_sections`;


--
-- Schema for table `craft_sections`
--
CREATE TABLE `craft_sections` (
  `id` int(11) NOT NULL AUTO_INCREMENT,
  `structureId` int(11) DEFAULT NULL,
  `name` varchar(255) COLLATE utf8_unicode_ci NOT NULL,
  `handle` varchar(255) COLLATE utf8_unicode_ci NOT NULL,
  `type` enum('single','channel','structure') COLLATE utf8_unicode_ci NOT NULL DEFAULT 'channel',
  `hasUrls` tinyint(1) unsigned NOT NULL DEFAULT '1',
  `template` varchar(500) COLLATE utf8_unicode_ci DEFAULT NULL,
  `enableVersioning` tinyint(1) unsigned NOT NULL DEFAULT '0',
  `dateCreated` datetime NOT NULL,
  `dateUpdated` datetime NOT NULL,
  `uid` char(36) COLLATE utf8_unicode_ci NOT NULL DEFAULT '0',
  PRIMARY KEY (`id`),
  UNIQUE KEY `craft_sections_name_unq_idx` (`name`),
  UNIQUE KEY `craft_sections_handle_unq_idx` (`handle`),
  KEY `craft_sections_structureId_fk` (`structureId`)
) ENGINE=InnoDB AUTO_INCREMENT=9 DEFAULT CHARSET=utf8 COLLATE=utf8_unicode_ci;

--
-- Data for table `craft_sections`
--

INSERT INTO `craft_sections` (`id`, `structureId`, `name`, `handle`, `type`, `hasUrls`, `template`, `enableVersioning`, `dateCreated`, `dateUpdated`, `uid`) VALUES
 ('1', NULL, 'Homepage', 'homepage', 'single', '1', 'index', '1', '2016-06-03 04:51:56', '2016-06-03 04:51:56', '8d11d82d-9775-4a7d-8a9f-5cc709ac69d5'),
 ('2', NULL, 'News', 'news', 'channel', '1', 'news/_entry', '1', '2016-06-03 04:51:57', '2016-06-03 04:51:57', '900da3d2-8361-4e57-9a88-cd9a9987e40e'),
 ('3', '1', 'About', 'about', 'structure', '1', 'about/_entry', '1', '2016-06-03 05:54:21', '2016-06-03 09:00:08', '5d36431c-a3cd-4621-ad1c-69ff05b59336'),
 ('5', '5', 'The Group', 'theGroup', 'structure', '1', 'the-group/_entry', '1', '2016-06-03 09:48:02', '2016-06-03 19:09:52', '0de1565c-ec86-493e-9ac5-db189244ea71'),
 ('6', NULL, 'About Landing', 'aboutLanding', 'single', '1', 'about/_index', '1', '2016-06-03 11:06:38', '2016-06-03 11:06:57', 'ab4e5b6b-874f-4963-8ec2-2331b23ee9f4'),
 ('7', NULL, 'The Group Landing', 'theGroupLanding', 'single', '1', 'the-group/_index', '1', '2016-06-03 18:52:21', '2016-06-03 18:59:58', '71f66e13-58a1-4854-84c0-94739f76b5f6'),
 ('8', '7', 'Community Relations', 'communityRelations', 'structure', '1', 'community-relations/_entry', '1', '2016-06-08 13:12:47', '2016-06-08 13:12:47', '7d76860c-cb92-4216-a415-1c95faa65eb6');



DROP TABLE IF EXISTS `craft_sections_i18n`;


--
-- Schema for table `craft_sections_i18n`
--
CREATE TABLE `craft_sections_i18n` (
  `id` int(11) NOT NULL AUTO_INCREMENT,
  `sectionId` int(11) NOT NULL,
  `locale` char(12) COLLATE utf8_unicode_ci NOT NULL,
  `enabledByDefault` tinyint(1) unsigned NOT NULL DEFAULT '1',
  `urlFormat` text COLLATE utf8_unicode_ci,
  `nestedUrlFormat` text COLLATE utf8_unicode_ci,
  `dateCreated` datetime NOT NULL,
  `dateUpdated` datetime NOT NULL,
  `uid` char(36) COLLATE utf8_unicode_ci NOT NULL DEFAULT '0',
  PRIMARY KEY (`id`),
  UNIQUE KEY `craft_sections_i18n_sectionId_locale_unq_idx` (`sectionId`,`locale`),
  KEY `craft_sections_i18n_locale_fk` (`locale`)
) ENGINE=InnoDB AUTO_INCREMENT=9 DEFAULT CHARSET=utf8 COLLATE=utf8_unicode_ci;

--
-- Data for table `craft_sections_i18n`
--

INSERT INTO `craft_sections_i18n` (`id`, `sectionId`, `locale`, `enabledByDefault`, `urlFormat`, `nestedUrlFormat`, `dateCreated`, `dateUpdated`, `uid`) VALUES
 ('1', '1', 'en_us', '1', '__home__', NULL, '2016-06-03 04:51:56', '2016-06-03 04:51:56', '43339727-f9ea-43ee-b09a-0dd4392a9f3d'),
 ('2', '2', 'en_us', '1', 'news/{postDate.year}/{slug}', NULL, '2016-06-03 04:51:57', '2016-06-03 04:51:57', '9e58acfd-5a48-474a-962e-e963bad50825'),
 ('3', '3', 'en_us', '1', 'about/{slug}', '{parent.uri}/{slug}', '2016-06-03 05:54:21', '2016-06-03 08:58:29', '89016b08-ecaa-4236-bead-a1b71650aecf'),
 ('5', '5', 'en_us', '1', 'the-group/{slug}', '{parent.uri}/{slug}', '2016-06-03 09:48:02', '2016-06-03 19:09:52', '412d74c5-ba9d-41b7-8cdf-9f736aa55940'),
 ('6', '6', 'en_us', '1', 'about', NULL, '2016-06-03 11:06:38', '2016-06-03 11:06:57', 'c46a90eb-3eb3-4b2c-a94f-548ea5d64ea4'),
 ('7', '7', 'en_us', '1', 'the-group', NULL, '2016-06-03 18:52:21', '2016-06-03 18:52:21', 'cfc7f104-5c11-4a5b-9a50-5da3f810b2fc'),
 ('8', '8', 'en_us', '1', 'community-relations/{slug}', '{parent.uri}/{slug}', '2016-06-08 13:12:47', '2016-06-08 13:12:47', 'daf23bc1-03c3-4022-bf6d-21947d238f26');



DROP TABLE IF EXISTS `craft_seomatic_meta`;


--
-- Schema for table `craft_seomatic_meta`
--
CREATE TABLE `craft_seomatic_meta` (
  `id` int(11) NOT NULL,
  `seoImageId` int(11) DEFAULT NULL,
  `locale` varchar(255) COLLATE utf8_unicode_ci DEFAULT 'en_us',
  `elementId` int(10) DEFAULT '0',
  `metaType` enum('default','template') COLLATE utf8_unicode_ci DEFAULT 'template',
  `metaPath` varchar(255) COLLATE utf8_unicode_ci DEFAULT '',
  `seoTitle` varchar(255) COLLATE utf8_unicode_ci DEFAULT '',
  `seoDescription` varchar(255) COLLATE utf8_unicode_ci DEFAULT '',
  `seoKeywords` varchar(255) COLLATE utf8_unicode_ci DEFAULT '',
  `twitterCardType` varchar(255) COLLATE utf8_unicode_ci DEFAULT 'summary',
  `openGraphType` varchar(255) COLLATE utf8_unicode_ci DEFAULT 'website',
  `robots` varchar(255) COLLATE utf8_unicode_ci DEFAULT '',
  `dateCreated` datetime NOT NULL,
  `dateUpdated` datetime NOT NULL,
  `uid` char(36) COLLATE utf8_unicode_ci NOT NULL DEFAULT '0',
  PRIMARY KEY (`id`),
  KEY `craft_seomatic_meta_seoImageId_fk` (`seoImageId`)
) ENGINE=InnoDB DEFAULT CHARSET=utf8 COLLATE=utf8_unicode_ci;

--
-- Data for table `craft_seomatic_meta`
--

INSERT INTO `craft_seomatic_meta` (`id`, `seoImageId`, `locale`, `elementId`, `metaType`, `metaPath`, `seoTitle`, `seoDescription`, `seoKeywords`, `twitterCardType`, `openGraphType`, `robots`, `dateCreated`, `dateUpdated`, `uid`) VALUES
 ('4', NULL, 'en_us', '4', 'template', '', '', '', '', 'summary', 'website', '', '2016-06-03 05:04:57', '2016-06-03 05:04:57', 'a21c8202-4b82-4431-bc4e-b54abb4ec464');



DROP TABLE IF EXISTS `craft_seomatic_settings`;


--
-- Schema for table `craft_seomatic_settings`
--
CREATE TABLE `craft_seomatic_settings` (
  `id` int(11) NOT NULL AUTO_INCREMENT,
  `siteSeoImageId` int(11) DEFAULT NULL,
  `genericOwnerImageId` int(11) DEFAULT NULL,
  `genericCreatorImageId` int(11) DEFAULT NULL,
  `locale` varchar(255) COLLATE utf8_unicode_ci DEFAULT '',
  `siteSeoName` varchar(255) COLLATE utf8_unicode_ci DEFAULT '',
  `siteSeoTitle` varchar(255) COLLATE utf8_unicode_ci DEFAULT '',
  `siteSeoTitleSeparator` varchar(255) COLLATE utf8_unicode_ci DEFAULT '|',
  `siteSeoTitlePlacement` enum('before','after','none') COLLATE utf8_unicode_ci DEFAULT 'after',
  `siteSeoDescription` varchar(255) COLLATE utf8_unicode_ci DEFAULT '',
  `siteSeoKeywords` varchar(255) COLLATE utf8_unicode_ci DEFAULT '',
  `siteTwitterCardType` varchar(255) COLLATE utf8_unicode_ci DEFAULT '',
  `siteOpenGraphType` varchar(255) COLLATE utf8_unicode_ci DEFAULT '',
  `siteRobots` varchar(255) COLLATE utf8_unicode_ci DEFAULT '',
  `siteRobotsTxt` text COLLATE utf8_unicode_ci,
  `siteLinksSearchTargets` text COLLATE utf8_unicode_ci,
  `siteLinksQueryInput` varchar(255) COLLATE utf8_unicode_ci DEFAULT '',
  `googleSiteVerification` varchar(255) COLLATE utf8_unicode_ci DEFAULT '',
  `bingSiteVerification` varchar(255) COLLATE utf8_unicode_ci DEFAULT '',
  `googleAnalyticsUID` varchar(255) COLLATE utf8_unicode_ci DEFAULT '',
  `googleAnalyticsSendPageview` tinyint(1) unsigned NOT NULL DEFAULT '1',
  `googleAnalyticsAdvertising` tinyint(1) unsigned NOT NULL DEFAULT '0',
  `googleAnalyticsEcommerce` tinyint(1) unsigned NOT NULL DEFAULT '0',
  `googleAnalyticsEEcommerce` tinyint(1) unsigned NOT NULL DEFAULT '0',
  `googleAnalyticsLinkAttribution` tinyint(1) unsigned NOT NULL DEFAULT '0',
  `googleAnalyticsLinker` tinyint(1) unsigned NOT NULL DEFAULT '0',
  `siteOwnerType` varchar(255) COLLATE utf8_unicode_ci DEFAULT '',
  `siteOwnerSubType` varchar(255) COLLATE utf8_unicode_ci DEFAULT '',
  `siteOwnerSpecificType` varchar(255) COLLATE utf8_unicode_ci DEFAULT '',
  `genericOwnerName` varchar(255) COLLATE utf8_unicode_ci DEFAULT '',
  `genericOwnerAlternateName` varchar(255) COLLATE utf8_unicode_ci DEFAULT '',
  `genericOwnerDescription` varchar(1024) COLLATE utf8_unicode_ci DEFAULT '',
  `genericOwnerUrl` varchar(255) COLLATE utf8_unicode_ci DEFAULT '',
  `genericOwnerTelephone` varchar(255) COLLATE utf8_unicode_ci DEFAULT '',
  `genericOwnerEmail` varchar(255) COLLATE utf8_unicode_ci DEFAULT '',
  `genericOwnerStreetAddress` varchar(255) COLLATE utf8_unicode_ci DEFAULT '',
  `genericOwnerAddressLocality` varchar(255) COLLATE utf8_unicode_ci DEFAULT '',
  `genericOwnerAddressRegion` varchar(255) COLLATE utf8_unicode_ci DEFAULT '',
  `genericOwnerPostalCode` varchar(255) COLLATE utf8_unicode_ci DEFAULT '',
  `genericOwnerAddressCountry` varchar(255) COLLATE utf8_unicode_ci DEFAULT '',
  `genericOwnerGeoLatitude` varchar(255) COLLATE utf8_unicode_ci DEFAULT '',
  `genericOwnerGeoLongitude` varchar(255) COLLATE utf8_unicode_ci DEFAULT '',
  `organizationOwnerDuns` varchar(255) COLLATE utf8_unicode_ci DEFAULT '',
  `organizationOwnerFounder` varchar(255) COLLATE utf8_unicode_ci DEFAULT '',
  `organizationOwnerFoundingDate` varchar(255) COLLATE utf8_unicode_ci DEFAULT '',
  `organizationOwnerFoundingLocation` varchar(255) COLLATE utf8_unicode_ci DEFAULT '',
  `organizationOwnerContactPoints` text COLLATE utf8_unicode_ci,
  `localBusinessOwnerOpeningHours` text COLLATE utf8_unicode_ci,
  `corporationOwnerTickerSymbol` varchar(255) COLLATE utf8_unicode_ci DEFAULT '',
  `restaurantOwnerServesCuisine` varchar(255) COLLATE utf8_unicode_ci DEFAULT '',
  `restaurantOwnerMenuUrl` varchar(255) COLLATE utf8_unicode_ci DEFAULT '',
  `restaurantOwnerReservationsUrl` varchar(255) COLLATE utf8_unicode_ci DEFAULT '',
  `personOwnerGender` varchar(255) COLLATE utf8_unicode_ci DEFAULT '',
  `personOwnerBirthPlace` varchar(255) COLLATE utf8_unicode_ci DEFAULT '',
  `twitterHandle` varchar(255) COLLATE utf8_unicode_ci DEFAULT '',
  `facebookHandle` varchar(255) COLLATE utf8_unicode_ci DEFAULT '',
  `facebookProfileId` varchar(255) COLLATE utf8_unicode_ci DEFAULT '',
  `facebookAppId` varchar(255) COLLATE utf8_unicode_ci DEFAULT '',
  `linkedInHandle` varchar(255) COLLATE utf8_unicode_ci DEFAULT '',
  `googlePlusHandle` varchar(255) COLLATE utf8_unicode_ci DEFAULT '',
  `youtubeHandle` varchar(255) COLLATE utf8_unicode_ci DEFAULT '',
  `youtubeChannelHandle` varchar(255) COLLATE utf8_unicode_ci DEFAULT '',
  `instagramHandle` varchar(255) COLLATE utf8_unicode_ci DEFAULT '',
  `pinterestHandle` varchar(255) COLLATE utf8_unicode_ci DEFAULT '',
  `githubHandle` varchar(255) COLLATE utf8_unicode_ci DEFAULT '',
  `siteCreatorType` varchar(255) COLLATE utf8_unicode_ci DEFAULT '',
  `siteCreatorSubType` varchar(255) COLLATE utf8_unicode_ci DEFAULT '',
  `siteCreatorSpecificType` varchar(255) COLLATE utf8_unicode_ci DEFAULT '',
  `genericCreatorName` varchar(255) COLLATE utf8_unicode_ci DEFAULT '',
  `genericCreatorAlternateName` varchar(255) COLLATE utf8_unicode_ci DEFAULT '',
  `genericCreatorDescription` varchar(1024) COLLATE utf8_unicode_ci DEFAULT '',
  `genericCreatorUrl` varchar(255) COLLATE utf8_unicode_ci DEFAULT '',
  `genericCreatorTelephone` varchar(255) COLLATE utf8_unicode_ci DEFAULT '',
  `genericCreatorEmail` varchar(255) COLLATE utf8_unicode_ci DEFAULT '',
  `genericCreatorStreetAddress` varchar(255) COLLATE utf8_unicode_ci DEFAULT '',
  `genericCreatorAddressLocality` varchar(255) COLLATE utf8_unicode_ci DEFAULT '',
  `genericCreatorAddressRegion` varchar(255) COLLATE utf8_unicode_ci DEFAULT '',
  `genericCreatorPostalCode` varchar(255) COLLATE utf8_unicode_ci DEFAULT '',
  `genericCreatorAddressCountry` varchar(255) COLLATE utf8_unicode_ci DEFAULT '',
  `genericCreatorGeoLatitude` varchar(255) COLLATE utf8_unicode_ci DEFAULT '',
  `genericCreatorGeoLongitude` varchar(255) COLLATE utf8_unicode_ci DEFAULT '',
  `organizationCreatorDuns` varchar(255) COLLATE utf8_unicode_ci DEFAULT '',
  `organizationCreatorFounder` varchar(255) COLLATE utf8_unicode_ci DEFAULT '',
  `organizationCreatorFoundingDate` varchar(255) COLLATE utf8_unicode_ci DEFAULT '',
  `organizationCreatorFoundingLocation` varchar(255) COLLATE utf8_unicode_ci DEFAULT '',
  `organizationCreatorContactPoints` text COLLATE utf8_unicode_ci,
  `localBusinessCreatorOpeningHours` text COLLATE utf8_unicode_ci,
  `corporationCreatorTickerSymbol` varchar(255) COLLATE utf8_unicode_ci DEFAULT '',
  `restaurantCreatorServesCuisine` varchar(255) COLLATE utf8_unicode_ci DEFAULT '',
  `restaurantCreatorMenuUrl` varchar(255) COLLATE utf8_unicode_ci DEFAULT '',
  `restaurantCreatorReservationsUrl` varchar(255) COLLATE utf8_unicode_ci DEFAULT '',
  `personCreatorGender` varchar(255) COLLATE utf8_unicode_ci DEFAULT '',
  `personCreatorBirthPlace` varchar(255) COLLATE utf8_unicode_ci DEFAULT '',
  `genericCreatorHumansTxt` text COLLATE utf8_unicode_ci,
  `dateCreated` datetime NOT NULL,
  `dateUpdated` datetime NOT NULL,
  `uid` char(36) COLLATE utf8_unicode_ci NOT NULL DEFAULT '0',
  PRIMARY KEY (`id`),
  KEY `craft_seomatic_settings_siteSeoImageId_fk` (`siteSeoImageId`),
  KEY `craft_seomatic_settings_genericOwnerImageId_fk` (`genericOwnerImageId`),
  KEY `craft_seomatic_settings_genericCreatorImageId_fk` (`genericCreatorImageId`)
) ENGINE=InnoDB AUTO_INCREMENT=2 DEFAULT CHARSET=utf8 COLLATE=utf8_unicode_ci;

--
-- Data for table `craft_seomatic_settings`
--

INSERT INTO `craft_seomatic_settings` (`id`, `siteSeoImageId`, `genericOwnerImageId`, `genericCreatorImageId`, `locale`, `siteSeoName`, `siteSeoTitle`, `siteSeoTitleSeparator`, `siteSeoTitlePlacement`, `siteSeoDescription`, `siteSeoKeywords`, `siteTwitterCardType`, `siteOpenGraphType`, `siteRobots`, `siteRobotsTxt`, `siteLinksSearchTargets`, `siteLinksQueryInput`, `googleSiteVerification`, `bingSiteVerification`, `googleAnalyticsUID`, `googleAnalyticsSendPageview`, `googleAnalyticsAdvertising`, `googleAnalyticsEcommerce`, `googleAnalyticsEEcommerce`, `googleAnalyticsLinkAttribution`, `googleAnalyticsLinker`, `siteOwnerType`, `siteOwnerSubType`, `siteOwnerSpecificType`, `genericOwnerName`, `genericOwnerAlternateName`, `genericOwnerDescription`, `genericOwnerUrl`, `genericOwnerTelephone`, `genericOwnerEmail`, `genericOwnerStreetAddress`, `genericOwnerAddressLocality`, `genericOwnerAddressRegion`, `genericOwnerPostalCode`, `genericOwnerAddressCountry`, `genericOwnerGeoLatitude`, `genericOwnerGeoLongitude`, `organizationOwnerDuns`, `organizationOwnerFounder`, `organizationOwnerFoundingDate`, `organizationOwnerFoundingLocation`, `organizationOwnerContactPoints`, `localBusinessOwnerOpeningHours`, `corporationOwnerTickerSymbol`, `restaurantOwnerServesCuisine`, `restaurantOwnerMenuUrl`, `restaurantOwnerReservationsUrl`, `personOwnerGender`, `personOwnerBirthPlace`, `twitterHandle`, `facebookHandle`, `facebookProfileId`, `facebookAppId`, `linkedInHandle`, `googlePlusHandle`, `youtubeHandle`, `youtubeChannelHandle`, `instagramHandle`, `pinterestHandle`, `githubHandle`, `siteCreatorType`, `siteCreatorSubType`, `siteCreatorSpecificType`, `genericCreatorName`, `genericCreatorAlternateName`, `genericCreatorDescription`, `genericCreatorUrl`, `genericCreatorTelephone`, `genericCreatorEmail`, `genericCreatorStreetAddress`, `genericCreatorAddressLocality`, `genericCreatorAddressRegion`, `genericCreatorPostalCode`, `genericCreatorAddressCountry`, `genericCreatorGeoLatitude`, `genericCreatorGeoLongitude`, `organizationCreatorDuns`, `organizationCreatorFounder`, `organizationCreatorFoundingDate`, `organizationCreatorFoundingLocation`, `organizationCreatorContactPoints`, `localBusinessCreatorOpeningHours`, `corporationCreatorTickerSymbol`, `restaurantCreatorServesCuisine`, `restaurantCreatorMenuUrl`, `restaurantCreatorReservationsUrl`, `personCreatorGender`, `personCreatorBirthPlace`, `genericCreatorHumansTxt`, `dateCreated`, `dateUpdated`, `uid`) VALUES
 ('1', NULL, NULL, NULL, 'en_us', 'Brittania-U', 'Brittania-U Group', '|', 'after', 'Brittania-U is an indigenous integrated company that delivers energy services through exploration & production, subsurface engineering & consultancy.', 'Brittania-U, Oil, Energy, Exploration, Production, Subsurface Engineering, Consultancy', 'summary', 'website', '', '# robots.txt for {{ siteUrl }}\r\n\r\nSitemap: {{ siteUrl }}/sitemap.xml\r\n\r\n# Don\'t allow web crawlers to index Craft\r\n\r\nUser-agent: *\r\nDisallow: /craft/\r\n', '[]', '', '', '', '', '1', '0', '0', '0', '0', '0', 'Organization', 'Corporation', '', 'Brittania-U', 'Brittania', '', 'http://craft.dev/', '', '', '', '', '', '', '', '', '', '', '', '', '', '[]', '[{\"open\":\"\",\"close\":\"\"},{\"open\":\"\",\"close\":\"\"},{\"open\":\"\",\"close\":\"\"},{\"open\":\"\",\"close\":\"\"},{\"open\":\"\",\"close\":\"\"},{\"open\":\"\",\"close\":\"\"},{\"open\":\"\",\"close\":\"\"}]', '', '', '', '', 'Male', '', '', '', '', '', '', '', '', '', '', '', '', 'Organization', 'Corporation', '', '', '', '', '', '', '', '', '', '', '', '', '', '', '', '', '', '', '', '', '', '', '', '', '', '', '/* TEAM */\n\n{% if seomaticCreator.name is defined and seomaticCreator.name %}\nCreator: {{ seomaticCreator.name }}\n{% endif %}\n{% if seomaticCreator.url is defined and seomaticCreator.url %}\nURL: {{ seomaticCreator.url }}\n{% endif %}\n{% if seomaticCreator.description is defined and seomaticCreator.description %}\nDescription: {{ seomaticCreator.description }}\n{% endif %}\n\n/* THANKS */\n\nPixel & Tonic - https://pixelandtonic.com\n\n/* SITE */\n\nStandards: HTML5, CSS3\nComponents: Craft CMS, Yii, PHP, Javascript, SEOmatic', '2016-06-03 04:58:16', '2016-06-03 05:03:05', 'af6f97c5-a3ed-483c-a6da-ef3c728d6a86');



DROP TABLE IF EXISTS `craft_sessions`;


--
-- Schema for table `craft_sessions`
--
CREATE TABLE `craft_sessions` (
  `id` int(11) NOT NULL AUTO_INCREMENT,
  `userId` int(11) NOT NULL,
  `token` char(100) COLLATE utf8_unicode_ci NOT NULL,
  `dateCreated` datetime NOT NULL,
  `dateUpdated` datetime NOT NULL,
  `uid` char(36) COLLATE utf8_unicode_ci NOT NULL DEFAULT '0',
  PRIMARY KEY (`id`),
  KEY `craft_sessions_uid_idx` (`uid`),
  KEY `craft_sessions_token_idx` (`token`),
  KEY `craft_sessions_dateUpdated_idx` (`dateUpdated`),
  KEY `craft_sessions_userId_fk` (`userId`)
) ENGINE=InnoDB AUTO_INCREMENT=8 DEFAULT CHARSET=utf8 COLLATE=utf8_unicode_ci;

DROP TABLE IF EXISTS `craft_shunnedmessages`;


--
-- Schema for table `craft_shunnedmessages`
--
CREATE TABLE `craft_shunnedmessages` (
  `id` int(11) NOT NULL AUTO_INCREMENT,
  `userId` int(11) NOT NULL,
  `message` varchar(255) COLLATE utf8_unicode_ci NOT NULL,
  `expiryDate` datetime DEFAULT NULL,
  `dateCreated` datetime NOT NULL,
  `dateUpdated` datetime NOT NULL,
  `uid` char(36) COLLATE utf8_unicode_ci NOT NULL DEFAULT '0',
  PRIMARY KEY (`id`),
  UNIQUE KEY `craft_shunnedmessages_userId_message_unq_idx` (`userId`,`message`)
) ENGINE=InnoDB DEFAULT CHARSET=utf8 COLLATE=utf8_unicode_ci;

DROP TABLE IF EXISTS `craft_structureelements`;


--
-- Schema for table `craft_structureelements`
--
CREATE TABLE `craft_structureelements` (
  `id` int(11) NOT NULL AUTO_INCREMENT,
  `structureId` int(11) NOT NULL,
  `elementId` int(11) DEFAULT NULL,
  `root` int(11) unsigned DEFAULT NULL,
  `lft` int(11) unsigned NOT NULL,
  `rgt` int(11) unsigned NOT NULL,
  `level` smallint(6) unsigned NOT NULL,
  `dateCreated` datetime NOT NULL,
  `dateUpdated` datetime NOT NULL,
  `uid` char(36) COLLATE utf8_unicode_ci NOT NULL DEFAULT '0',
  PRIMARY KEY (`id`),
  UNIQUE KEY `craft_structureelements_structureId_elementId_unq_idx` (`structureId`,`elementId`),
  KEY `craft_structureelements_root_idx` (`root`),
  KEY `craft_structureelements_lft_idx` (`lft`),
  KEY `craft_structureelements_rgt_idx` (`rgt`),
  KEY `craft_structureelements_level_idx` (`level`),
  KEY `craft_structureelements_elementId_fk` (`elementId`)
) ENGINE=InnoDB AUTO_INCREMENT=40 DEFAULT CHARSET=utf8 COLLATE=utf8_unicode_ci;

--
-- Data for table `craft_structureelements`
--

INSERT INTO `craft_structureelements` (`id`, `structureId`, `elementId`, `root`, `lft`, `rgt`, `level`, `dateCreated`, `dateUpdated`, `uid`) VALUES
 ('1', '1', NULL, '1', '1', '26', '0', '2016-06-03 06:16:58', '2016-06-03 06:16:58', '91b37598-03c6-4b18-b05f-d5cb7a042c6d'),
 ('2', '1', '5', '1', '7', '8', '2', '2016-06-03 06:16:58', '2016-06-03 06:16:58', '6a110955-612c-4c00-8e2b-7b44ff6121f3'),
 ('3', '1', '31', '1', '9', '10', '2', '2016-06-03 07:08:56', '2016-06-03 07:08:56', '3900293e-0283-4076-865f-72ba1a730b5d'),
 ('4', '1', '33', '1', '11', '12', '2', '2016-06-03 07:10:01', '2016-06-03 07:10:01', '10ca563f-9b70-4448-b905-83b2d5729275'),
 ('5', '1', '35', '1', '13', '14', '2', '2016-06-03 07:11:12', '2016-06-03 07:11:12', 'dc8dbc9b-0ce2-4b69-802f-6a92e845d540'),
 ('6', '1', '37', '1', '15', '16', '2', '2016-06-03 07:13:59', '2016-06-03 07:13:59', '25a7c13a-30b7-4fa0-b1df-6a80f052fde8'),
 ('7', '1', '39', '1', '17', '18', '2', '2016-06-03 07:14:56', '2016-06-03 07:14:56', 'f66e645e-34b2-44db-8d13-10e7c9cd48b2'),
 ('11', '1', '43', '1', '6', '19', '1', '2016-06-03 09:01:59', '2016-06-03 09:01:59', 'be3ec32c-6b1e-4f52-a2bf-29f7a02a8e36'),
 ('12', '1', '59', '1', '2', '3', '1', '2016-06-03 13:30:48', '2016-06-03 13:30:48', '8271ea6b-aec4-40b6-a251-fe364de28e5e'),
 ('13', '1', '60', '1', '20', '21', '1', '2016-06-03 13:36:01', '2016-06-03 13:36:01', '1e89a64f-418d-485a-aa14-6db7cc63dd14'),
 ('14', '1', '61', '1', '4', '5', '1', '2016-06-03 13:38:16', '2016-06-03 13:38:16', '783737c7-482f-4b94-84f7-8e4ef4de7a43'),
 ('15', '1', '62', '1', '22', '23', '1', '2016-06-03 13:41:19', '2016-06-03 13:41:19', '52ef466c-fca5-42cc-8b96-f82dc7f91006'),
 ('16', '1', '63', '1', '24', '25', '1', '2016-06-03 13:43:44', '2016-06-03 13:43:44', '48aec8cd-fd34-4425-89a8-4d70fd4e82fb'),
 ('18', '2', NULL, '18', '1', '2', '0', '2016-06-03 13:52:47', '2016-06-03 13:52:47', '0bfb9be2-cfd8-445a-8a41-2987b9acdc6c'),
 ('20', '4', NULL, '20', '1', '16', '0', '2016-06-03 13:54:21', '2016-06-03 13:54:21', 'cd2b07cc-0ec4-4e87-ae5d-dbd883fb14a7'),
 ('21', '4', '66', '20', '2', '3', '1', '2016-06-03 13:54:21', '2016-06-03 13:54:21', 'e2c3a4a5-0821-40e2-86b2-155563f6ff58'),
 ('22', '4', '67', '20', '4', '5', '1', '2016-06-03 13:54:54', '2016-06-03 13:54:54', 'd684e49c-0a7e-46bf-ac96-a97927e8a86f'),
 ('23', '4', '68', '20', '6', '7', '1', '2016-06-03 13:55:33', '2016-06-03 13:55:33', '20256ecd-642a-4c58-9f28-16838fdd4303'),
 ('25', '4', '70', '20', '8', '9', '1', '2016-06-03 13:56:17', '2016-06-03 13:56:17', '71d500c7-3788-4613-a8e6-1b4f66596a7e'),
 ('26', '4', '71', '20', '10', '11', '1', '2016-06-03 13:56:45', '2016-06-03 13:56:45', '2b5ed06c-310f-445a-911c-d0742382dd3a'),
 ('27', '4', '72', '20', '12', '13', '1', '2016-06-03 13:57:05', '2016-06-03 13:57:05', 'ad6c45aa-3986-4ef7-a9d7-8ed99bd5c50c'),
 ('28', '4', '73', '20', '14', '15', '1', '2016-06-03 13:57:32', '2016-06-03 13:57:32', '10ba05c8-0814-46e9-87de-2ec066b6b0d7'),
 ('29', '5', NULL, '29', '1', '10', '0', '2016-06-03 19:09:52', '2016-06-03 19:09:52', 'd7f0876c-9f2b-4c75-a8ce-57e169315e71'),
 ('30', '5', '75', '29', '2', '3', '1', '2016-06-03 19:09:52', '2016-06-03 19:09:52', '6299bd0c-63d2-432f-8ad6-d1d72bf310c3'),
 ('31', '5', '77', '29', '4', '5', '1', '2016-06-03 19:09:52', '2016-06-03 19:09:52', '1c91a532-1817-4f73-8369-759ad60fed77'),
 ('32', '5', '79', '29', '6', '7', '1', '2016-06-03 19:09:52', '2016-06-03 19:09:52', 'cf062dd0-fbfb-4688-aa6d-0477d0867e3f'),
 ('33', '5', '81', '29', '8', '9', '1', '2016-06-03 19:09:52', '2016-06-03 19:09:52', '16be98d6-ef07-44ee-9754-cf8d961ebad2'),
 ('34', '6', NULL, '34', '1', '12', '0', '2016-06-03 19:12:12', '2016-06-03 19:12:12', '201024c0-41dc-487c-a1be-898eb2027524'),
 ('35', '6', '83', '34', '2', '3', '1', '2016-06-03 19:12:12', '2016-06-03 19:12:12', '0176c076-e2fc-4acd-98cc-27ac90a1d9f6'),
 ('36', '6', '84', '34', '4', '5', '1', '2016-06-03 19:12:41', '2016-06-03 19:12:41', 'e0520278-ca90-4732-91ce-41f9a5608b8c'),
 ('37', '6', '85', '34', '6', '7', '1', '2016-06-03 19:13:07', '2016-06-03 19:13:07', '87182ce9-9403-462a-a522-072ad73df9b8'),
 ('38', '6', '86', '34', '8', '9', '1', '2016-06-03 19:13:25', '2016-06-03 19:13:25', '6b4b7175-764e-4525-9a82-0ec56947d42a'),
 ('39', '6', '87', '34', '10', '11', '1', '2016-06-03 19:13:49', '2016-06-03 19:13:49', '9600c010-98bf-4d87-864b-1ca8deae6872');



DROP TABLE IF EXISTS `craft_structures`;


--
-- Schema for table `craft_structures`
--
CREATE TABLE `craft_structures` (
  `id` int(11) NOT NULL AUTO_INCREMENT,
  `maxLevels` smallint(6) unsigned DEFAULT NULL,
  `dateCreated` datetime NOT NULL,
  `dateUpdated` datetime NOT NULL,
  `uid` char(36) COLLATE utf8_unicode_ci NOT NULL DEFAULT '0',
  PRIMARY KEY (`id`)
) ENGINE=InnoDB AUTO_INCREMENT=8 DEFAULT CHARSET=utf8 COLLATE=utf8_unicode_ci;

--
-- Data for table `craft_structures`
--

INSERT INTO `craft_structures` (`id`, `maxLevels`, `dateCreated`, `dateUpdated`, `uid`) VALUES
 ('1', NULL, '2016-06-03 05:54:21', '2016-06-03 09:00:08', '48e2b16f-a016-4276-a5f6-de40516b36be'),
 ('2', NULL, '2016-06-03 07:05:07', '2016-06-03 07:05:07', '3946fc7a-ffe9-4219-9212-9a1ffe1a17f2'),
 ('4', NULL, '2016-06-03 13:53:41', '2016-06-03 13:53:41', 'f5173ee3-ce40-43be-8781-87ac586315b4'),
 ('5', NULL, '2016-06-03 19:09:52', '2016-06-03 19:09:52', 'c35b8d9b-a367-45bf-99aa-fbace89f99ee'),
 ('6', NULL, '2016-06-03 19:11:31', '2016-06-03 19:11:31', '648a6d7e-af6c-43c1-a9d9-e10ec7b621a9'),
 ('7', NULL, '2016-06-08 13:12:47', '2016-06-08 13:12:47', 'ee173063-804e-4afe-a6db-28a72f37c4ab');



DROP TABLE IF EXISTS `craft_systemsettings`;


--
-- Schema for table `craft_systemsettings`
--
CREATE TABLE `craft_systemsettings` (
  `id` int(11) NOT NULL AUTO_INCREMENT,
  `category` varchar(15) COLLATE utf8_unicode_ci NOT NULL,
  `settings` text COLLATE utf8_unicode_ci,
  `dateCreated` datetime NOT NULL,
  `dateUpdated` datetime NOT NULL,
  `uid` char(36) COLLATE utf8_unicode_ci NOT NULL DEFAULT '0',
  PRIMARY KEY (`id`),
  UNIQUE KEY `craft_systemsettings_category_unq_idx` (`category`)
) ENGINE=InnoDB AUTO_INCREMENT=2 DEFAULT CHARSET=utf8 COLLATE=utf8_unicode_ci;

--
-- Data for table `craft_systemsettings`
--

INSERT INTO `craft_systemsettings` (`id`, `category`, `settings`, `dateCreated`, `dateUpdated`, `uid`) VALUES
 ('1', 'email', '{\"protocol\":\"php\",\"emailAddress\":\"javik@live.com\",\"senderName\":\"Brittania\"}', '2016-06-03 04:51:56', '2016-06-03 04:51:56', '8f710223-8497-47a9-a1d5-a0e52b4a02e2');



DROP TABLE IF EXISTS `craft_taggroups`;


--
-- Schema for table `craft_taggroups`
--
CREATE TABLE `craft_taggroups` (
  `id` int(11) NOT NULL AUTO_INCREMENT,
  `name` varchar(255) COLLATE utf8_unicode_ci NOT NULL,
  `handle` varchar(255) COLLATE utf8_unicode_ci NOT NULL,
  `fieldLayoutId` int(10) DEFAULT NULL,
  `dateCreated` datetime NOT NULL,
  `dateUpdated` datetime NOT NULL,
  `uid` char(36) COLLATE utf8_unicode_ci NOT NULL DEFAULT '0',
  PRIMARY KEY (`id`),
  UNIQUE KEY `craft_taggroups_name_unq_idx` (`name`),
  UNIQUE KEY `craft_taggroups_handle_unq_idx` (`handle`),
  KEY `craft_taggroups_fieldLayoutId_fk` (`fieldLayoutId`)
) ENGINE=InnoDB AUTO_INCREMENT=2 DEFAULT CHARSET=utf8 COLLATE=utf8_unicode_ci;

--
-- Data for table `craft_taggroups`
--

INSERT INTO `craft_taggroups` (`id`, `name`, `handle`, `fieldLayoutId`, `dateCreated`, `dateUpdated`, `uid`) VALUES
 ('1', 'Default', 'default', '1', '2016-06-03 04:51:56', '2016-06-03 04:51:56', 'f9bb2ff6-4e71-4354-b1a0-e9631346cd55');



DROP TABLE IF EXISTS `craft_tags`;


--
-- Schema for table `craft_tags`
--
CREATE TABLE `craft_tags` (
  `id` int(11) NOT NULL,
  `groupId` int(11) NOT NULL,
  `dateCreated` datetime NOT NULL,
  `dateUpdated` datetime NOT NULL,
  `uid` char(36) COLLATE utf8_unicode_ci NOT NULL DEFAULT '0',
  PRIMARY KEY (`id`),
  KEY `craft_tags_groupId_fk` (`groupId`)
) ENGINE=InnoDB DEFAULT CHARSET=utf8 COLLATE=utf8_unicode_ci;

DROP TABLE IF EXISTS `craft_tasks`;


--
-- Schema for table `craft_tasks`
--
CREATE TABLE `craft_tasks` (
  `id` int(11) NOT NULL AUTO_INCREMENT,
  `root` int(11) unsigned DEFAULT NULL,
  `lft` int(11) unsigned NOT NULL,
  `rgt` int(11) unsigned NOT NULL,
  `level` smallint(6) unsigned NOT NULL,
  `currentStep` int(11) unsigned DEFAULT NULL,
  `totalSteps` int(11) unsigned DEFAULT NULL,
  `status` enum('pending','error','running') COLLATE utf8_unicode_ci DEFAULT NULL,
  `type` varchar(150) COLLATE utf8_unicode_ci NOT NULL,
  `description` varchar(255) COLLATE utf8_unicode_ci DEFAULT NULL,
  `settings` mediumtext COLLATE utf8_unicode_ci,
  `dateCreated` datetime NOT NULL,
  `dateUpdated` datetime NOT NULL,
  `uid` char(36) COLLATE utf8_unicode_ci NOT NULL DEFAULT '0',
  PRIMARY KEY (`id`),
  KEY `craft_tasks_root_idx` (`root`),
  KEY `craft_tasks_lft_idx` (`lft`),
  KEY `craft_tasks_rgt_idx` (`rgt`),
  KEY `craft_tasks_level_idx` (`level`)
) ENGINE=InnoDB AUTO_INCREMENT=157 DEFAULT CHARSET=utf8 COLLATE=utf8_unicode_ci;

DROP TABLE IF EXISTS `craft_templatecachecriteria`;


--
-- Schema for table `craft_templatecachecriteria`
--
CREATE TABLE `craft_templatecachecriteria` (
  `id` int(11) NOT NULL AUTO_INCREMENT,
  `cacheId` int(11) NOT NULL,
  `type` varchar(150) COLLATE utf8_unicode_ci NOT NULL,
  `criteria` text COLLATE utf8_unicode_ci NOT NULL,
  PRIMARY KEY (`id`),
  KEY `craft_templatecachecriteria_cacheId_fk` (`cacheId`),
  KEY `craft_templatecachecriteria_type_idx` (`type`)
) ENGINE=InnoDB DEFAULT CHARSET=utf8 COLLATE=utf8_unicode_ci;

DROP TABLE IF EXISTS `craft_templatecacheelements`;


--
-- Schema for table `craft_templatecacheelements`
--
CREATE TABLE `craft_templatecacheelements` (
  `cacheId` int(11) NOT NULL,
  `elementId` int(11) NOT NULL,
  KEY `craft_templatecacheelements_cacheId_fk` (`cacheId`),
  KEY `craft_templatecacheelements_elementId_fk` (`elementId`)
) ENGINE=InnoDB DEFAULT CHARSET=utf8 COLLATE=utf8_unicode_ci;

DROP TABLE IF EXISTS `craft_templatecaches`;


--
-- Schema for table `craft_templatecaches`
--
CREATE TABLE `craft_templatecaches` (
  `id` int(11) NOT NULL AUTO_INCREMENT,
  `cacheKey` varchar(255) COLLATE utf8_unicode_ci NOT NULL,
  `locale` char(12) COLLATE utf8_unicode_ci NOT NULL,
  `path` varchar(255) COLLATE utf8_unicode_ci DEFAULT NULL,
  `expiryDate` datetime NOT NULL,
  `body` mediumtext COLLATE utf8_unicode_ci NOT NULL,
  PRIMARY KEY (`id`),
  KEY `craft_templatecaches_expiryDate_cacheKey_locale_path_idx` (`expiryDate`,`cacheKey`,`locale`,`path`),
  KEY `craft_templatecaches_locale_fk` (`locale`)
) ENGINE=InnoDB DEFAULT CHARSET=utf8 COLLATE=utf8_unicode_ci;

DROP TABLE IF EXISTS `craft_tokens`;


--
-- Schema for table `craft_tokens`
--
CREATE TABLE `craft_tokens` (
  `id` int(11) NOT NULL AUTO_INCREMENT,
  `token` char(32) COLLATE utf8_unicode_ci NOT NULL,
  `route` text COLLATE utf8_unicode_ci,
  `usageLimit` tinyint(3) unsigned DEFAULT NULL,
  `usageCount` tinyint(3) unsigned DEFAULT NULL,
  `expiryDate` datetime NOT NULL,
  `dateCreated` datetime NOT NULL,
  `dateUpdated` datetime NOT NULL,
  `uid` char(36) COLLATE utf8_unicode_ci NOT NULL DEFAULT '0',
  PRIMARY KEY (`id`),
  UNIQUE KEY `craft_tokens_token_unq_idx` (`token`),
  KEY `craft_tokens_expiryDate_idx` (`expiryDate`)
) ENGINE=InnoDB DEFAULT CHARSET=utf8 COLLATE=utf8_unicode_ci;

DROP TABLE IF EXISTS `craft_usergroups`;


--
-- Schema for table `craft_usergroups`
--
CREATE TABLE `craft_usergroups` (
  `id` int(11) NOT NULL AUTO_INCREMENT,
  `name` varchar(255) COLLATE utf8_unicode_ci NOT NULL,
  `handle` varchar(255) COLLATE utf8_unicode_ci NOT NULL,
  `dateCreated` datetime NOT NULL,
  `dateUpdated` datetime NOT NULL,
  `uid` char(36) COLLATE utf8_unicode_ci NOT NULL DEFAULT '0',
  PRIMARY KEY (`id`)
) ENGINE=InnoDB DEFAULT CHARSET=utf8 COLLATE=utf8_unicode_ci;

DROP TABLE IF EXISTS `craft_usergroups_users`;


--
-- Schema for table `craft_usergroups_users`
--
CREATE TABLE `craft_usergroups_users` (
  `id` int(11) NOT NULL AUTO_INCREMENT,
  `groupId` int(11) NOT NULL,
  `userId` int(11) NOT NULL,
  `dateCreated` datetime NOT NULL,
  `dateUpdated` datetime NOT NULL,
  `uid` char(36) COLLATE utf8_unicode_ci NOT NULL DEFAULT '0',
  PRIMARY KEY (`id`),
  UNIQUE KEY `craft_usergroups_users_groupId_userId_unq_idx` (`groupId`,`userId`),
  KEY `craft_usergroups_users_userId_fk` (`userId`)
) ENGINE=InnoDB DEFAULT CHARSET=utf8 COLLATE=utf8_unicode_ci;

DROP TABLE IF EXISTS `craft_userpermissions`;


--
-- Schema for table `craft_userpermissions`
--
CREATE TABLE `craft_userpermissions` (
  `id` int(11) NOT NULL AUTO_INCREMENT,
  `name` varchar(255) COLLATE utf8_unicode_ci NOT NULL,
  `dateCreated` datetime NOT NULL,
  `dateUpdated` datetime NOT NULL,
  `uid` char(36) COLLATE utf8_unicode_ci NOT NULL DEFAULT '0',
  PRIMARY KEY (`id`),
  UNIQUE KEY `craft_userpermissions_name_unq_idx` (`name`)
) ENGINE=InnoDB DEFAULT CHARSET=utf8 COLLATE=utf8_unicode_ci;

DROP TABLE IF EXISTS `craft_userpermissions_usergroups`;


--
-- Schema for table `craft_userpermissions_usergroups`
--
CREATE TABLE `craft_userpermissions_usergroups` (
  `id` int(11) NOT NULL AUTO_INCREMENT,
  `permissionId` int(11) NOT NULL,
  `groupId` int(11) NOT NULL,
  `dateCreated` datetime NOT NULL,
  `dateUpdated` datetime NOT NULL,
  `uid` char(36) COLLATE utf8_unicode_ci NOT NULL DEFAULT '0',
  PRIMARY KEY (`id`),
  UNIQUE KEY `craft_userpermissions_usergroups_permissionId_groupId_unq_idx` (`permissionId`,`groupId`),
  KEY `craft_userpermissions_usergroups_groupId_fk` (`groupId`)
) ENGINE=InnoDB DEFAULT CHARSET=utf8 COLLATE=utf8_unicode_ci;

DROP TABLE IF EXISTS `craft_userpermissions_users`;


--
-- Schema for table `craft_userpermissions_users`
--
CREATE TABLE `craft_userpermissions_users` (
  `id` int(11) NOT NULL AUTO_INCREMENT,
  `permissionId` int(11) NOT NULL,
  `userId` int(11) NOT NULL,
  `dateCreated` datetime NOT NULL,
  `dateUpdated` datetime NOT NULL,
  `uid` char(36) COLLATE utf8_unicode_ci NOT NULL DEFAULT '0',
  PRIMARY KEY (`id`),
  UNIQUE KEY `craft_userpermissions_users_permissionId_userId_unq_idx` (`permissionId`,`userId`),
  KEY `craft_userpermissions_users_userId_fk` (`userId`)
) ENGINE=InnoDB DEFAULT CHARSET=utf8 COLLATE=utf8_unicode_ci;

DROP TABLE IF EXISTS `craft_users`;


--
-- Schema for table `craft_users`
--
CREATE TABLE `craft_users` (
  `id` int(11) NOT NULL,
  `username` varchar(100) COLLATE utf8_unicode_ci NOT NULL,
  `photo` varchar(100) COLLATE utf8_unicode_ci DEFAULT NULL,
  `firstName` varchar(100) COLLATE utf8_unicode_ci DEFAULT NULL,
  `lastName` varchar(100) COLLATE utf8_unicode_ci DEFAULT NULL,
  `email` varchar(255) COLLATE utf8_unicode_ci NOT NULL,
  `password` char(255) COLLATE utf8_unicode_ci DEFAULT NULL,
  `preferredLocale` char(12) COLLATE utf8_unicode_ci DEFAULT NULL,
  `weekStartDay` tinyint(1) unsigned NOT NULL DEFAULT '0',
  `admin` tinyint(1) unsigned NOT NULL DEFAULT '0',
  `client` tinyint(1) unsigned NOT NULL DEFAULT '0',
  `locked` tinyint(1) unsigned NOT NULL DEFAULT '0',
  `suspended` tinyint(1) unsigned NOT NULL DEFAULT '0',
  `pending` tinyint(1) unsigned NOT NULL DEFAULT '0',
  `archived` tinyint(1) unsigned NOT NULL DEFAULT '0',
  `lastLoginDate` datetime DEFAULT NULL,
  `lastLoginAttemptIPAddress` varchar(45) COLLATE utf8_unicode_ci DEFAULT NULL,
  `invalidLoginWindowStart` datetime DEFAULT NULL,
  `invalidLoginCount` tinyint(4) unsigned DEFAULT NULL,
  `lastInvalidLoginDate` datetime DEFAULT NULL,
  `lockoutDate` datetime DEFAULT NULL,
  `verificationCode` char(100) COLLATE utf8_unicode_ci DEFAULT NULL,
  `verificationCodeIssuedDate` datetime DEFAULT NULL,
  `unverifiedEmail` varchar(255) COLLATE utf8_unicode_ci DEFAULT NULL,
  `passwordResetRequired` tinyint(1) unsigned NOT NULL DEFAULT '0',
  `lastPasswordChangeDate` datetime DEFAULT NULL,
  `dateCreated` datetime NOT NULL,
  `dateUpdated` datetime NOT NULL,
  `uid` char(36) COLLATE utf8_unicode_ci NOT NULL DEFAULT '0',
  PRIMARY KEY (`id`),
  UNIQUE KEY `craft_users_username_unq_idx` (`username`),
  UNIQUE KEY `craft_users_email_unq_idx` (`email`),
  KEY `craft_users_verificationCode_idx` (`verificationCode`),
  KEY `craft_users_uid_idx` (`uid`),
  KEY `craft_users_preferredLocale_fk` (`preferredLocale`)
) ENGINE=InnoDB DEFAULT CHARSET=utf8 COLLATE=utf8_unicode_ci;

--
-- Data for table `craft_users`
--

INSERT INTO `craft_users` (`id`, `username`, `photo`, `firstName`, `lastName`, `email`, `password`, `preferredLocale`, `weekStartDay`, `admin`, `client`, `locked`, `suspended`, `pending`, `archived`, `lastLoginDate`, `lastLoginAttemptIPAddress`, `invalidLoginWindowStart`, `invalidLoginCount`, `lastInvalidLoginDate`, `lockoutDate`, `verificationCode`, `verificationCodeIssuedDate`, `unverifiedEmail`, `passwordResetRequired`, `lastPasswordChangeDate`, `dateCreated`, `dateUpdated`, `uid`) VALUES
 ('1', 'brittania', NULL, NULL, NULL, 'javik@live.com', '$2y$13$0rd9gA.VBXvg2aJpUCrJOu0QqKN/uMxCjcCO7S6hFU6jvG1STD3gO', NULL, '0', '1', '0', '0', '0', '0', '0', '2016-06-08 13:12:03', '::1', NULL, NULL, NULL, NULL, NULL, NULL, NULL, '0', '2016-06-03 04:51:54', '2016-06-03 04:51:54', '2016-06-08 13:12:03', '80c3642b-e0cb-4c75-a529-c3683d3918ca');



DROP TABLE IF EXISTS `craft_widgets`;


--
-- Schema for table `craft_widgets`
--
CREATE TABLE `craft_widgets` (
  `id` int(11) NOT NULL AUTO_INCREMENT,
  `userId` int(11) NOT NULL,
  `type` varchar(150) COLLATE utf8_unicode_ci NOT NULL,
  `sortOrder` smallint(6) unsigned DEFAULT NULL,
  `colspan` tinyint(4) unsigned DEFAULT NULL,
  `settings` text COLLATE utf8_unicode_ci,
  `enabled` tinyint(1) unsigned NOT NULL DEFAULT '1',
  `dateCreated` datetime NOT NULL,
  `dateUpdated` datetime NOT NULL,
  `uid` char(36) COLLATE utf8_unicode_ci NOT NULL DEFAULT '0',
  PRIMARY KEY (`id`),
  KEY `craft_widgets_userId_fk` (`userId`)
) ENGINE=InnoDB AUTO_INCREMENT=5 DEFAULT CHARSET=utf8 COLLATE=utf8_unicode_ci;

--
-- Data for table `craft_widgets`
--

INSERT INTO `craft_widgets` (`id`, `userId`, `type`, `sortOrder`, `colspan`, `settings`, `enabled`, `dateCreated`, `dateUpdated`, `uid`) VALUES
 ('1', '1', 'RecentEntries', '1', NULL, NULL, '0', '2016-06-03 04:51:59', '2016-06-03 04:52:36', 'ddefbccb-06b6-4a88-a9b5-ffeb358f8003'),
 ('2', '1', 'GetHelp', '2', NULL, NULL, '1', '2016-06-03 04:51:59', '2016-06-03 04:51:59', 'cc45b295-de04-40f1-ba4f-d07eaa2f64dc'),
 ('3', '1', 'Updates', '3', NULL, NULL, '1', '2016-06-03 04:51:59', '2016-06-03 04:51:59', '87a40a65-d1b1-40b5-a6b6-32d3ae8807b8'),
 ('4', '1', 'Feed', '4', NULL, '{\"url\":\"https:\\/\\/craftcms.com\\/news.rss\",\"title\":\"Craft News\"}', '1', '2016-06-03 04:51:59', '2016-06-03 04:51:59', 'f275f940-001f-44a4-aee7-5c199004cf45');


--
-- Constraints for tables
--


--
-- Constraints for table `craft_assetfiles`
--
ALTER TABLE `craft_assetfiles`
	ADD CONSTRAINT `craft_assetfiles_folderId_fk` FOREIGN KEY (`folderId`) REFERENCES `craft_assetfolders` (`id`) ON DELETE CASCADE,
	ADD CONSTRAINT `craft_assetfiles_id_fk` FOREIGN KEY (`id`) REFERENCES `craft_elements` (`id`) ON DELETE CASCADE,
	ADD CONSTRAINT `craft_assetfiles_sourceId_fk` FOREIGN KEY (`sourceId`) REFERENCES `craft_assetsources` (`id`) ON DELETE CASCADE;

--
-- Constraints for table `craft_assetfolders`
--
ALTER TABLE `craft_assetfolders`
	ADD CONSTRAINT `craft_assetfolders_sourceId_fk` FOREIGN KEY (`sourceId`) REFERENCES `craft_assetsources` (`id`) ON DELETE CASCADE,
	ADD CONSTRAINT `craft_assetfolders_parentId_fk` FOREIGN KEY (`parentId`) REFERENCES `craft_assetfolders` (`id`) ON DELETE CASCADE;

--
-- Constraints for table `craft_assetindexdata`
--
ALTER TABLE `craft_assetindexdata`
	ADD CONSTRAINT `craft_assetindexdata_sourceId_fk` FOREIGN KEY (`sourceId`) REFERENCES `craft_assetsources` (`id`) ON DELETE CASCADE;

--
-- Constraints for table `craft_assetsources`
--
ALTER TABLE `craft_assetsources`
	ADD CONSTRAINT `craft_assetsources_fieldLayoutId_fk` FOREIGN KEY (`fieldLayoutId`) REFERENCES `craft_fieldlayouts` (`id`) ON DELETE SET NULL;

--
-- Constraints for table `craft_categories`
--
ALTER TABLE `craft_categories`
	ADD CONSTRAINT `craft_categories_groupId_fk` FOREIGN KEY (`groupId`) REFERENCES `craft_categorygroups` (`id`) ON DELETE CASCADE,
	ADD CONSTRAINT `craft_categories_id_fk` FOREIGN KEY (`id`) REFERENCES `craft_elements` (`id`) ON DELETE CASCADE;

--
-- Constraints for table `craft_categorygroups`
--
ALTER TABLE `craft_categorygroups`
	ADD CONSTRAINT `craft_categorygroups_fieldLayoutId_fk` FOREIGN KEY (`fieldLayoutId`) REFERENCES `craft_fieldlayouts` (`id`) ON DELETE SET NULL,
	ADD CONSTRAINT `craft_categorygroups_structureId_fk` FOREIGN KEY (`structureId`) REFERENCES `craft_structures` (`id`) ON DELETE CASCADE;

--
-- Constraints for table `craft_categorygroups_i18n`
--
ALTER TABLE `craft_categorygroups_i18n`
	ADD CONSTRAINT `craft_categorygroups_i18n_locale_fk` FOREIGN KEY (`locale`) REFERENCES `craft_locales` (`locale`) ON DELETE CASCADE ON UPDATE CASCADE,
	ADD CONSTRAINT `craft_categorygroups_i18n_groupId_fk` FOREIGN KEY (`groupId`) REFERENCES `craft_categorygroups` (`id`) ON DELETE CASCADE;

--
-- Constraints for table `craft_content`
--
ALTER TABLE `craft_content`
	ADD CONSTRAINT `craft_content_elementId_fk` FOREIGN KEY (`elementId`) REFERENCES `craft_elements` (`id`) ON DELETE CASCADE,
	ADD CONSTRAINT `craft_content_locale_fk` FOREIGN KEY (`locale`) REFERENCES `craft_locales` (`locale`) ON DELETE CASCADE ON UPDATE CASCADE;

--
-- Constraints for table `craft_elements_i18n`
--
ALTER TABLE `craft_elements_i18n`
	ADD CONSTRAINT `craft_elements_i18n_locale_fk` FOREIGN KEY (`locale`) REFERENCES `craft_locales` (`locale`) ON DELETE CASCADE ON UPDATE CASCADE,
	ADD CONSTRAINT `craft_elements_i18n_elementId_fk` FOREIGN KEY (`elementId`) REFERENCES `craft_elements` (`id`) ON DELETE CASCADE;

--
-- Constraints for table `craft_emailmessages`
--
ALTER TABLE `craft_emailmessages`
	ADD CONSTRAINT `craft_emailmessages_locale_fk` FOREIGN KEY (`locale`) REFERENCES `craft_locales` (`locale`) ON DELETE CASCADE ON UPDATE CASCADE;

--
-- Constraints for table `craft_entries`
--
ALTER TABLE `craft_entries`
	ADD CONSTRAINT `craft_entries_authorId_fk` FOREIGN KEY (`authorId`) REFERENCES `craft_users` (`id`) ON DELETE CASCADE,
	ADD CONSTRAINT `craft_entries_id_fk` FOREIGN KEY (`id`) REFERENCES `craft_elements` (`id`) ON DELETE CASCADE,
	ADD CONSTRAINT `craft_entries_sectionId_fk` FOREIGN KEY (`sectionId`) REFERENCES `craft_sections` (`id`) ON DELETE CASCADE,
	ADD CONSTRAINT `craft_entries_typeId_fk` FOREIGN KEY (`typeId`) REFERENCES `craft_entrytypes` (`id`) ON DELETE CASCADE;

--
-- Constraints for table `craft_entrydrafts`
--
ALTER TABLE `craft_entrydrafts`
	ADD CONSTRAINT `craft_entrydrafts_locale_fk` FOREIGN KEY (`locale`) REFERENCES `craft_locales` (`locale`) ON DELETE CASCADE ON UPDATE CASCADE,
	ADD CONSTRAINT `craft_entrydrafts_creatorId_fk` FOREIGN KEY (`creatorId`) REFERENCES `craft_users` (`id`) ON DELETE CASCADE,
	ADD CONSTRAINT `craft_entrydrafts_entryId_fk` FOREIGN KEY (`entryId`) REFERENCES `craft_entries` (`id`) ON DELETE CASCADE,
	ADD CONSTRAINT `craft_entrydrafts_sectionId_fk` FOREIGN KEY (`sectionId`) REFERENCES `craft_sections` (`id`) ON DELETE CASCADE;

--
-- Constraints for table `craft_entrytypes`
--
ALTER TABLE `craft_entrytypes`
	ADD CONSTRAINT `craft_entrytypes_fieldLayoutId_fk` FOREIGN KEY (`fieldLayoutId`) REFERENCES `craft_fieldlayouts` (`id`) ON DELETE SET NULL,
	ADD CONSTRAINT `craft_entrytypes_sectionId_fk` FOREIGN KEY (`sectionId`) REFERENCES `craft_sections` (`id`) ON DELETE CASCADE;

--
-- Constraints for table `craft_entryversions`
--
ALTER TABLE `craft_entryversions`
	ADD CONSTRAINT `craft_entryversions_locale_fk` FOREIGN KEY (`locale`) REFERENCES `craft_locales` (`locale`) ON DELETE CASCADE ON UPDATE CASCADE,
	ADD CONSTRAINT `craft_entryversions_creatorId_fk` FOREIGN KEY (`creatorId`) REFERENCES `craft_users` (`id`) ON DELETE SET NULL,
	ADD CONSTRAINT `craft_entryversions_entryId_fk` FOREIGN KEY (`entryId`) REFERENCES `craft_entries` (`id`) ON DELETE CASCADE,
	ADD CONSTRAINT `craft_entryversions_sectionId_fk` FOREIGN KEY (`sectionId`) REFERENCES `craft_sections` (`id`) ON DELETE CASCADE;

--
-- Constraints for table `craft_fieldlayoutfields`
--
ALTER TABLE `craft_fieldlayoutfields`
	ADD CONSTRAINT `craft_fieldlayoutfields_fieldId_fk` FOREIGN KEY (`fieldId`) REFERENCES `craft_fields` (`id`) ON DELETE CASCADE,
	ADD CONSTRAINT `craft_fieldlayoutfields_layoutId_fk` FOREIGN KEY (`layoutId`) REFERENCES `craft_fieldlayouts` (`id`) ON DELETE CASCADE,
	ADD CONSTRAINT `craft_fieldlayoutfields_tabId_fk` FOREIGN KEY (`tabId`) REFERENCES `craft_fieldlayouttabs` (`id`) ON DELETE CASCADE;

--
-- Constraints for table `craft_fieldlayouttabs`
--
ALTER TABLE `craft_fieldlayouttabs`
	ADD CONSTRAINT `craft_fieldlayouttabs_layoutId_fk` FOREIGN KEY (`layoutId`) REFERENCES `craft_fieldlayouts` (`id`) ON DELETE CASCADE;

--
-- Constraints for table `craft_fields`
--
ALTER TABLE `craft_fields`
	ADD CONSTRAINT `craft_fields_groupId_fk` FOREIGN KEY (`groupId`) REFERENCES `craft_fieldgroups` (`id`) ON DELETE CASCADE;

--
-- Constraints for table `craft_globalsets`
--
ALTER TABLE `craft_globalsets`
	ADD CONSTRAINT `craft_globalsets_fieldLayoutId_fk` FOREIGN KEY (`fieldLayoutId`) REFERENCES `craft_fieldlayouts` (`id`) ON DELETE SET NULL,
	ADD CONSTRAINT `craft_globalsets_id_fk` FOREIGN KEY (`id`) REFERENCES `craft_elements` (`id`) ON DELETE CASCADE;

--
-- Constraints for table `craft_matrixblocks`
--
ALTER TABLE `craft_matrixblocks`
	ADD CONSTRAINT `craft_matrixblocks_typeId_fk` FOREIGN KEY (`typeId`) REFERENCES `craft_matrixblocktypes` (`id`) ON DELETE CASCADE,
	ADD CONSTRAINT `craft_matrixblocks_fieldId_fk` FOREIGN KEY (`fieldId`) REFERENCES `craft_fields` (`id`) ON DELETE CASCADE,
	ADD CONSTRAINT `craft_matrixblocks_id_fk` FOREIGN KEY (`id`) REFERENCES `craft_elements` (`id`) ON DELETE CASCADE,
	ADD CONSTRAINT `craft_matrixblocks_ownerId_fk` FOREIGN KEY (`ownerId`) REFERENCES `craft_elements` (`id`) ON DELETE CASCADE,
	ADD CONSTRAINT `craft_matrixblocks_ownerLocale_fk` FOREIGN KEY (`ownerLocale`) REFERENCES `craft_locales` (`locale`) ON DELETE CASCADE ON UPDATE CASCADE;

--
-- Constraints for table `craft_matrixblocktypes`
--
ALTER TABLE `craft_matrixblocktypes`
	ADD CONSTRAINT `craft_matrixblocktypes_fieldLayoutId_fk` FOREIGN KEY (`fieldLayoutId`) REFERENCES `craft_fieldlayouts` (`id`) ON DELETE SET NULL,
	ADD CONSTRAINT `craft_matrixblocktypes_fieldId_fk` FOREIGN KEY (`fieldId`) REFERENCES `craft_fields` (`id`) ON DELETE CASCADE;

--
-- Constraints for table `craft_matrixcontent_awards`
--
ALTER TABLE `craft_matrixcontent_awards`
	ADD CONSTRAINT `craft_matrixcontent_awards_elementId_fk` FOREIGN KEY (`elementId`) REFERENCES `craft_elements` (`id`) ON DELETE CASCADE,
	ADD CONSTRAINT `craft_matrixcontent_awards_locale_fk` FOREIGN KEY (`locale`) REFERENCES `craft_locales` (`locale`) ON DELETE CASCADE ON UPDATE CASCADE;

--
-- Constraints for table `craft_matrixcontent_profile`
--
ALTER TABLE `craft_matrixcontent_profile`
	ADD CONSTRAINT `craft_matrixcontent_profile_elementId_fk` FOREIGN KEY (`elementId`) REFERENCES `craft_elements` (`id`) ON DELETE CASCADE,
	ADD CONSTRAINT `craft_matrixcontent_profile_locale_fk` FOREIGN KEY (`locale`) REFERENCES `craft_locales` (`locale`) ON DELETE CASCADE ON UPDATE CASCADE;

--
-- Constraints for table `craft_matrixcontent_rowone`
--
ALTER TABLE `craft_matrixcontent_rowone`
	ADD CONSTRAINT `craft_matrixcontent_rowone_elementId_fk` FOREIGN KEY (`elementId`) REFERENCES `craft_elements` (`id`) ON DELETE CASCADE,
	ADD CONSTRAINT `craft_matrixcontent_rowone_locale_fk` FOREIGN KEY (`locale`) REFERENCES `craft_locales` (`locale`) ON DELETE CASCADE ON UPDATE CASCADE;

--
-- Constraints for table `craft_matrixcontent_rowthreecontent`
--
ALTER TABLE `craft_matrixcontent_rowthreecontent`
	ADD CONSTRAINT `craft_matrixcontent_rowthreecontent_elementId_fk` FOREIGN KEY (`elementId`) REFERENCES `craft_elements` (`id`) ON DELETE CASCADE,
	ADD CONSTRAINT `craft_matrixcontent_rowthreecontent_locale_fk` FOREIGN KEY (`locale`) REFERENCES `craft_locales` (`locale`) ON DELETE CASCADE ON UPDATE CASCADE;

--
-- Constraints for table `craft_matrixcontent_rowthreeimages`
--
ALTER TABLE `craft_matrixcontent_rowthreeimages`
	ADD CONSTRAINT `craft_matrixcontent_rowthreeimages_elementId_fk` FOREIGN KEY (`elementId`) REFERENCES `craft_elements` (`id`) ON DELETE CASCADE,
	ADD CONSTRAINT `craft_matrixcontent_rowthreeimages_locale_fk` FOREIGN KEY (`locale`) REFERENCES `craft_locales` (`locale`) ON DELETE CASCADE ON UPDATE CASCADE;

--
-- Constraints for table `craft_matrixcontent_rowtwo`
--
ALTER TABLE `craft_matrixcontent_rowtwo`
	ADD CONSTRAINT `craft_matrixcontent_rowtwo_elementId_fk` FOREIGN KEY (`elementId`) REFERENCES `craft_elements` (`id`) ON DELETE CASCADE,
	ADD CONSTRAINT `craft_matrixcontent_rowtwo_locale_fk` FOREIGN KEY (`locale`) REFERENCES `craft_locales` (`locale`) ON DELETE CASCADE ON UPDATE CASCADE;

--
-- Constraints for table `craft_migrations`
--
ALTER TABLE `craft_migrations`
	ADD CONSTRAINT `craft_migrations_pluginId_fk` FOREIGN KEY (`pluginId`) REFERENCES `craft_plugins` (`id`) ON DELETE CASCADE;

--
-- Constraints for table `craft_navee_navigations`
--
ALTER TABLE `craft_navee_navigations`
	ADD CONSTRAINT `craft_navee_navigations_creatorId_fk` FOREIGN KEY (`creatorId`) REFERENCES `craft_users` (`id`) ON DELETE SET NULL,
	ADD CONSTRAINT `craft_navee_navigations_fieldLayoutId_fk` FOREIGN KEY (`fieldLayoutId`) REFERENCES `craft_fieldlayouts` (`id`) ON DELETE SET NULL;

--
-- Constraints for table `craft_navee_nodes`
--
ALTER TABLE `craft_navee_nodes`
	ADD CONSTRAINT `craft_navee_nodes_navigationId_fk` FOREIGN KEY (`navigationId`) REFERENCES `craft_navee_navigations` (`id`) ON DELETE CASCADE,
	ADD CONSTRAINT `craft_navee_nodes_id_fk` FOREIGN KEY (`id`) REFERENCES `craft_elements` (`id`) ON DELETE CASCADE;

--
-- Constraints for table `craft_relations`
--
ALTER TABLE `craft_relations`
	ADD CONSTRAINT `craft_relations_targetId_fk` FOREIGN KEY (`targetId`) REFERENCES `craft_elements` (`id`) ON DELETE CASCADE,
	ADD CONSTRAINT `craft_relations_fieldId_fk` FOREIGN KEY (`fieldId`) REFERENCES `craft_fields` (`id`) ON DELETE CASCADE,
	ADD CONSTRAINT `craft_relations_sourceId_fk` FOREIGN KEY (`sourceId`) REFERENCES `craft_elements` (`id`) ON DELETE CASCADE,
	ADD CONSTRAINT `craft_relations_sourceLocale_fk` FOREIGN KEY (`sourceLocale`) REFERENCES `craft_locales` (`locale`) ON DELETE CASCADE ON UPDATE CASCADE;

--
-- Constraints for table `craft_retour_redirects`
--
ALTER TABLE `craft_retour_redirects`
	ADD CONSTRAINT `craft_retour_redirects_associatedElementId_fk` FOREIGN KEY (`associatedElementId`) REFERENCES `craft_elements` (`id`) ON DELETE CASCADE,
	ADD CONSTRAINT `craft_retour_redirects_locale_fk` FOREIGN KEY (`locale`) REFERENCES `craft_locales` (`locale`) ON DELETE CASCADE ON UPDATE CASCADE;

--
-- Constraints for table `craft_routes`
--
ALTER TABLE `craft_routes`
	ADD CONSTRAINT `craft_routes_locale_fk` FOREIGN KEY (`locale`) REFERENCES `craft_locales` (`locale`) ON DELETE CASCADE ON UPDATE CASCADE;

--
-- Constraints for table `craft_sections`
--
ALTER TABLE `craft_sections`
	ADD CONSTRAINT `craft_sections_structureId_fk` FOREIGN KEY (`structureId`) REFERENCES `craft_structures` (`id`) ON DELETE SET NULL;

--
-- Constraints for table `craft_sections_i18n`
--
ALTER TABLE `craft_sections_i18n`
	ADD CONSTRAINT `craft_sections_i18n_locale_fk` FOREIGN KEY (`locale`) REFERENCES `craft_locales` (`locale`) ON DELETE CASCADE ON UPDATE CASCADE,
	ADD CONSTRAINT `craft_sections_i18n_sectionId_fk` FOREIGN KEY (`sectionId`) REFERENCES `craft_sections` (`id`) ON DELETE CASCADE;

--
-- Constraints for table `craft_seomatic_meta`
--
ALTER TABLE `craft_seomatic_meta`
	ADD CONSTRAINT `craft_seomatic_meta_seoImageId_fk` FOREIGN KEY (`seoImageId`) REFERENCES `craft_assetfiles` (`id`) ON DELETE SET NULL,
	ADD CONSTRAINT `craft_seomatic_meta_id_fk` FOREIGN KEY (`id`) REFERENCES `craft_elements` (`id`) ON DELETE CASCADE;

--
-- Constraints for table `craft_seomatic_settings`
--
ALTER TABLE `craft_seomatic_settings`
	ADD CONSTRAINT `craft_seomatic_settings_genericCreatorImageId_fk` FOREIGN KEY (`genericCreatorImageId`) REFERENCES `craft_assetfiles` (`id`) ON DELETE SET NULL,
	ADD CONSTRAINT `craft_seomatic_settings_genericOwnerImageId_fk` FOREIGN KEY (`genericOwnerImageId`) REFERENCES `craft_assetfiles` (`id`) ON DELETE SET NULL,
	ADD CONSTRAINT `craft_seomatic_settings_siteSeoImageId_fk` FOREIGN KEY (`siteSeoImageId`) REFERENCES `craft_assetfiles` (`id`) ON DELETE SET NULL;

--
-- Constraints for table `craft_sessions`
--
ALTER TABLE `craft_sessions`
	ADD CONSTRAINT `craft_sessions_userId_fk` FOREIGN KEY (`userId`) REFERENCES `craft_users` (`id`) ON DELETE CASCADE;

--
-- Constraints for table `craft_shunnedmessages`
--
ALTER TABLE `craft_shunnedmessages`
	ADD CONSTRAINT `craft_shunnedmessages_userId_fk` FOREIGN KEY (`userId`) REFERENCES `craft_users` (`id`) ON DELETE CASCADE;

--
-- Constraints for table `craft_structureelements`
--
ALTER TABLE `craft_structureelements`
	ADD CONSTRAINT `craft_structureelements_elementId_fk` FOREIGN KEY (`elementId`) REFERENCES `craft_elements` (`id`) ON DELETE CASCADE,
	ADD CONSTRAINT `craft_structureelements_structureId_fk` FOREIGN KEY (`structureId`) REFERENCES `craft_structures` (`id`) ON DELETE CASCADE;

--
-- Constraints for table `craft_taggroups`
--
ALTER TABLE `craft_taggroups`
	ADD CONSTRAINT `craft_taggroups_fieldLayoutId_fk` FOREIGN KEY (`fieldLayoutId`) REFERENCES `craft_fieldlayouts` (`id`) ON DELETE SET NULL;

--
-- Constraints for table `craft_tags`
--
ALTER TABLE `craft_tags`
	ADD CONSTRAINT `craft_tags_groupId_fk` FOREIGN KEY (`groupId`) REFERENCES `craft_taggroups` (`id`) ON DELETE CASCADE,
	ADD CONSTRAINT `craft_tags_id_fk` FOREIGN KEY (`id`) REFERENCES `craft_elements` (`id`) ON DELETE CASCADE;

--
-- Constraints for table `craft_templatecachecriteria`
--
ALTER TABLE `craft_templatecachecriteria`
	ADD CONSTRAINT `craft_templatecachecriteria_cacheId_fk` FOREIGN KEY (`cacheId`) REFERENCES `craft_templatecaches` (`id`) ON DELETE CASCADE;

--
-- Constraints for table `craft_templatecacheelements`
--
ALTER TABLE `craft_templatecacheelements`
	ADD CONSTRAINT `craft_templatecacheelements_elementId_fk` FOREIGN KEY (`elementId`) REFERENCES `craft_elements` (`id`) ON DELETE CASCADE,
	ADD CONSTRAINT `craft_templatecacheelements_cacheId_fk` FOREIGN KEY (`cacheId`) REFERENCES `craft_templatecaches` (`id`) ON DELETE CASCADE;

--
-- Constraints for table `craft_templatecaches`
--
ALTER TABLE `craft_templatecaches`
	ADD CONSTRAINT `craft_templatecaches_locale_fk` FOREIGN KEY (`locale`) REFERENCES `craft_locales` (`locale`) ON DELETE CASCADE ON UPDATE CASCADE;

--
-- Constraints for table `craft_usergroups_users`
--
ALTER TABLE `craft_usergroups_users`
	ADD CONSTRAINT `craft_usergroups_users_userId_fk` FOREIGN KEY (`userId`) REFERENCES `craft_users` (`id`) ON DELETE CASCADE,
	ADD CONSTRAINT `craft_usergroups_users_groupId_fk` FOREIGN KEY (`groupId`) REFERENCES `craft_usergroups` (`id`) ON DELETE CASCADE;

--
-- Constraints for table `craft_userpermissions_usergroups`
--
ALTER TABLE `craft_userpermissions_usergroups`
	ADD CONSTRAINT `craft_userpermissions_usergroups_groupId_fk` FOREIGN KEY (`groupId`) REFERENCES `craft_usergroups` (`id`) ON DELETE CASCADE,
	ADD CONSTRAINT `craft_userpermissions_usergroups_permissionId_fk` FOREIGN KEY (`permissionId`) REFERENCES `craft_userpermissions` (`id`) ON DELETE CASCADE;

--
-- Constraints for table `craft_userpermissions_users`
--
ALTER TABLE `craft_userpermissions_users`
	ADD CONSTRAINT `craft_userpermissions_users_userId_fk` FOREIGN KEY (`userId`) REFERENCES `craft_users` (`id`) ON DELETE CASCADE,
	ADD CONSTRAINT `craft_userpermissions_users_permissionId_fk` FOREIGN KEY (`permissionId`) REFERENCES `craft_userpermissions` (`id`) ON DELETE CASCADE;

--
-- Constraints for table `craft_users`
--
ALTER TABLE `craft_users`
	ADD CONSTRAINT `craft_users_preferredLocale_fk` FOREIGN KEY (`preferredLocale`) REFERENCES `craft_locales` (`locale`) ON DELETE SET NULL ON UPDATE CASCADE,
	ADD CONSTRAINT `craft_users_id_fk` FOREIGN KEY (`id`) REFERENCES `craft_elements` (`id`) ON DELETE CASCADE;

--
-- Constraints for table `craft_widgets`
--
ALTER TABLE `craft_widgets`
	ADD CONSTRAINT `craft_widgets_userId_fk` FOREIGN KEY (`userId`) REFERENCES `craft_users` (`id`) ON DELETE CASCADE;

SET FOREIGN_KEY_CHECKS = 1;
